timestamp,actual_niv,predicted_niv,actual_direction,predicted_direction,buy_pressure_probability,direction_signal,confidence
2025-10-20 00:00:00+00:00,246.85,238.1271523410353,1,1,0.8962787553656149,BUY PRESSURE / SYSTEM SHORT,High
2025-10-20 00:30:00+00:00,428.94,440.70917749129256,1,1,0.9359975931946439,BUY PRESSURE / SYSTEM SHORT,High
2025-10-20 01:00:00+00:00,664.53,603.5300958609042,1,1,0.959312456701737,BUY PRESSURE / SYSTEM SHORT,High
2025-10-20 01:30:00+00:00,55.87,-46.839431801771305,1,0,0.420606281097941,SELL PRESSURE / SYSTEM LONG,Medium
2025-10-20 02:00:00+00:00,-486.47,-270.4343751283905,0,0,0.15181081690090087,SELL PRESSURE / SYSTEM LONG,High
2025-10-20 02:30:00+00:00,104.07,-96.11393808313592,1,0,0.3155116603087467,SELL PRESSURE / SYSTEM LONG,Medium
2025-10-20 03:00:00+00:00,-74.97,-277.25760654263485,0,0,0.10384281049759729,SELL PRESSURE / SYSTEM LONG,High
2025-10-20 03:30:00+00:00,-33.12,-240.28272066177783,0,0,0.10163306862869867,SELL PRESSURE / SYSTEM LONG,High
2025-10-20 04:00:00+00:00,-168.86,-3.2272699114143597,0,1,0.5978615043493157,BUY PRESSURE / SYSTEM SHORT,Medium
2025-10-20 04:30:00+00:00,917.43,388.58757745623734,1,1,0.8902259519004362,BUY PRESSURE / SYSTEM SHORT,High
2025-10-20 05:00:00+00:00,510.35,577.4719821077385,1,1,0.9656057828631193,BUY PRESSURE / SYSTEM SHORT,High
2025-10-20 05:30:00+00:00,43.63,50.69046948822682,1,1,0.5887626854498341,BUY PRESSURE / SYSTEM SHORT,Medium
2025-10-20 06:00:00+00:00,739.85,566.1687157816942,1,1,0.9471014697616091,BUY PRESSURE / SYSTEM SHORT,High
2025-10-20 06:30:00+00:00,155.07,-46.09657999805453,1,0,0.374014225255433,SELL PRESSURE / SYSTEM LONG,Medium
2025-10-20 07:00:00+00:00,-121.8,-7.160592204754455,0,1,0.5178278843558676,BUY PRESSURE / SYSTEM SHORT,Low
2025-10-20 07:30:00+00:00,-35.04,-81.42643338442595,0,0,0.3398302683558119,SELL PRESSURE / SYSTEM LONG,Medium
2025-10-20 08:00:00+00:00,396.18,270.6266942301651,1,1,0.8885071469852849,BUY PRESSURE / SYSTEM SHORT,High
2025-10-20 08:30:00+00:00,55.73,104.57883156509283,1,1,0.7095121615823403,BUY PRESSURE / SYSTEM SHORT,High
2025-10-20 09:00:00+00:00,-462.13,-98.42989239332861,0,0,0.29952093868936946,SELL PRESSURE / SYSTEM LONG,High
2025-10-20 09:30:00+00:00,-75.19,-403.9488970673062,0,0,0.07348880432620772,SELL PRESSURE / SYSTEM LONG,High
2025-10-20 10:00:00+00:00,-229.4,-310.76808500261444,0,0,0.10160660595228176,SELL PRESSURE / SYSTEM LONG,High
2025-10-20 10:30:00+00:00,-20.79,99.77812734212928,0,1,0.777105701634852,BUY PRESSURE / SYSTEM SHORT,High
2025-10-20 11:00:00+00:00,-18.41,-71.50771126360631,0,0,0.3408295890904101,SELL PRESSURE / SYSTEM LONG,Medium
2025-10-20 11:30:00+00:00,57.72,-75.71545025845013,1,1,0.5142189539946378,BUY PRESSURE / SYSTEM SHORT,Low
2025-10-20 12:00:00+00:00,234.48,-138.0364225292312,1,0,0.22042089673613685,SELL PRESSURE / SYSTEM LONG,High
2025-10-20 12:30:00+00:00,-29.2,-132.56933751262014,0,0,0.2957105531908506,SELL PRESSURE / SYSTEM LONG,High
2025-10-20 13:00:00+00:00,-99.93,-1.4935365574105335,0,1,0.5738712166851136,BUY PRESSURE / SYSTEM SHORT,Medium
2025-10-20 13:30:00+00:00,-314.02,-13.587834229383402,0,1,0.5519146179520352,BUY PRESSURE / SYSTEM SHORT,Medium
2025-10-20 14:00:00+00:00,-349.85,-255.75383901512666,0,0,0.06982998239364428,SELL PRESSURE / SYSTEM LONG,High
2025-10-20 14:30:00+00:00,-247.19,-186.38473669561424,0,0,0.18610181080094293,SELL PRESSURE / SYSTEM LONG,High
2025-10-20 15:00:00+00:00,425.21,217.89152341985664,1,1,0.8466730919419417,BUY PRESSURE / SYSTEM SHORT,High
2025-10-20 15:30:00+00:00,-110.35,-188.7340707032799,0,0,0.16960640422495246,SELL PRESSURE / SYSTEM LONG,High
2025-10-20 16:00:00+00:00,-130.8,159.6424183905625,0,1,0.8859593098487017,BUY PRESSURE / SYSTEM SHORT,High
2025-10-20 16:30:00+00:00,228.67,174.1944866779495,1,1,0.8624640547484225,BUY PRESSURE / SYSTEM SHORT,High
2025-10-20 17:00:00+00:00,275.06,49.89825479585513,1,1,0.6864628592658785,BUY PRESSURE / SYSTEM SHORT,Medium
2025-10-20 17:30:00+00:00,369.31,270.19700286457027,1,1,0.924357913470726,BUY PRESSURE / SYSTEM SHORT,High
2025-10-20 18:00:00+00:00,289.25,438.4178573229375,1,1,0.9519077216067838,BUY PRESSURE / SYSTEM SHORT,High
2025-10-20 18:30:00+00:00,130.07,325.4838378461901,1,1,0.8829218347433289,BUY PRESSURE / SYSTEM SHORT,High
2025-10-20 19:00:00+00:00,-271.0,-153.04507156940946,0,0,0.32255506577202964,SELL PRESSURE / SYSTEM LONG,Medium
2025-10-20 19:30:00+00:00,52.21,120.68718346154316,1,1,0.7479742737833043,BUY PRESSURE / SYSTEM SHORT,High
2025-10-20 20:00:00+00:00,280.51,127.35922363289232,1,1,0.7845417870426995,BUY PRESSURE / SYSTEM SHORT,High
2025-10-20 20:30:00+00:00,675.23,571.2411220293517,1,1,0.9367346762798116,BUY PRESSURE / SYSTEM SHORT,High
2025-10-20 21:00:00+00:00,686.87,600.8019305994698,1,1,0.9651049096169119,BUY PRESSURE / SYSTEM SHORT,High
2025-10-20 21:30:00+00:00,580.71,469.31255039830717,1,1,0.9661453533466994,BUY PRESSURE / SYSTEM SHORT,High
2025-10-20 22:00:00+00:00,595.93,706.00171567593,1,1,0.9723245695174587,BUY PRESSURE / SYSTEM SHORT,High
2025-10-20 22:30:00+00:00,652.58,377.1564221438782,1,1,0.9578702842531187,BUY PRESSURE / SYSTEM SHORT,High
2025-10-20 23:00:00+00:00,-28.8,333.48492469612216,0,1,0.9281258635386558,BUY PRESSURE / SYSTEM SHORT,High
2025-10-20 23:30:00+00:00,-134.81,167.99670707209265,0,1,0.8021076714940425,BUY PRESSURE / SYSTEM SHORT,High
2025-10-21 00:00:00+00:00,33.33,82.16821812924178,1,1,0.7153260747680058,BUY PRESSURE / SYSTEM SHORT,High
2025-10-21 00:30:00+00:00,201.72,245.63987397762415,1,1,0.8968512887115976,BUY PRESSURE / SYSTEM SHORT,High
2025-10-21 01:00:00+00:00,282.73,307.9990438389518,1,1,0.891611110574971,BUY PRESSURE / SYSTEM SHORT,High
2025-10-21 01:30:00+00:00,45.58,185.53280604976928,1,1,0.8431298415841901,BUY PRESSURE / SYSTEM SHORT,High
2025-10-21 02:00:00+00:00,74.17,159.7574098479971,1,1,0.8332299416035276,BUY PRESSURE / SYSTEM SHORT,High
2025-10-21 02:30:00+00:00,-401.51,-151.67727004119618,0,0,0.22915323618270556,SELL PRESSURE / SYSTEM LONG,High
2025-10-21 03:00:00+00:00,-200.09,-42.18576335609263,0,1,0.5540139195869176,BUY PRESSURE / SYSTEM SHORT,Medium
2025-10-21 03:30:00+00:00,-145.59,72.05002364202987,0,1,0.728433016831475,BUY PRESSURE / SYSTEM SHORT,High
2025-10-21 04:00:00+00:00,-154.7,-184.99012376773786,0,0,0.17305962756567284,SELL PRESSURE / SYSTEM LONG,High
2025-10-21 04:30:00+00:00,745.33,458.12657783572837,1,1,0.914489089788041,BUY PRESSURE / SYSTEM SHORT,High
2025-10-21 05:00:00+00:00,551.22,534.5221149392212,1,1,0.9540949886111298,BUY PRESSURE / SYSTEM SHORT,High
2025-10-21 05:30:00+00:00,426.09,517.847958689351,1,1,0.9638765096603501,BUY PRESSURE / SYSTEM SHORT,High
2025-10-21 06:00:00+00:00,283.18,312.46574597591353,1,1,0.9556713364900891,BUY PRESSURE / SYSTEM SHORT,High
2025-10-21 06:30:00+00:00,357.82,262.6882496213412,1,1,0.9007999318705484,BUY PRESSURE / SYSTEM SHORT,High
2025-10-21 07:00:00+00:00,26.37,43.562101815546,1,1,0.5442520710536715,BUY PRESSURE / SYSTEM SHORT,Low
2025-10-21 07:30:00+00:00,42.01,216.2548751609189,1,1,0.8644537150350109,BUY PRESSURE / SYSTEM SHORT,High
2025-10-21 08:00:00+00:00,-361.12,-135.52770922109642,0,0,0.24288844337880736,SELL PRESSURE / SYSTEM LONG,High
2025-10-21 08:30:00+00:00,-438.12,-370.3960735965495,0,0,0.15421545015461693,SELL PRESSURE / SYSTEM LONG,High
2025-10-21 09:00:00+00:00,-489.03,-265.4770431556934,0,0,0.17399848191492162,SELL PRESSURE / SYSTEM LONG,High
2025-10-21 09:30:00+00:00,-201.87,-52.78683293511254,0,1,0.5100317501570754,BUY PRESSURE / SYSTEM SHORT,Low
2025-10-21 10:00:00+00:00,76.03,-79.33371251777088,1,0,0.48924430498230814,SELL PRESSURE / SYSTEM LONG,Low
2025-10-21 10:30:00+00:00,-66.4,-44.95887258633038,0,1,0.5018241057296406,BUY PRESSURE / SYSTEM SHORT,Low
2025-10-21 11:00:00+00:00,-714.78,-350.92854933928754,0,0,0.05026386733608401,SELL PRESSURE / SYSTEM LONG,High
2025-10-21 11:30:00+00:00,-675.8,-541.8399048597216,0,0,0.01982548904276544,SELL PRESSURE / SYSTEM LONG,High
2025-10-21 12:00:00+00:00,-312.53,-476.40947057516746,0,0,0.04354059058576741,SELL PRESSURE / SYSTEM LONG,High
2025-10-21 12:30:00+00:00,-253.07,-317.74495614887627,0,0,0.08021147137953907,SELL PRESSURE / SYSTEM LONG,High
2025-10-21 13:00:00+00:00,-781.38,-613.7537024294157,0,0,0.026522019832830937,SELL PRESSURE / SYSTEM LONG,High
2025-10-21 13:30:00+00:00,-974.01,-845.1541336491381,0,0,0.018540442285996706,SELL PRESSURE / SYSTEM LONG,High
2025-10-21 14:00:00+00:00,-510.8,-434.5140508606481,0,0,0.017153611724969587,SELL PRESSURE / SYSTEM LONG,High
2025-10-21 14:30:00+00:00,-18.14,-281.8335675441558,0,0,0.11466150429395001,SELL PRESSURE / SYSTEM LONG,High
2025-10-21 15:00:00+00:00,112.28,45.86013778898444,1,1,0.6504050593294585,BUY PRESSURE / SYSTEM SHORT,Medium
2025-10-21 15:30:00+00:00,-763.15,-524.3456872136554,0,0,0.08799032394049189,SELL PRESSURE / SYSTEM LONG,High
2025-10-21 16:00:00+00:00,-489.89,-611.0797364042367,0,0,0.018311484752948512,SELL PRESSURE / SYSTEM LONG,High
2025-10-21 16:30:00+00:00,-371.03,-411.71152584154026,0,0,0.0594295216148932,SELL PRESSURE / SYSTEM LONG,High
2025-10-21 17:00:00+00:00,261.91,116.9146786589171,1,1,0.7721169955774657,BUY PRESSURE / SYSTEM SHORT,High
2025-10-21 17:30:00+00:00,287.28,248.92341477338377,1,1,0.9261332510056576,BUY PRESSURE / SYSTEM SHORT,High
2025-10-21 18:00:00+00:00,-559.88,-276.217109847358,0,0,0.17981619978319596,SELL PRESSURE / SYSTEM LONG,High
2025-10-21 18:30:00+00:00,-28.11,104.35831226507318,0,1,0.6863099185440692,BUY PRESSURE / SYSTEM SHORT,Medium
2025-10-21 19:00:00+00:00,-343.25,-125.62850323900429,0,0,0.3572299276842062,SELL PRESSURE / SYSTEM LONG,Medium
2025-10-21 19:30:00+00:00,375.47,334.0068443080347,1,1,0.8887483862803067,BUY PRESSURE / SYSTEM SHORT,High
2025-10-21 20:00:00+00:00,185.34,234.47937114153692,1,1,0.8964213810554591,BUY PRESSURE / SYSTEM SHORT,High
2025-10-21 20:30:00+00:00,337.41,382.926034542198,1,1,0.9480751484224414,BUY PRESSURE / SYSTEM SHORT,High
2025-10-21 21:00:00+00:00,404.01,336.9441946111992,1,1,0.9585488299982252,BUY PRESSURE / SYSTEM SHORT,High
2025-10-21 21:30:00+00:00,283.25,222.58551270655403,1,1,0.8560084186370722,BUY PRESSURE / SYSTEM SHORT,High
2025-10-21 22:00:00+00:00,-209.38,-301.31645351280883,0,0,0.1738244354018148,SELL PRESSURE / SYSTEM LONG,High
2025-10-21 22:30:00+00:00,203.57,307.9279204309087,1,1,0.8808369620551025,BUY PRESSURE / SYSTEM SHORT,High
2025-10-21 23:00:00+00:00,-101.09,166.6717356478475,0,1,0.8168527167030213,BUY PRESSURE / SYSTEM SHORT,High
2025-10-21 23:30:00+00:00,352.7,310.4886920561256,1,1,0.9127798217703963,BUY PRESSURE / SYSTEM SHORT,High
2025-10-22 00:00:00+00:00,382.79,396.73189425436016,1,1,0.9431835776229417,BUY PRESSURE / SYSTEM SHORT,High
2025-10-22 00:30:00+00:00,28.72,107.95055681691845,1,1,0.788836433682098,BUY PRESSURE / SYSTEM SHORT,High
2025-10-22 01:00:00+00:00,724.68,578.1327970331552,1,1,0.9500274376753685,BUY PRESSURE / SYSTEM SHORT,High
2025-10-22 01:30:00+00:00,-65.55,-95.27898336226565,0,0,0.31022866417135225,SELL PRESSURE / SYSTEM LONG,Medium
2025-10-22 02:00:00+00:00,13.17,164.45490887477357,1,1,0.8381250308189255,BUY PRESSURE / SYSTEM SHORT,High
2025-10-22 02:30:00+00:00,158.29,178.88368266588492,1,1,0.8627433896493295,BUY PRESSURE / SYSTEM SHORT,High
2025-10-22 03:00:00+00:00,-16.38,51.537351330836394,0,1,0.6810730039250947,BUY PRESSURE / SYSTEM SHORT,Medium
2025-10-22 03:30:00+00:00,-243.2,-216.0905760547561,0,0,0.2148956667081329,SELL PRESSURE / SYSTEM LONG,High
2025-10-22 04:00:00+00:00,99.05,158.7121829795919,1,1,0.871379163228456,BUY PRESSURE / SYSTEM SHORT,High
2025-10-22 04:30:00+00:00,207.95,-101.84081998878376,1,0,0.32415449088744885,SELL PRESSURE / SYSTEM LONG,Medium
2025-10-22 05:00:00+00:00,90.82,123.22625663783498,1,1,0.761858563000951,BUY PRESSURE / SYSTEM SHORT,High
2025-10-22 05:30:00+00:00,-251.97,-120.58927504939211,0,0,0.19352139514756334,SELL PRESSURE / SYSTEM LONG,High
2025-10-22 06:00:00+00:00,-281.04,-17.86012916503548,0,1,0.5492093368510943,BUY PRESSURE / SYSTEM SHORT,Low
2025-10-22 06:30:00+00:00,115.66,93.14305047744143,1,1,0.7884027788555515,BUY PRESSURE / SYSTEM SHORT,High
2025-10-22 07:00:00+00:00,353.93,276.7685127894527,1,1,0.9059299363419914,BUY PRESSURE / SYSTEM SHORT,High
2025-10-22 07:30:00+00:00,235.18,-12.629937214269862,1,0,0.4254676087591423,SELL PRESSURE / SYSTEM LONG,Medium
2025-10-22 08:00:00+00:00,-4.46,-50.730755173416135,0,0,0.41746600440223913,SELL PRESSURE / SYSTEM LONG,Medium
2025-10-22 08:30:00+00:00,5.33,126.95079981414192,1,1,0.8291814404916582,BUY PRESSURE / SYSTEM SHORT,High
2025-10-22 09:00:00+00:00,-263.49,-106.85693065194766,0,0,0.33504285896070685,SELL PRESSURE / SYSTEM LONG,Medium
2025-10-22 09:30:00+00:00,267.25,200.08272900381616,1,1,0.8707679255482599,BUY PRESSURE / SYSTEM SHORT,High
2025-10-22 10:00:00+00:00,-190.21,-154.52464686057328,0,0,0.20682407078955012,SELL PRESSURE / SYSTEM LONG,High
2025-10-22 10:30:00+00:00,182.98,-91.17332707001404,1,0,0.44301056969111613,SELL PRESSURE / SYSTEM LONG,Medium
2025-10-22 11:00:00+00:00,-171.97,-42.14038013540113,0,0,0.474786087334305,SELL PRESSURE / SYSTEM LONG,Low
2025-10-22 11:30:00+00:00,-307.72,-124.12514018060159,0,0,0.27815595703476675,SELL PRESSURE / SYSTEM LONG,High
2025-10-22 12:00:00+00:00,-373.71,-348.24729477038244,0,0,0.041399966786026476,SELL PRESSURE / SYSTEM LONG,High
2025-10-22 12:30:00+00:00,80.18,-44.56229031155358,1,0,0.4574364610416168,SELL PRESSURE / SYSTEM LONG,Low
2025-10-22 13:00:00+00:00,-620.44,-497.8875649216701,0,0,0.06276064651399127,SELL PRESSURE / SYSTEM LONG,High
2025-10-22 13:30:00+00:00,-687.44,-562.8000191934709,0,0,0.01876776949054817,SELL PRESSURE / SYSTEM LONG,High
2025-10-22 14:00:00+00:00,-584.0,-561.665347265175,0,0,0.01992903300205049,SELL PRESSURE / SYSTEM LONG,High
2025-10-22 14:30:00+00:00,-930.05,-850.7881875343556,0,0,0.01589530951663698,SELL PRESSURE / SYSTEM LONG,High
2025-10-22 15:00:00+00:00,-419.4,-286.82316774905905,0,0,0.12574600950326578,SELL PRESSURE / SYSTEM LONG,High
2025-10-22 15:30:00+00:00,-17.61,-255.34893995613558,0,0,0.13470112592852176,SELL PRESSURE / SYSTEM LONG,High
2025-10-22 16:00:00+00:00,-783.09,-589.8905739869272,0,0,0.07331065796078964,SELL PRESSURE / SYSTEM LONG,High
2025-10-22 16:30:00+00:00,-789.8,-624.6896281043751,0,0,0.03154243022145395,SELL PRESSURE / SYSTEM LONG,High
2025-10-22 17:00:00+00:00,-737.42,-770.9857969916416,0,0,0.021932904514867367,SELL PRESSURE / SYSTEM LONG,High
2025-10-22 17:30:00+00:00,-708.6,-483.3978286865936,0,0,0.0365460726060969,SELL PRESSURE / SYSTEM LONG,High
2025-10-22 18:00:00+00:00,-491.03,-198.63151406343042,0,0,0.19324321237816705,SELL PRESSURE / SYSTEM LONG,High
2025-10-22 18:30:00+00:00,-591.28,-294.9230158161345,0,0,0.12966893345722533,SELL PRESSURE / SYSTEM LONG,High
2025-10-22 19:00:00+00:00,181.51,-31.628442846796048,1,0,0.40959358085136716,SELL PRESSURE / SYSTEM LONG,Medium
2025-10-22 19:30:00+00:00,836.68,447.89816910323236,1,1,0.9325858459145782,BUY PRESSURE / SYSTEM SHORT,High
2025-10-22 20:00:00+00:00,724.82,717.3174004442344,1,1,0.9549574318254056,BUY PRESSURE / SYSTEM SHORT,High
2025-10-22 20:30:00+00:00,325.94,363.8702010231247,1,1,0.9591695540117459,BUY PRESSURE / SYSTEM SHORT,High
2025-10-22 21:00:00+00:00,-188.77,19.812294316385472,0,1,0.5790782492391336,BUY PRESSURE / SYSTEM SHORT,Medium
2025-10-22 21:30:00+00:00,-88.01,-114.72605600128504,0,0,0.32043905528753186,SELL PRESSURE / SYSTEM LONG,Medium
2025-10-22 22:00:00+00:00,504.96,392.5139537143416,1,1,0.8874715640559433,BUY PRESSURE / SYSTEM SHORT,High
2025-10-22 22:30:00+00:00,-250.36,-111.0988440303673,0,0,0.35993570244677486,SELL PRESSURE / SYSTEM LONG,Medium
2025-10-22 23:00:00+00:00,-620.42,-433.39198592197613,0,0,0.08918787654974379,SELL PRESSURE / SYSTEM LONG,High
2025-10-22 23:30:00+00:00,-565.64,-233.8329432074604,0,0,0.18924231917097573,SELL PRESSURE / SYSTEM LONG,High
2025-10-23 00:00:00+00:00,-476.86,-479.4376874993927,0,0,0.032291258213233226,SELL PRESSURE / SYSTEM LONG,High
2025-10-23 00:30:00+00:00,-287.13,-560.6159201332127,0,0,0.025836581998166807,SELL PRESSURE / SYSTEM LONG,High
2025-10-23 01:00:00+00:00,364.59,73.28463283388012,1,1,0.7771619838978495,BUY PRESSURE / SYSTEM SHORT,High
2025-10-23 01:30:00+00:00,139.96,22.102385104005702,1,1,0.6419367486275799,BUY PRESSURE / SYSTEM SHORT,Medium
2025-10-23 02:00:00+00:00,42.86,-70.38197629613666,1,0,0.29911126967347273,SELL PRESSURE / SYSTEM LONG,High
2025-10-23 02:30:00+00:00,-72.5,-52.65543323304857,0,0,0.3894471327789262,SELL PRESSURE / SYSTEM LONG,Medium
2025-10-23 03:00:00+00:00,-178.97,-208.15186364743576,0,0,0.13517930196749497,SELL PRESSURE / SYSTEM LONG,High
2025-10-23 03:30:00+00:00,-54.56,-236.07903691970773,0,0,0.18581057306006307,SELL PRESSURE / SYSTEM LONG,High
2025-10-23 04:00:00+00:00,-27.0,-79.14476083955336,0,0,0.4043235890591241,SELL PRESSURE / SYSTEM LONG,Medium
2025-10-23 04:30:00+00:00,390.67,376.4340521889193,1,1,0.9105195300019517,BUY PRESSURE / SYSTEM SHORT,High
2025-10-23 05:00:00+00:00,361.83,518.8284193230115,1,1,0.9539404546986602,BUY PRESSURE / SYSTEM SHORT,High
2025-10-23 05:30:00+00:00,212.86,208.02379074738994,1,1,0.8938953379726904,BUY PRESSURE / SYSTEM SHORT,High
2025-10-23 06:00:00+00:00,14.61,112.11049091411125,1,1,0.8442556527575953,BUY PRESSURE / SYSTEM SHORT,High
2025-10-23 06:30:00+00:00,144.31,65.18175691192879,1,1,0.7496586512661839,BUY PRESSURE / SYSTEM SHORT,High
2025-10-23 07:00:00+00:00,-104.46,-80.0028978484204,0,0,0.38888698701462987,SELL PRESSURE / SYSTEM LONG,Medium
2025-10-23 07:30:00+00:00,43.98,99.11743463460074,1,1,0.822145206124683,BUY PRESSURE / SYSTEM SHORT,High
2025-10-23 08:00:00+00:00,-89.12,-23.6890371863198,0,1,0.5342681920812934,BUY PRESSURE / SYSTEM SHORT,Low
2025-10-23 08:30:00+00:00,-230.63,-49.11292577837973,0,0,0.29855695496009993,SELL PRESSURE / SYSTEM LONG,High
2025-10-23 09:00:00+00:00,-304.52,-246.57486362646077,0,0,0.11394096395624605,SELL PRESSURE / SYSTEM LONG,High
2025-10-23 09:30:00+00:00,20.36,-94.02952099731607,1,0,0.27980206426639126,SELL PRESSURE / SYSTEM LONG,High
2025-10-23 10:00:00+00:00,38.99,31.93614436782111,1,1,0.7143680631524579,BUY PRESSURE / SYSTEM SHORT,High
2025-10-23 10:30:00+00:00,-600.22,-539.9026790087631,0,0,0.04892710877351427,SELL PRESSURE / SYSTEM LONG,High
2025-10-23 11:00:00+00:00,-457.08,-396.10601300822333,0,0,0.03891469743297424,SELL PRESSURE / SYSTEM LONG,High
2025-10-23 11:30:00+00:00,-422.08,-407.1214214006706,0,0,0.04221529503901079,SELL PRESSURE / SYSTEM LONG,High
2025-10-23 12:00:00+00:00,-103.37,-110.87587539592718,0,0,0.3148872727289265,SELL PRESSURE / SYSTEM LONG,Medium
2025-10-23 12:30:00+00:00,-175.96,171.777468091241,0,1,0.8017725595872294,BUY PRESSURE / SYSTEM SHORT,High
2025-10-23 13:00:00+00:00,301.91,-153.11253059750265,1,0,0.25052048740079946,SELL PRESSURE / SYSTEM LONG,High
2025-10-23 13:30:00+00:00,-156.41,175.12911635353714,0,1,0.8412693774103945,BUY PRESSURE / SYSTEM SHORT,High
2025-10-23 14:00:00+00:00,-46.14,-47.37886100510266,0,0,0.45330409372710073,SELL PRESSURE / SYSTEM LONG,Low
2025-10-23 14:30:00+00:00,-130.86,-43.08231482372447,0,0,0.4655790519658893,SELL PRESSURE / SYSTEM LONG,Low
2025-10-23 15:00:00+00:00,-464.38,-433.90402474149744,0,0,0.04308434095368191,SELL PRESSURE / SYSTEM LONG,High
2025-10-23 15:30:00+00:00,-791.64,-400.0481929210419,0,0,0.04758667020484324,SELL PRESSURE / SYSTEM LONG,High
2025-10-23 16:00:00+00:00,-466.0,-264.97368936651947,0,0,0.13613995804099494,SELL PRESSURE / SYSTEM LONG,High
2025-10-23 16:30:00+00:00,-580.82,-467.3743777429393,0,0,0.051009826866216954,SELL PRESSURE / SYSTEM LONG,High
2025-10-23 17:00:00+00:00,-1273.6,-785.5568029172925,0,0,0.036962344796755385,SELL PRESSURE / SYSTEM LONG,High
2025-10-23 17:30:00+00:00,-128.87,-213.19278353584312,0,0,0.1602183528896693,SELL PRESSURE / SYSTEM LONG,High
2025-10-23 18:00:00+00:00,255.2,212.32670422341212,1,1,0.8523827473200315,BUY PRESSURE / SYSTEM SHORT,High
2025-10-23 18:30:00+00:00,204.59,120.15312539720836,1,1,0.8026436146117077,BUY PRESSURE / SYSTEM SHORT,High
2025-10-23 19:00:00+00:00,729.3,642.21187045665,1,1,0.9544447524519265,BUY PRESSURE / SYSTEM SHORT,High
2025-10-23 19:30:00+00:00,779.17,564.2301935705327,1,1,0.9752944028933215,BUY PRESSURE / SYSTEM SHORT,High
2025-10-23 20:00:00+00:00,595.65,691.5575449756172,1,1,0.9685748719031239,BUY PRESSURE / SYSTEM SHORT,High
2025-10-23 20:30:00+00:00,227.32,295.6550840755341,1,1,0.9222466156974098,BUY PRESSURE / SYSTEM SHORT,High
2025-10-23 21:00:00+00:00,154.42,141.55409515168722,1,1,0.7576627616450505,BUY PRESSURE / SYSTEM SHORT,High
2025-10-23 21:30:00+00:00,659.52,497.62805659294844,1,1,0.9317585395046598,BUY PRESSURE / SYSTEM SHORT,High
2025-10-23 22:00:00+00:00,381.73,422.31809886749505,1,1,0.9743962657875954,BUY PRESSURE / SYSTEM SHORT,High
2025-10-23 22:30:00+00:00,750.11,376.5427579368884,1,1,0.9600015004052866,BUY PRESSURE / SYSTEM SHORT,High
2025-10-23 23:00:00+00:00,165.61,199.4902155421219,1,1,0.8474826080035485,BUY PRESSURE / SYSTEM SHORT,High
2025-10-23 23:30:00+00:00,142.76,55.11453940892513,1,1,0.7465112756660912,BUY PRESSURE / SYSTEM SHORT,High
2025-10-24 00:00:00+00:00,506.43,312.71253173473445,1,1,0.9118073394158824,BUY PRESSURE / SYSTEM SHORT,High
2025-10-24 00:30:00+00:00,351.77,248.6717587582474,1,1,0.9121778441937889,BUY PRESSURE / SYSTEM SHORT,High
2025-10-24 01:00:00+00:00,373.75,121.2754446084272,1,1,0.8074818062029523,BUY PRESSURE / SYSTEM SHORT,High
2025-10-24 01:30:00+00:00,363.3,333.5259816762118,1,1,0.9346568949923112,BUY PRESSURE / SYSTEM SHORT,High
2025-10-24 02:00:00+00:00,266.29,364.0930119910183,1,1,0.9498869040051012,BUY PRESSURE / SYSTEM SHORT,High
2025-10-24 02:30:00+00:00,253.79,298.63421430545685,1,1,0.9384974495571715,BUY PRESSURE / SYSTEM SHORT,High
2025-10-24 03:00:00+00:00,-163.71,25.373064011342297,0,0,0.4701124800142826,SELL PRESSURE / SYSTEM LONG,Low
2025-10-24 03:30:00+00:00,319.45,87.63769755244175,1,1,0.7057054386896132,BUY PRESSURE / SYSTEM SHORT,High
2025-10-24 04:00:00+00:00,404.17,366.64438765521277,1,1,0.9367631934648213,BUY PRESSURE / SYSTEM SHORT,High
2025-10-24 04:30:00+00:00,731.18,673.4834804700542,1,1,0.9590739420785904,BUY PRESSURE / SYSTEM SHORT,High
2025-10-24 05:00:00+00:00,295.48,332.07777465212916,1,1,0.942649366349728,BUY PRESSURE / SYSTEM SHORT,High
2025-10-24 05:30:00+00:00,374.8,317.729404759657,1,1,0.958015446476044,BUY PRESSURE / SYSTEM SHORT,High
2025-10-24 06:00:00+00:00,110.98,205.13289877053853,1,1,0.8654901748667614,BUY PRESSURE / SYSTEM SHORT,High
2025-10-24 06:30:00+00:00,150.72,74.45220231820906,1,1,0.6920590883142029,BUY PRESSURE / SYSTEM SHORT,Medium
2025-10-24 07:00:00+00:00,104.05,78.11021679948915,1,1,0.7438530052989216,BUY PRESSURE / SYSTEM SHORT,High
2025-10-24 07:30:00+00:00,-866.07,-448.94765098524323,0,0,0.07501734742391303,SELL PRESSURE / SYSTEM LONG,High
2025-10-24 08:00:00+00:00,-548.76,-374.6807020170566,0,0,0.12237400930263442,SELL PRESSURE / SYSTEM LONG,High
2025-10-24 08:30:00+00:00,-561.15,-298.58806415768066,0,0,0.1022109483508834,SELL PRESSURE / SYSTEM LONG,High
2025-10-24 09:00:00+00:00,27.35,-167.37320383384903,1,0,0.20166671416556325,SELL PRESSURE / SYSTEM LONG,High
2025-10-24 09:30:00+00:00,-326.81,-250.29489247689133,0,0,0.14531170100620344,SELL PRESSURE / SYSTEM LONG,High
2025-10-24 10:00:00+00:00,-360.64,-280.8644020232243,0,0,0.047124679686655215,SELL PRESSURE / SYSTEM LONG,High
2025-10-24 10:30:00+00:00,112.73,104.22108577581693,1,1,0.7885670560178302,BUY PRESSURE / SYSTEM SHORT,High
2025-10-24 11:00:00+00:00,-717.27,-505.1428371650426,0,0,0.06587440844142714,SELL PRESSURE / SYSTEM LONG,High
2025-10-24 11:30:00+00:00,-895.73,-607.1421862489578,0,0,0.059607554511437996,SELL PRESSURE / SYSTEM LONG,High
2025-10-24 12:00:00+00:00,-907.99,-763.9789815396894,0,0,0.018321702682242473,SELL PRESSURE / SYSTEM LONG,High
2025-10-24 12:30:00+00:00,-754.56,-765.9415954852386,0,0,0.010172327817036593,SELL PRESSURE / SYSTEM LONG,High
2025-10-24 13:00:00+00:00,-1022.26,-840.1180509108906,0,0,0.02599567434493188,SELL PRESSURE / SYSTEM LONG,High
2025-10-24 13:30:00+00:00,-1253.95,-922.0587985607576,0,0,0.015318155774423064,SELL PRESSURE / SYSTEM LONG,High
2025-10-24 14:00:00+00:00,-1297.71,-1094.6921520669991,0,0,0.008813867454088074,SELL PRESSURE / SYSTEM LONG,High
2025-10-24 14:30:00+00:00,-234.72,-430.2388616222204,0,0,0.12921108951331525,SELL PRESSURE / SYSTEM LONG,High
2025-10-24 15:00:00+00:00,-12.59,-181.63299732022813,0,0,0.19227300698968686,SELL PRESSURE / SYSTEM LONG,High
2025-10-24 15:30:00+00:00,2.98,22.883381724748943,1,1,0.6034989249402374,BUY PRESSURE / SYSTEM SHORT,Medium
2025-10-24 16:00:00+00:00,149.64,188.1916667660749,1,1,0.9037463569480424,BUY PRESSURE / SYSTEM SHORT,High
2025-10-24 16:30:00+00:00,457.74,119.82229052608974,1,1,0.8473598934387297,BUY PRESSURE / SYSTEM SHORT,High
2025-10-24 17:00:00+00:00,-264.72,-98.35037061447441,0,0,0.3141024961014296,SELL PRESSURE / SYSTEM LONG,Medium
2025-10-24 17:30:00+00:00,-472.42,-325.2369173690675,0,0,0.10205752333655703,SELL PRESSURE / SYSTEM LONG,High
2025-10-24 18:00:00+00:00,-248.46,-28.577067919792256,0,1,0.5596720439909523,BUY PRESSURE / SYSTEM SHORT,Medium
2025-10-24 18:30:00+00:00,-260.49,-104.89790610641738,0,0,0.36948794188101103,SELL PRESSURE / SYSTEM LONG,Medium
2025-10-24 19:00:00+00:00,388.56,120.01939171332164,1,1,0.7763915356679868,BUY PRESSURE / SYSTEM SHORT,High
2025-10-24 19:30:00+00:00,-121.55,237.12036863833706,0,1,0.8242153070597656,BUY PRESSURE / SYSTEM SHORT,High
2025-10-24 20:00:00+00:00,-238.76,-40.980902872231376,0,0,0.46944947966977485,SELL PRESSURE / SYSTEM LONG,Low
2025-10-24 20:30:00+00:00,20.31,-222.34184522085104,1,0,0.1580844527925592,SELL PRESSURE / SYSTEM LONG,High
2025-10-24 21:00:00+00:00,-29.22,-214.8973849521488,0,0,0.17101862748980948,SELL PRESSURE / SYSTEM LONG,High
2025-10-24 21:30:00+00:00,-136.04,-109.15619906574685,0,0,0.30560935146946916,SELL PRESSURE / SYSTEM LONG,Medium
2025-10-24 22:00:00+00:00,114.85,175.1916562932893,1,1,0.8490179051998215,BUY PRESSURE / SYSTEM SHORT,High
2025-10-24 22:30:00+00:00,-305.98,-310.42861614509104,0,0,0.15314511670511752,SELL PRESSURE / SYSTEM LONG,High
2025-10-24 23:00:00+00:00,-392.69,-79.6186673044441,0,0,0.31631715096167584,SELL PRESSURE / SYSTEM LONG,Medium
2025-10-24 23:30:00+00:00,-232.03,-227.4813735045354,0,0,0.14911993679644805,SELL PRESSURE / SYSTEM LONG,High
2025-10-25 00:00:00+00:00,56.17,19.12359730219817,1,1,0.5945719544387268,BUY PRESSURE / SYSTEM SHORT,Medium
2025-10-25 00:30:00+00:00,87.56,31.14370576852491,1,1,0.6394403216678836,BUY PRESSURE / SYSTEM SHORT,Medium
2025-10-25 01:00:00+00:00,433.78,24.826137362346536,1,1,0.6020313230980128,BUY PRESSURE / SYSTEM SHORT,Medium
2025-10-25 01:30:00+00:00,-489.75,-197.56894765336182,0,0,0.20901312013733692,SELL PRESSURE / SYSTEM LONG,High
2025-10-25 02:00:00+00:00,-1026.26,-721.0840465323761,0,0,0.038089552141995234,SELL PRESSURE / SYSTEM LONG,High
2025-10-25 02:30:00+00:00,-533.64,-716.5929507232594,0,0,0.02295291132543463,SELL PRESSURE / SYSTEM LONG,High
2025-10-25 03:00:00+00:00,-291.73,-408.05741784424964,0,0,0.027848317935926032,SELL PRESSURE / SYSTEM LONG,High
2025-10-25 03:30:00+00:00,-344.55,-573.6035417804466,0,0,0.023121967083920458,SELL PRESSURE / SYSTEM LONG,High
2025-10-25 04:00:00+00:00,-560.02,-468.17423108266144,0,0,0.049563300869085565,SELL PRESSURE / SYSTEM LONG,High
2025-10-25 04:30:00+00:00,-567.85,-667.6733420165085,0,0,0.016722106013574024,SELL PRESSURE / SYSTEM LONG,High
2025-10-25 05:00:00+00:00,-513.71,-569.5521054149679,0,0,0.036583927140717364,SELL PRESSURE / SYSTEM LONG,High
2025-10-25 05:30:00+00:00,150.1,87.63660670854374,1,1,0.7012175277659616,BUY PRESSURE / SYSTEM SHORT,High
2025-10-25 06:00:00+00:00,257.15,232.10458920159806,1,1,0.8692191493444416,BUY PRESSURE / SYSTEM SHORT,High
2025-10-25 06:30:00+00:00,80.21,119.90098443727791,1,1,0.7913768276906271,BUY PRESSURE / SYSTEM SHORT,High
2025-10-25 07:00:00+00:00,895.52,388.993174169689,1,1,0.9473709346458274,BUY PRESSURE / SYSTEM SHORT,High
2025-10-25 07:30:00+00:00,327.41,235.34516077681891,1,1,0.89309157973586,BUY PRESSURE / SYSTEM SHORT,High
2025-10-25 08:00:00+00:00,761.77,483.2447529242222,1,1,0.9455011402113493,BUY PRESSURE / SYSTEM SHORT,High
2025-10-25 08:30:00+00:00,-239.81,-146.25458973424827,0,0,0.30189036045104933,SELL PRESSURE / SYSTEM LONG,Medium
2025-10-25 09:00:00+00:00,214.38,121.04633622654762,1,1,0.7079193410160023,BUY PRESSURE / SYSTEM SHORT,High
2025-10-25 09:30:00+00:00,-6.44,-296.27010574442346,0,0,0.2138117766150993,SELL PRESSURE / SYSTEM LONG,High
2025-10-25 10:00:00+00:00,-668.18,-466.26406695511133,0,0,0.06521906441243425,SELL PRESSURE / SYSTEM LONG,High
2025-10-25 10:30:00+00:00,-485.56,-453.76495520425334,0,0,0.060935863151922696,SELL PRESSURE / SYSTEM LONG,High
2025-10-25 11:00:00+00:00,-592.65,-572.8552070792815,0,0,0.02170784870723156,SELL PRESSURE / SYSTEM LONG,High
2025-10-25 11:30:00+00:00,-318.74,-281.91297480299437,0,0,0.11314895938981889,SELL PRESSURE / SYSTEM LONG,High
2025-10-25 12:00:00+00:00,-409.03,-290.21066403294253,0,0,0.10535443309695454,SELL PRESSURE / SYSTEM LONG,High
2025-10-25 12:30:00+00:00,-386.13,-545.1358922854046,0,0,0.034744915680084344,SELL PRESSURE / SYSTEM LONG,High
2025-10-25 13:00:00+00:00,-732.54,-609.0801551267883,0,0,0.030245149832239197,SELL PRESSURE / SYSTEM LONG,High
2025-10-25 13:30:00+00:00,-809.27,-709.7915241503234,0,0,0.013963097198048204,SELL PRESSURE / SYSTEM LONG,High
2025-10-25 14:00:00+00:00,-636.81,-706.8234746205371,0,0,0.014729643980860319,SELL PRESSURE / SYSTEM LONG,High
2025-10-25 14:30:00+00:00,-607.24,-507.6814221503148,0,0,0.015167102028319548,SELL PRESSURE / SYSTEM LONG,High
2025-10-25 15:00:00+00:00,-568.9,-569.8112258959535,0,0,0.018554614214458823,SELL PRESSURE / SYSTEM LONG,High
2025-10-25 15:30:00+00:00,-606.46,-546.6375268238797,0,0,0.02135091579997429,SELL PRESSURE / SYSTEM LONG,High
2025-10-25 16:00:00+00:00,-322.32,-516.5468544365802,0,0,0.03321354915567337,SELL PRESSURE / SYSTEM LONG,High
2025-10-25 16:30:00+00:00,60.14,-80.98616217829371,1,0,0.4003665514990626,SELL PRESSURE / SYSTEM LONG,Medium
2025-10-25 17:00:00+00:00,-317.35,91.23506167911171,0,1,0.7303363000191894,BUY PRESSURE / SYSTEM SHORT,High
2025-10-25 17:30:00+00:00,-722.77,-346.78876819252486,0,0,0.05771070133116967,SELL PRESSURE / SYSTEM LONG,High
2025-10-25 18:00:00+00:00,-727.79,-374.66799691284615,0,0,0.06023249271453401,SELL PRESSURE / SYSTEM LONG,High
2025-10-25 18:30:00+00:00,-666.95,-466.0174575489737,0,0,0.048494106378346766,SELL PRESSURE / SYSTEM LONG,High
2025-10-25 19:00:00+00:00,-386.93,-358.27362808493154,0,0,0.059144649959058715,SELL PRESSURE / SYSTEM LONG,High
2025-10-25 19:30:00+00:00,-386.47,-210.71524501872335,0,0,0.17225211505836469,SELL PRESSURE / SYSTEM LONG,High
2025-10-25 20:00:00+00:00,420.54,255.21903859708792,1,1,0.856498113255701,BUY PRESSURE / SYSTEM SHORT,High
2025-10-25 20:30:00+00:00,224.07,205.32869722196799,1,1,0.8598876532781792,BUY PRESSURE / SYSTEM SHORT,High
2025-10-25 21:00:00+00:00,-50.11,266.9392177139564,0,1,0.8285434035561546,BUY PRESSURE / SYSTEM SHORT,High
2025-10-25 21:30:00+00:00,-652.88,-347.75549995956897,0,0,0.10662157588179369,SELL PRESSURE / SYSTEM LONG,High
2025-10-25 22:00:00+00:00,-633.14,-501.43329484717293,0,0,0.056890895914403244,SELL PRESSURE / SYSTEM LONG,High
2025-10-25 22:30:00+00:00,205.85,-79.510182099778,1,0,0.4080690350891569,SELL PRESSURE / SYSTEM LONG,Medium
2025-10-25 23:00:00+00:00,699.03,384.91648783719785,1,1,0.919570599563773,BUY PRESSURE / SYSTEM SHORT,High
2025-10-25 23:30:00+00:00,357.7,363.6261018602109,1,1,0.9369908028890523,BUY PRESSURE / SYSTEM SHORT,High
2025-10-26 00:00:00+00:00,15.08,394.36686515787477,1,1,0.9397639543254226,BUY PRESSURE / SYSTEM SHORT,High
2025-10-26 00:30:00+00:00,-763.4,-471.1038285287327,0,0,0.1217872289670738,SELL PRESSURE / SYSTEM LONG,High
2025-10-26 01:00:00+00:00,-480.62,-447.4244080111367,0,0,0.03660491452968265,SELL PRESSURE / SYSTEM LONG,High
2025-10-26 01:30:00+00:00,-1146.1,-719.6266786929451,0,0,0.03869346020619882,SELL PRESSURE / SYSTEM LONG,High
2025-10-26 02:00:00+00:00,-919.1,-822.2977687516864,0,0,0.014476183177232088,SELL PRESSURE / SYSTEM LONG,High
2025-10-26 02:30:00+00:00,-939.48,-695.7697514577955,0,0,0.027693937545069273,SELL PRESSURE / SYSTEM LONG,High
2025-10-26 03:00:00+00:00,-800.07,-811.7057800255448,0,0,0.015824407629285754,SELL PRESSURE / SYSTEM LONG,High
2025-10-26 03:30:00+00:00,-318.79,-441.7818986293031,0,0,0.045357135134671475,SELL PRESSURE / SYSTEM LONG,High
2025-10-26 04:00:00+00:00,-481.52,-439.7512220981084,0,0,0.01897768823653158,SELL PRESSURE / SYSTEM LONG,High
2025-10-26 04:30:00+00:00,-1004.99,-828.2135247653582,0,0,0.02180483482574006,SELL PRESSURE / SYSTEM LONG,High
2025-10-26 05:00:00+00:00,-628.93,-649.0435638812233,0,0,0.03119173361047048,SELL PRESSURE / SYSTEM LONG,High
2025-10-26 05:30:00+00:00,-321.66,-404.4246698793914,0,0,0.034700496776270524,SELL PRESSURE / SYSTEM LONG,High
2025-10-26 06:00:00+00:00,26.54,52.30296518968629,1,1,0.6911194957646569,BUY PRESSURE / SYSTEM SHORT,Medium
2025-10-26 06:30:00+00:00,-200.5,-95.9328389900858,0,0,0.3693370084920607,SELL PRESSURE / SYSTEM LONG,Medium
2025-10-26 07:00:00+00:00,-7.26,7.11120947525505,0,1,0.5305981100044928,BUY PRESSURE / SYSTEM SHORT,Low
2025-10-26 07:30:00+00:00,-502.5,-316.9067808880393,0,0,0.11476246262958698,SELL PRESSURE / SYSTEM LONG,High
2025-10-26 08:00:00+00:00,107.4,8.33146558937717,1,1,0.6160238358580489,BUY PRESSURE / SYSTEM SHORT,Medium
2025-10-26 08:30:00+00:00,-76.3,-118.7275719526646,0,0,0.31380429247197533,SELL PRESSURE / SYSTEM LONG,Medium
2025-10-26 09:00:00+00:00,-526.3,-617.1522832322072,0,0,0.05299524572829463,SELL PRESSURE / SYSTEM LONG,High
2025-10-26 09:30:00+00:00,-633.76,-491.2067575857181,0,0,0.029065652462041597,SELL PRESSURE / SYSTEM LONG,High
2025-10-26 10:00:00+00:00,-535.3,-615.3177198424277,0,0,0.022362585148981325,SELL PRESSURE / SYSTEM LONG,High
2025-10-26 10:30:00+00:00,-355.22,-433.63063288127455,0,0,0.01861389814109292,SELL PRESSURE / SYSTEM LONG,High
2025-10-26 11:00:00+00:00,-143.76,-161.63303141137672,0,0,0.16907847815351848,SELL PRESSURE / SYSTEM LONG,High
2025-10-26 11:30:00+00:00,-525.23,-481.93070074715564,0,0,0.04526069997213395,SELL PRESSURE / SYSTEM LONG,High
2025-10-26 12:00:00+00:00,-177.47,-472.4025299833474,0,0,0.048632972643549606,SELL PRESSURE / SYSTEM LONG,High
2025-10-26 12:30:00+00:00,-704.43,-582.093238579701,0,0,0.034042665840442486,SELL PRESSURE / SYSTEM LONG,High
2025-10-26 13:00:00+00:00,-644.21,-679.262532997988,0,0,0.02207026851670973,SELL PRESSURE / SYSTEM LONG,High
2025-10-26 13:30:00+00:00,-1009.16,-622.4976228610876,0,0,0.03135619626718518,SELL PRESSURE / SYSTEM LONG,High
2025-10-26 14:00:00+00:00,-1054.94,-960.8554118974107,0,0,0.009335948771891919,SELL PRESSURE / SYSTEM LONG,High
2025-10-26 14:30:00+00:00,-984.25,-1005.7796406352867,0,0,0.012557732328709431,SELL PRESSURE / SYSTEM LONG,High
2025-10-26 15:00:00+00:00,-861.13,-708.575848810466,0,0,0.01584846617168576,SELL PRESSURE / SYSTEM LONG,High
2025-10-26 15:30:00+00:00,-1101.6,-977.9463427206687,0,0,0.014363612925081131,SELL PRESSURE / SYSTEM LONG,High
2025-10-26 16:00:00+00:00,-749.19,-490.52237465620465,0,0,0.038945085117620244,SELL PRESSURE / SYSTEM LONG,High
2025-10-26 16:30:00+00:00,-273.48,-437.8806996425615,0,0,0.04619306210779493,SELL PRESSURE / SYSTEM LONG,High
2025-10-26 17:00:00+00:00,45.65,-100.5362958623146,1,0,0.3826474112466938,SELL PRESSURE / SYSTEM LONG,Medium
2025-10-26 17:30:00+00:00,-169.04,30.314202979884826,0,1,0.6440878563573813,BUY PRESSURE / SYSTEM SHORT,Medium
2025-10-26 18:00:00+00:00,-672.72,-567.8863468640535,0,0,0.09091475311947744,SELL PRESSURE / SYSTEM LONG,High
2025-10-26 18:30:00+00:00,-280.61,-549.983861340731,0,0,0.07961171495297319,SELL PRESSURE / SYSTEM LONG,High
2025-10-26 19:00:00+00:00,-3.04,-267.96252197714125,0,0,0.10249145216357608,SELL PRESSURE / SYSTEM LONG,High
2025-10-26 19:30:00+00:00,-567.14,-246.85833016752488,0,0,0.16278231859077927,SELL PRESSURE / SYSTEM LONG,High
2025-10-26 20:00:00+00:00,-211.6,-220.59545574652012,0,0,0.1819477811493935,SELL PRESSURE / SYSTEM LONG,High
2025-10-26 20:30:00+00:00,67.51,8.325885202996476,1,1,0.6144046536479933,BUY PRESSURE / SYSTEM SHORT,Medium
2025-10-26 21:00:00+00:00,-928.31,-388.6565117451864,0,0,0.11189840282901589,SELL PRESSURE / SYSTEM LONG,High
2025-10-26 21:30:00+00:00,-589.85,-595.7104818357616,0,0,0.04244726117909305,SELL PRESSURE / SYSTEM LONG,High
2025-10-26 22:00:00+00:00,-612.99,-451.1610439770918,0,0,0.06178426365716414,SELL PRESSURE / SYSTEM LONG,High
2025-10-26 22:30:00+00:00,-465.47,-312.61966870079493,0,0,0.16816969621867112,SELL PRESSURE / SYSTEM LONG,High
2025-10-26 23:00:00+00:00,-102.76,30.643040310284555,0,1,0.5595482979924515,BUY PRESSURE / SYSTEM SHORT,Medium
2025-10-26 23:30:00+00:00,-669.19,-337.18901375501724,0,0,0.09399083071614629,SELL PRESSURE / SYSTEM LONG,High
2025-10-27 00:00:00+00:00,-677.82,-620.2021478445374,0,0,0.022367756737029607,SELL PRESSURE / SYSTEM LONG,High
2025-10-27 00:30:00+00:00,-385.1,-387.9176604738115,0,0,0.05534039806271132,SELL PRESSURE / SYSTEM LONG,High
2025-10-27 01:00:00+00:00,-303.8,-300.6839373755474,0,0,0.06016431797775784,SELL PRESSURE / SYSTEM LONG,High
2025-10-27 01:30:00+00:00,159.03,71.88862522970899,1,1,0.8145761729726313,BUY PRESSURE / SYSTEM SHORT,High
2025-10-27 02:00:00+00:00,-280.88,-396.7329203058917,0,0,0.09253297170588956,SELL PRESSURE / SYSTEM LONG,High
2025-10-27 02:30:00+00:00,-859.31,-645.2150032334017,0,0,0.06985383611119979,SELL PRESSURE / SYSTEM LONG,High
2025-10-27 03:00:00+00:00,-109.2,-372.3683016441523,0,0,0.05949920491986636,SELL PRESSURE / SYSTEM LONG,High
2025-10-27 03:30:00+00:00,-247.83,-193.347409330902,0,0,0.154388408372626,SELL PRESSURE / SYSTEM LONG,High
2025-10-27 04:00:00+00:00,-452.11,-586.2183558558214,0,0,0.030448719776935432,SELL PRESSURE / SYSTEM LONG,High
2025-10-27 04:30:00+00:00,-310.87,-313.18323635397917,0,0,0.06424107784627392,SELL PRESSURE / SYSTEM LONG,High
2025-10-27 05:00:00+00:00,-344.06,-191.48244689852444,0,0,0.1609876904954517,SELL PRESSURE / SYSTEM LONG,High
2025-10-27 05:30:00+00:00,-281.82,-55.33504685570447,0,1,0.5219443152922001,BUY PRESSURE / SYSTEM SHORT,Low
2025-10-27 06:00:00+00:00,-182.69,-195.05277826451027,0,0,0.1785940814387118,SELL PRESSURE / SYSTEM LONG,High
2025-10-27 06:30:00+00:00,62.25,-345.4814678424651,1,0,0.05945093206990795,SELL PRESSURE / SYSTEM LONG,High
2025-10-27 07:00:00+00:00,364.38,309.8285469497898,1,1,0.8582232977653671,BUY PRESSURE / SYSTEM SHORT,High
2025-10-27 07:30:00+00:00,-138.3,83.99900052634186,0,1,0.7414635921915514,BUY PRESSURE / SYSTEM SHORT,High
2025-10-27 08:00:00+00:00,-33.33,-140.75216238331606,0,0,0.19056300127051937,SELL PRESSURE / SYSTEM LONG,High
2025-10-27 08:30:00+00:00,-173.23,-148.52205815220438,0,0,0.25156221630459635,SELL PRESSURE / SYSTEM LONG,High
2025-10-27 09:00:00+00:00,-422.51,-43.69036548979157,0,1,0.5000698684106711,BUY PRESSURE / SYSTEM SHORT,Low
2025-10-27 09:30:00+00:00,-288.16,-446.15224571542603,0,0,0.06211889531578744,SELL PRESSURE / SYSTEM LONG,High
2025-10-27 10:00:00+00:00,-177.27,60.67328348740297,0,1,0.762482984518542,BUY PRESSURE / SYSTEM SHORT,High
2025-10-27 10:30:00+00:00,-5.71,8.644983131709171,0,1,0.5804778141737514,BUY PRESSURE / SYSTEM SHORT,Medium
2025-10-27 11:00:00+00:00,257.42,34.82539119598749,1,1,0.6373945483294408,BUY PRESSURE / SYSTEM SHORT,Medium
2025-10-27 11:30:00+00:00,124.23,35.78925996617162,1,1,0.6528058062310222,BUY PRESSURE / SYSTEM SHORT,Medium
2025-10-27 12:00:00+00:00,-21.89,-101.81971697587989,0,0,0.37251526826906706,SELL PRESSURE / SYSTEM LONG,Medium
2025-10-27 12:30:00+00:00,-792.29,-178.86756175593524,0,0,0.16813552561967665,SELL PRESSURE / SYSTEM LONG,High
2025-10-27 13:00:00+00:00,-1044.86,-806.8819391173965,0,0,0.022124121999345152,SELL PRESSURE / SYSTEM LONG,High
2025-10-27 13:30:00+00:00,-788.14,-655.5459189671205,0,0,0.016879227881598118,SELL PRESSURE / SYSTEM LONG,High
2025-10-27 14:00:00+00:00,-1073.99,-940.6392642894224,0,0,0.013504585627253065,SELL PRESSURE / SYSTEM LONG,High
2025-10-27 14:30:00+00:00,-898.16,-824.5869600617418,0,0,0.021600758107988175,SELL PRESSURE / SYSTEM LONG,High
2025-10-27 15:00:00+00:00,-142.99,-401.4849039122965,0,0,0.04153915248750437,SELL PRESSURE / SYSTEM LONG,High
2025-10-27 15:30:00+00:00,182.89,-239.56227828674713,1,0,0.1862993870611764,SELL PRESSURE / SYSTEM LONG,High
2025-10-27 16:00:00+00:00,-245.81,-124.82462308449902,0,0,0.2605301398700424,SELL PRESSURE / SYSTEM LONG,High
2025-10-27 16:30:00+00:00,36.13,-13.233841099720745,1,0,0.45388624005237577,SELL PRESSURE / SYSTEM LONG,Low
2025-10-27 17:00:00+00:00,385.57,245.6195693385284,1,1,0.8390940109482294,BUY PRESSURE / SYSTEM SHORT,High
2025-10-27 17:30:00+00:00,346.89,293.35226225062183,1,1,0.878685416572079,BUY PRESSURE / SYSTEM SHORT,High
2025-10-27 18:00:00+00:00,13.01,24.690963334556063,1,0,0.48613415735083576,SELL PRESSURE / SYSTEM LONG,Low
2025-10-27 18:30:00+00:00,-142.26,84.62299521660844,0,1,0.6597432053164469,BUY PRESSURE / SYSTEM SHORT,Medium
2025-10-27 19:00:00+00:00,-254.43,-97.75497594835036,0,0,0.4124245981322229,SELL PRESSURE / SYSTEM LONG,Medium
2025-10-27 19:30:00+00:00,-116.47,-35.66535981046729,0,0,0.4643884569966598,SELL PRESSURE / SYSTEM LONG,Low
2025-10-27 20:00:00+00:00,138.17,142.05486668558663,1,1,0.834409260655454,BUY PRESSURE / SYSTEM SHORT,High
2025-10-27 20:30:00+00:00,1139.3,567.9184084573199,1,1,0.9569948520177038,BUY PRESSURE / SYSTEM SHORT,High
2025-10-27 21:00:00+00:00,365.25,378.2049062502558,1,1,0.9171548288940039,BUY PRESSURE / SYSTEM SHORT,High
2025-10-27 21:30:00+00:00,-124.53,-65.41524202169855,0,0,0.3722200408625045,SELL PRESSURE / SYSTEM LONG,Medium
2025-10-27 22:00:00+00:00,-96.51,-151.91044660628094,0,0,0.20049634487658344,SELL PRESSURE / SYSTEM LONG,High
2025-10-27 22:30:00+00:00,-495.67,-369.3546987129801,0,0,0.09876397670846598,SELL PRESSURE / SYSTEM LONG,High
2025-10-27 23:00:00+00:00,-257.84,-245.21296175869108,0,0,0.1855947947210812,SELL PRESSURE / SYSTEM LONG,High
2025-10-27 23:30:00+00:00,-22.6,-118.39947405392633,0,0,0.33533098977579456,SELL PRESSURE / SYSTEM LONG,Medium
2025-10-28 00:00:00+00:00,-314.65,-363.099636717305,0,0,0.09164454602368538,SELL PRESSURE / SYSTEM LONG,High
2025-10-28 00:30:00+00:00,52.79,41.526427972199336,1,1,0.7320274558410139,BUY PRESSURE / SYSTEM SHORT,High
2025-10-28 01:00:00+00:00,105.48,97.9834417811016,1,1,0.7240665665312433,BUY PRESSURE / SYSTEM SHORT,High
2025-10-28 01:30:00+00:00,26.62,-148.92012956487807,1,0,0.22981772160125538,SELL PRESSURE / SYSTEM LONG,High
2025-10-28 02:00:00+00:00,299.53,-14.172655556165616,1,1,0.5502402499909951,BUY PRESSURE / SYSTEM SHORT,Medium
2025-10-28 02:30:00+00:00,-375.89,-179.40611180642588,0,0,0.2358147176650835,SELL PRESSURE / SYSTEM LONG,High
2025-10-28 03:00:00+00:00,78.6,-85.47327929677878,1,0,0.41900251961471924,SELL PRESSURE / SYSTEM LONG,Medium
2025-10-28 03:30:00+00:00,-16.5,-97.29352283011052,0,0,0.3698487981461554,SELL PRESSURE / SYSTEM LONG,Medium
2025-10-28 04:00:00+00:00,-425.4,-378.3189110497384,0,0,0.1075754963816648,SELL PRESSURE / SYSTEM LONG,High
2025-10-28 04:30:00+00:00,-363.94,-221.65602757044718,0,0,0.11971716185077882,SELL PRESSURE / SYSTEM LONG,High
2025-10-28 05:00:00+00:00,-694.88,-240.94753745618723,0,0,0.18959241644770738,SELL PRESSURE / SYSTEM LONG,High
2025-10-28 05:30:00+00:00,-21.81,-70.90362034270701,0,0,0.3456437417735095,SELL PRESSURE / SYSTEM LONG,Medium
2025-10-28 06:00:00+00:00,86.06,-8.66351934758543,1,1,0.558054023508258,BUY PRESSURE / SYSTEM SHORT,Medium
2025-10-28 06:30:00+00:00,108.08,-19.107176768765196,1,1,0.5873839729768169,BUY PRESSURE / SYSTEM SHORT,Medium
2025-10-28 07:00:00+00:00,-297.83,-332.00220382104766,0,0,0.07702931677112815,SELL PRESSURE / SYSTEM LONG,High
2025-10-28 07:30:00+00:00,-496.43,-286.5076863907992,0,0,0.08771635897500987,SELL PRESSURE / SYSTEM LONG,High
2025-10-28 08:00:00+00:00,-900.0,-702.0581504922407,0,0,0.02291635354494789,SELL PRESSURE / SYSTEM LONG,High
2025-10-28 08:30:00+00:00,-1887.47,-899.0498308673473,0,0,0.021190182574521862,SELL PRESSURE / SYSTEM LONG,High
2025-10-28 09:00:00+00:00,-812.74,-693.9788552633687,0,0,0.013588070515654325,SELL PRESSURE / SYSTEM LONG,High
2025-10-28 09:30:00+00:00,-318.95,-386.2924544592372,0,0,0.08079424246485889,SELL PRESSURE / SYSTEM LONG,High
2025-10-28 10:00:00+00:00,-892.82,-756.747550298427,0,0,0.025618136508158865,SELL PRESSURE / SYSTEM LONG,High
2025-10-28 10:30:00+00:00,-1092.22,-956.1224907983128,0,0,0.025645547613760568,SELL PRESSURE / SYSTEM LONG,High
2025-10-28 11:00:00+00:00,-1049.63,-920.3200618273233,0,0,0.01008093550662693,SELL PRESSURE / SYSTEM LONG,High
2025-10-28 11:30:00+00:00,-1047.35,-927.1654828557372,0,0,0.011990182665473074,SELL PRESSURE / SYSTEM LONG,High
2025-10-28 12:00:00+00:00,-1169.14,-913.5571283726124,0,0,0.01336989498306675,SELL PRESSURE / SYSTEM LONG,High
2025-10-28 12:30:00+00:00,-1006.11,-845.7982090280098,0,0,0.015133120289024325,SELL PRESSURE / SYSTEM LONG,High
2025-10-28 13:00:00+00:00,-665.25,-847.2551077796255,0,0,0.01577090831690312,SELL PRESSURE / SYSTEM LONG,High
2025-10-28 13:30:00+00:00,-42.89,-312.00031652833474,0,0,0.13793410921385016,SELL PRESSURE / SYSTEM LONG,High
2025-10-28 14:00:00+00:00,-297.91,-358.09851310701487,0,0,0.08667287103799116,SELL PRESSURE / SYSTEM LONG,High
2025-10-28 14:30:00+00:00,-133.22,-134.96952555889766,0,0,0.3084874337399317,SELL PRESSURE / SYSTEM LONG,Medium
2025-10-28 15:00:00+00:00,-213.0,-99.23876334420095,0,1,0.5073803145441054,BUY PRESSURE / SYSTEM SHORT,Low
2025-10-28 15:30:00+00:00,212.09,155.9875332357208,1,1,0.8325978639281731,BUY PRESSURE / SYSTEM SHORT,High
2025-10-28 16:00:00+00:00,144.28,255.82105350727,1,1,0.8169887948323187,BUY PRESSURE / SYSTEM SHORT,High
2025-10-28 16:30:00+00:00,-151.1,-154.15859150887525,0,0,0.23065802164988056,SELL PRESSURE / SYSTEM LONG,High
2025-10-28 17:00:00+00:00,294.63,309.14445100683486,1,1,0.9122711506465437,BUY PRESSURE / SYSTEM SHORT,High
2025-10-28 17:30:00+00:00,-171.75,-59.090063491880585,0,0,0.3729690282746225,SELL PRESSURE / SYSTEM LONG,Medium
2025-10-28 18:00:00+00:00,238.15,244.56439153015123,1,1,0.829833761631083,BUY PRESSURE / SYSTEM SHORT,High
2025-10-28 18:30:00+00:00,80.36,103.1541033255045,1,1,0.7258564741518465,BUY PRESSURE / SYSTEM SHORT,High
2025-10-28 19:00:00+00:00,-27.36,103.8442043883517,0,1,0.7197194620679581,BUY PRESSURE / SYSTEM SHORT,High
2025-10-28 19:30:00+00:00,-352.3,-26.18898991915415,0,0,0.48941189672406016,SELL PRESSURE / SYSTEM LONG,Low
2025-10-28 20:00:00+00:00,-504.75,-472.2555081407109,0,0,0.09250938845818903,SELL PRESSURE / SYSTEM LONG,High
2025-10-28 20:30:00+00:00,-279.57,-144.10699124613413,0,0,0.2936637518410095,SELL PRESSURE / SYSTEM LONG,High
2025-10-28 21:00:00+00:00,347.24,261.4876112810574,1,1,0.8305743384405502,BUY PRESSURE / SYSTEM SHORT,High
2025-10-28 21:30:00+00:00,354.55,160.59030080704665,1,1,0.8176324070855682,BUY PRESSURE / SYSTEM SHORT,High
2025-10-28 22:00:00+00:00,363.54,278.72537618460535,1,1,0.9445265922383618,BUY PRESSURE / SYSTEM SHORT,High
2025-10-28 22:30:00+00:00,-349.49,-98.74467293058932,0,0,0.2494273533418005,SELL PRESSURE / SYSTEM LONG,High
2025-10-28 23:00:00+00:00,-163.4,-124.68264620746122,0,0,0.305991347539049,SELL PRESSURE / SYSTEM LONG,Medium
2025-10-28 23:30:00+00:00,369.04,60.64439371095372,1,1,0.7545966820685059,BUY PRESSURE / SYSTEM SHORT,High
2025-10-29 00:00:00+00:00,253.41,297.97096556446616,1,1,0.8927618676463794,BUY PRESSURE / SYSTEM SHORT,High
2025-10-29 00:30:00+00:00,481.5,399.5124898958108,1,1,0.9228830523483866,BUY PRESSURE / SYSTEM SHORT,High
2025-10-29 01:00:00+00:00,359.98,316.14363141198123,1,1,0.9481183473659277,BUY PRESSURE / SYSTEM SHORT,High
2025-10-29 01:30:00+00:00,193.9,-23.751270020241623,1,0,0.4428136751900907,SELL PRESSURE / SYSTEM LONG,Medium
2025-10-29 02:00:00+00:00,-277.96,-11.639669623183808,0,1,0.6147622495603221,BUY PRESSURE / SYSTEM SHORT,Medium
2025-10-29 02:30:00+00:00,-443.7,-294.13467149286356,0,0,0.08940647730621593,SELL PRESSURE / SYSTEM LONG,High
2025-10-29 03:00:00+00:00,-738.07,-690.6167495201279,0,0,0.030817876404691358,SELL PRESSURE / SYSTEM LONG,High
2025-10-29 03:30:00+00:00,-420.28,-343.901574082309,0,0,0.047001544487286134,SELL PRESSURE / SYSTEM LONG,High
2025-10-29 04:00:00+00:00,-479.25,-356.2231471653153,0,0,0.05278436953348624,SELL PRESSURE / SYSTEM LONG,High
2025-10-29 04:30:00+00:00,-206.0,-69.69752934561764,0,0,0.2977281227047627,SELL PRESSURE / SYSTEM LONG,High
2025-10-29 05:00:00+00:00,240.27,201.3776077518874,1,1,0.8400551421788385,BUY PRESSURE / SYSTEM SHORT,High
2025-10-29 05:30:00+00:00,611.96,424.45482293422225,1,1,0.9134501594997172,BUY PRESSURE / SYSTEM SHORT,High
2025-10-29 06:00:00+00:00,699.3,593.3438051513796,1,1,0.976934331550033,BUY PRESSURE / SYSTEM SHORT,High
2025-10-29 06:30:00+00:00,949.76,758.0726759028036,1,1,0.9775227310028122,BUY PRESSURE / SYSTEM SHORT,High
2025-10-29 07:00:00+00:00,255.52,54.379384656797484,1,1,0.6199839199702525,BUY PRESSURE / SYSTEM SHORT,Medium
2025-10-29 07:30:00+00:00,106.36,97.82158614609043,1,1,0.7833229395388743,BUY PRESSURE / SYSTEM SHORT,High
2025-10-29 08:00:00+00:00,482.61,322.27914471440226,1,1,0.9188582431172289,BUY PRESSURE / SYSTEM SHORT,High
2025-10-29 08:30:00+00:00,107.71,222.63483987292273,1,1,0.8934973072397736,BUY PRESSURE / SYSTEM SHORT,High
2025-10-29 09:00:00+00:00,-347.57,-363.86854782256756,0,0,0.14660178942523325,SELL PRESSURE / SYSTEM LONG,High
2025-10-29 09:30:00+00:00,-572.04,-325.49171420087004,0,0,0.05555777532179174,SELL PRESSURE / SYSTEM LONG,High
2025-10-29 10:00:00+00:00,-729.15,-461.9074535768084,0,0,0.03527613318607604,SELL PRESSURE / SYSTEM LONG,High
2025-10-29 10:30:00+00:00,-335.25,-488.5652042362058,0,0,0.03856411644257352,SELL PRESSURE / SYSTEM LONG,High
2025-10-29 11:00:00+00:00,-334.53,-222.03764755401383,0,0,0.10429411284703802,SELL PRESSURE / SYSTEM LONG,High
2025-10-29 11:30:00+00:00,-573.16,-644.227916480887,0,0,0.02992670190971638,SELL PRESSURE / SYSTEM LONG,High
2025-10-29 12:00:00+00:00,-378.5,-739.1546053275192,0,0,0.01840650254540968,SELL PRESSURE / SYSTEM LONG,High
2025-10-29 12:30:00+00:00,-13.73,-312.47379421707274,0,0,0.043762612814052054,SELL PRESSURE / SYSTEM LONG,High
2025-10-29 13:00:00+00:00,-343.0,-374.4293319700461,0,0,0.05627692653302781,SELL PRESSURE / SYSTEM LONG,High
2025-10-29 13:30:00+00:00,-72.45,-188.0674015086884,0,0,0.15368901500123722,SELL PRESSURE / SYSTEM LONG,High
2025-10-29 14:00:00+00:00,-25.16,-76.42085085339978,0,0,0.39763305818586026,SELL PRESSURE / SYSTEM LONG,Medium
2025-10-29 14:30:00+00:00,-209.02,-254.66360750141317,0,0,0.11508440687357391,SELL PRESSURE / SYSTEM LONG,High
2025-10-29 15:00:00+00:00,-341.8,-254.00667289156897,0,0,0.07406959655029917,SELL PRESSURE / SYSTEM LONG,High
2025-10-29 15:30:00+00:00,583.85,251.62475072405613,1,1,0.8542634290173661,BUY PRESSURE / SYSTEM SHORT,High
2025-10-29 16:00:00+00:00,29.71,-138.10585766049192,1,0,0.2882418701617519,SELL PRESSURE / SYSTEM LONG,High
2025-10-29 16:30:00+00:00,-829.53,-494.35862950429527,0,0,0.11344398264878666,SELL PRESSURE / SYSTEM LONG,High
2025-10-29 17:00:00+00:00,-610.23,-649.8386745236727,0,0,0.04745962292785062,SELL PRESSURE / SYSTEM LONG,High
2025-10-29 17:30:00+00:00,-697.96,-678.4035925722018,0,0,0.04455853949961932,SELL PRESSURE / SYSTEM LONG,High
2025-10-29 18:00:00+00:00,-569.2,-532.0362333961292,0,0,0.04429832807678331,SELL PRESSURE / SYSTEM LONG,High
2025-10-29 18:30:00+00:00,-784.36,-511.14815780175456,0,0,0.04138844699810249,SELL PRESSURE / SYSTEM LONG,High
2025-10-29 19:00:00+00:00,-1014.14,-748.4222668460611,0,0,0.036273160739041806,SELL PRESSURE / SYSTEM LONG,High
2025-10-29 19:30:00+00:00,-1242.17,-866.0508606789392,0,0,0.03216519983796885,SELL PRESSURE / SYSTEM LONG,High
2025-10-29 20:00:00+00:00,-875.37,-629.6005416335988,0,0,0.03681181500661725,SELL PRESSURE / SYSTEM LONG,High
2025-10-29 20:30:00+00:00,-1150.08,-658.5730304597251,0,0,0.037201877025230236,SELL PRESSURE / SYSTEM LONG,High
2025-10-29 21:00:00+00:00,-238.17,-364.81838309423125,0,0,0.07718832133339266,SELL PRESSURE / SYSTEM LONG,High
2025-10-29 21:30:00+00:00,208.02,130.5634596023056,1,1,0.7099197733904365,BUY PRESSURE / SYSTEM SHORT,High
2025-10-29 22:00:00+00:00,-564.52,-583.5124887754087,0,0,0.14813448920685918,SELL PRESSURE / SYSTEM LONG,High
2025-10-29 22:30:00+00:00,-27.54,-50.457602110749356,0,1,0.5189386487782055,BUY PRESSURE / SYSTEM SHORT,Low
2025-10-29 23:00:00+00:00,-688.96,-533.2776729054966,0,0,0.09840177986263217,SELL PRESSURE / SYSTEM LONG,High
2025-10-29 23:30:00+00:00,-238.02,-311.9748654971873,0,0,0.15028403618559974,SELL PRESSURE / SYSTEM LONG,High
2025-10-30 00:00:00+00:00,254.36,46.78314553292108,1,1,0.6476802530766136,BUY PRESSURE / SYSTEM SHORT,Medium
2025-10-30 00:30:00+00:00,-77.61,37.658166114115346,0,1,0.6223158859778034,BUY PRESSURE / SYSTEM SHORT,Medium
2025-10-30 01:00:00+00:00,99.9,40.75929168740759,1,1,0.6695437584206907,BUY PRESSURE / SYSTEM SHORT,Medium
2025-10-30 01:30:00+00:00,-900.08,-476.29671793169996,0,0,0.08204577587413614,SELL PRESSURE / SYSTEM LONG,High
2025-10-30 02:00:00+00:00,-632.42,-702.4640163094936,0,0,0.044182143578058136,SELL PRESSURE / SYSTEM LONG,High
2025-10-30 02:30:00+00:00,-479.31,-563.3534634820793,0,0,0.024442504770308755,SELL PRESSURE / SYSTEM LONG,High
2025-10-30 03:00:00+00:00,-254.35,-301.4474423356489,0,0,0.04317477151796151,SELL PRESSURE / SYSTEM LONG,High
2025-10-30 03:30:00+00:00,-468.18,-383.09491382784176,0,0,0.04284695786297327,SELL PRESSURE / SYSTEM LONG,High
2025-10-30 04:00:00+00:00,-694.37,-610.5998392961424,0,0,0.023220189679467124,SELL PRESSURE / SYSTEM LONG,High
2025-10-30 04:30:00+00:00,-325.86,-279.1913997576569,0,0,0.09377919401304716,SELL PRESSURE / SYSTEM LONG,High
2025-10-30 05:00:00+00:00,-237.15,-70.30786799648943,0,0,0.37495357595898227,SELL PRESSURE / SYSTEM LONG,Medium
2025-10-30 05:30:00+00:00,229.6,37.834603055326575,1,1,0.6657611478537626,BUY PRESSURE / SYSTEM SHORT,Medium
2025-10-30 06:00:00+00:00,484.05,387.6262194721751,1,1,0.9257550253483542,BUY PRESSURE / SYSTEM SHORT,High
2025-10-30 06:30:00+00:00,536.64,442.700169402012,1,1,0.947914076986399,BUY PRESSURE / SYSTEM SHORT,High
2025-10-30 07:00:00+00:00,-15.69,47.024906723057455,0,1,0.6201975255370822,BUY PRESSURE / SYSTEM SHORT,Medium
2025-10-30 07:30:00+00:00,71.59,97.99102173576483,1,1,0.7241641582551336,BUY PRESSURE / SYSTEM SHORT,High
2025-10-30 08:00:00+00:00,592.41,74.8757149570412,1,1,0.7171149482968611,BUY PRESSURE / SYSTEM SHORT,High
2025-10-30 08:30:00+00:00,152.69,179.02368773659262,1,1,0.8549774202568073,BUY PRESSURE / SYSTEM SHORT,High
2025-10-30 09:00:00+00:00,107.6,85.29119328935022,1,1,0.6531851907705883,BUY PRESSURE / SYSTEM SHORT,Medium
2025-10-30 09:30:00+00:00,-413.63,-423.97373560150004,0,0,0.09774580908157081,SELL PRESSURE / SYSTEM LONG,High
2025-10-30 10:00:00+00:00,-311.64,-365.5326203056219,0,0,0.04686896398213435,SELL PRESSURE / SYSTEM LONG,High
2025-10-30 10:30:00+00:00,-428.32,-369.69256049530554,0,0,0.04473342867246299,SELL PRESSURE / SYSTEM LONG,High
2025-10-30 11:00:00+00:00,-1051.48,-730.1669253581358,0,0,0.023054462700699104,SELL PRESSURE / SYSTEM LONG,High
2025-10-30 11:30:00+00:00,-845.66,-743.741443008885,0,0,0.01371399136083394,SELL PRESSURE / SYSTEM LONG,High
2025-10-30 12:00:00+00:00,-831.91,-734.7697937425378,0,0,0.016127829661922565,SELL PRESSURE / SYSTEM LONG,High
2025-10-30 12:30:00+00:00,-515.01,-670.8479829761038,0,0,0.015776871258188798,SELL PRESSURE / SYSTEM LONG,High
2025-10-30 13:00:00+00:00,-245.51,-653.9317182701968,0,0,0.019026376520681353,SELL PRESSURE / SYSTEM LONG,High
2025-10-30 13:30:00+00:00,-1411.07,-840.5853082658374,0,0,0.02454833815523509,SELL PRESSURE / SYSTEM LONG,High
2025-10-30 14:00:00+00:00,-627.52,-439.6150568751486,0,0,0.055512372685559856,SELL PRESSURE / SYSTEM LONG,High
2025-10-30 14:30:00+00:00,-1068.4,-899.9904614232175,0,0,0.012068736815381856,SELL PRESSURE / SYSTEM LONG,High
2025-10-30 15:00:00+00:00,-469.33,-527.1375064969002,0,0,0.012497342193385426,SELL PRESSURE / SYSTEM LONG,High
2025-10-30 15:30:00+00:00,-168.91,-208.62318229833247,0,0,0.2394432444535391,SELL PRESSURE / SYSTEM LONG,High
2025-10-30 16:00:00+00:00,153.73,-132.73883998610546,1,0,0.26475153555651404,SELL PRESSURE / SYSTEM LONG,High
2025-10-30 16:30:00+00:00,695.71,398.8608126307005,1,1,0.9315716831867659,BUY PRESSURE / SYSTEM SHORT,High
2025-10-30 17:00:00+00:00,596.46,513.289567711153,1,1,0.9294925995984628,BUY PRESSURE / SYSTEM SHORT,High
2025-10-30 17:30:00+00:00,-375.86,-207.6405506840061,0,0,0.311083950734389,SELL PRESSURE / SYSTEM LONG,Medium
2025-10-30 18:00:00+00:00,-514.34,-150.12835129755567,0,0,0.34563985022318966,SELL PRESSURE / SYSTEM LONG,Medium
2025-10-30 18:30:00+00:00,176.69,-250.05446327344438,1,0,0.15946511732292398,SELL PRESSURE / SYSTEM LONG,High
2025-10-30 19:00:00+00:00,-333.29,-104.12885038990318,0,0,0.369250255089017,SELL PRESSURE / SYSTEM LONG,Medium
2025-10-30 19:30:00+00:00,-233.33,42.09862963024085,0,1,0.6712551502617745,BUY PRESSURE / SYSTEM SHORT,Medium
2025-10-30 20:00:00+00:00,83.91,31.362527198459038,1,1,0.6561279172203588,BUY PRESSURE / SYSTEM SHORT,Medium
2025-10-30 20:30:00+00:00,908.83,469.1034451395156,1,1,0.9044536697140113,BUY PRESSURE / SYSTEM SHORT,High
2025-10-30 21:00:00+00:00,707.14,624.1365564058825,1,1,0.9677691230648396,BUY PRESSURE / SYSTEM SHORT,High
2025-10-30 21:30:00+00:00,384.08,166.56193019368618,1,1,0.7879806468238785,BUY PRESSURE / SYSTEM SHORT,High
2025-10-30 22:00:00+00:00,-165.64,-25.116760967922406,0,0,0.4961226071181985,SELL PRESSURE / SYSTEM LONG,Low
2025-10-30 22:30:00+00:00,-336.98,-416.0429487299873,0,0,0.09452127520587883,SELL PRESSURE / SYSTEM LONG,High
2025-10-30 23:00:00+00:00,335.44,299.75351342009685,1,1,0.8653107250806548,BUY PRESSURE / SYSTEM SHORT,High
2025-10-30 23:30:00+00:00,570.41,409.91857009468913,1,1,0.9341512897583509,BUY PRESSURE / SYSTEM SHORT,High
2025-10-31 00:00:00+00:00,435.31,262.2908246349068,1,1,0.9372324245434055,BUY PRESSURE / SYSTEM SHORT,High
2025-10-31 00:30:00+00:00,203.92,185.37716946798662,1,1,0.8744984033196456,BUY PRESSURE / SYSTEM SHORT,High
2025-10-31 01:00:00+00:00,-175.18,-319.0854207934327,0,0,0.17703619747193858,SELL PRESSURE / SYSTEM LONG,High
2025-10-31 01:30:00+00:00,12.77,72.4788016844133,1,1,0.7672082602829362,BUY PRESSURE / SYSTEM SHORT,High
2025-10-31 02:00:00+00:00,-468.6,-314.0494342300909,0,0,0.08788391321689847,SELL PRESSURE / SYSTEM LONG,High
2025-10-31 02:30:00+00:00,-1606.07,-771.8571261828629,0,0,0.03197134275697359,SELL PRESSURE / SYSTEM LONG,High
2025-10-31 03:00:00+00:00,-948.61,-758.2756623718337,0,0,0.024983315611569717,SELL PRESSURE / SYSTEM LONG,High
2025-10-31 03:30:00+00:00,-1032.32,-763.1882770523803,0,0,0.0438151911707208,SELL PRESSURE / SYSTEM LONG,High
2025-10-31 04:00:00+00:00,-1119.58,-823.9288300693665,0,0,0.018124533567845182,SELL PRESSURE / SYSTEM LONG,High
2025-10-31 04:30:00+00:00,-710.36,-671.9984310437175,0,0,0.04159385352278225,SELL PRESSURE / SYSTEM LONG,High
2025-10-31 05:00:00+00:00,-279.97,-215.2460452357879,0,0,0.1492537244505014,SELL PRESSURE / SYSTEM LONG,High
2025-10-31 05:30:00+00:00,520.09,233.24430784707755,1,1,0.8200690806059981,BUY PRESSURE / SYSTEM SHORT,High
2025-10-31 06:00:00+00:00,541.96,358.4958192122538,1,1,0.9191927043865735,BUY PRESSURE / SYSTEM SHORT,High
2025-10-31 06:30:00+00:00,385.46,443.7941850018206,1,1,0.9143787481489686,BUY PRESSURE / SYSTEM SHORT,High
2025-10-31 07:00:00+00:00,203.25,247.31788040897888,1,1,0.9388875457588418,BUY PRESSURE / SYSTEM SHORT,High
2025-10-31 07:30:00+00:00,304.61,352.6398206802056,1,1,0.9435700513062645,BUY PRESSURE / SYSTEM SHORT,High
2025-10-31 08:00:00+00:00,-121.99,85.23301464451202,0,1,0.6998899968314036,BUY PRESSURE / SYSTEM SHORT,Medium
2025-10-31 08:30:00+00:00,-146.66,-142.89536396619766,0,0,0.21494826499658856,SELL PRESSURE / SYSTEM LONG,High
2025-10-31 09:00:00+00:00,-97.13,-208.54585588951045,0,0,0.19008613709641584,SELL PRESSURE / SYSTEM LONG,High
2025-10-31 09:30:00+00:00,-265.83,-348.206748186614,0,0,0.050472742802173114,SELL PRESSURE / SYSTEM LONG,High
2025-10-31 10:00:00+00:00,-245.32,-399.28644238111957,0,0,0.03928584963321965,SELL PRESSURE / SYSTEM LONG,High
2025-10-31 10:30:00+00:00,-505.21,-469.1608151751326,0,0,0.03304933712948213,SELL PRESSURE / SYSTEM LONG,High
2025-10-31 11:00:00+00:00,-242.18,-147.3501324572153,0,0,0.2636446797110472,SELL PRESSURE / SYSTEM LONG,High
2025-10-31 11:30:00+00:00,105.44,128.08293545585192,1,1,0.7959036559009202,BUY PRESSURE / SYSTEM SHORT,High
2025-10-31 12:00:00+00:00,-80.1,-58.05312826007302,0,0,0.4895257847072005,SELL PRESSURE / SYSTEM LONG,Low
2025-10-31 12:30:00+00:00,-244.52,-112.61820532251407,0,0,0.24520680393649572,SELL PRESSURE / SYSTEM LONG,High
2025-10-31 13:00:00+00:00,-822.34,-714.9048358611333,0,0,0.0319011804697828,SELL PRESSURE / SYSTEM LONG,High
2025-10-31 13:30:00+00:00,-238.2,-263.689451182728,0,0,0.17593432242326312,SELL PRESSURE / SYSTEM LONG,High
2025-10-31 14:00:00+00:00,-111.37,-140.07519565897726,0,0,0.23781209970397174,SELL PRESSURE / SYSTEM LONG,High
2025-10-31 14:30:00+00:00,-129.79,-162.9017844943279,0,0,0.20503942579511444,SELL PRESSURE / SYSTEM LONG,High
2025-10-31 15:00:00+00:00,-5.45,-27.617336181047055,0,1,0.5740355630662483,BUY PRESSURE / SYSTEM SHORT,Medium
2025-10-31 15:30:00+00:00,-34.87,-106.67181614510608,0,0,0.24553799798136539,SELL PRESSURE / SYSTEM LONG,High
2025-10-31 16:00:00+00:00,294.36,-69.55937190111024,1,0,0.48909492100227453,SELL PRESSURE / SYSTEM LONG,Low
2025-10-31 16:30:00+00:00,-261.87,-291.3837180507307,0,0,0.13748294415916607,SELL PRESSURE / SYSTEM LONG,High
2025-10-31 17:00:00+00:00,-0.76,-76.46552576554849,0,0,0.4151042521244739,SELL PRESSURE / SYSTEM LONG,Medium
2025-10-31 17:30:00+00:00,-81.49,13.512222740901372,0,1,0.5674971434770825,BUY PRESSURE / SYSTEM SHORT,Medium
2025-10-31 18:00:00+00:00,108.98,161.48407174362654,1,1,0.8543629470717427,BUY PRESSURE / SYSTEM SHORT,High
2025-10-31 18:30:00+00:00,246.62,274.5622559349814,1,1,0.932945572927459,BUY PRESSURE / SYSTEM SHORT,High
2025-10-31 19:00:00+00:00,-216.3,-47.3879771995083,0,0,0.4447112272260304,SELL PRESSURE / SYSTEM LONG,Medium
2025-10-31 19:30:00+00:00,473.94,351.03183841133864,1,1,0.8676065815738419,BUY PRESSURE / SYSTEM SHORT,High
2025-10-31 20:00:00+00:00,-19.76,103.97579987640864,0,1,0.758723378722376,BUY PRESSURE / SYSTEM SHORT,High
2025-10-31 20:30:00+00:00,193.0,230.00314720251353,1,1,0.8502995714235462,BUY PRESSURE / SYSTEM SHORT,High
2025-10-31 21:00:00+00:00,-443.52,-69.98860614797235,0,0,0.3400102294846507,SELL PRESSURE / SYSTEM LONG,Medium
2025-10-31 21:30:00+00:00,81.22,26.79291322724016,1,1,0.6495751660548482,BUY PRESSURE / SYSTEM SHORT,Medium
2025-10-31 22:00:00+00:00,474.91,393.3683918037028,1,1,0.9292602555109787,BUY PRESSURE / SYSTEM SHORT,High
2025-10-31 22:30:00+00:00,606.42,452.32086152451336,1,1,0.9562477493459005,BUY PRESSURE / SYSTEM SHORT,High
2025-10-31 23:00:00+00:00,409.15,448.0555719053702,1,1,0.9636309768690107,BUY PRESSURE / SYSTEM SHORT,High
2025-10-31 23:30:00+00:00,103.47,33.879934071145705,1,1,0.6402226010879895,BUY PRESSURE / SYSTEM SHORT,Medium
2025-11-01 00:00:00+00:00,178.63,-94.15690452337991,1,0,0.3806108439507328,SELL PRESSURE / SYSTEM LONG,Medium
2025-11-01 00:30:00+00:00,-159.34,-265.2645931691141,0,0,0.15111716314,SELL PRESSURE / SYSTEM LONG,High
2025-11-01 01:00:00+00:00,-838.1,-451.0610944903727,0,0,0.05859831126948494,SELL PRESSURE / SYSTEM LONG,High
2025-11-01 01:30:00+00:00,-622.52,-546.6191067431384,0,0,0.022595719709970544,SELL PRESSURE / SYSTEM LONG,High
2025-11-01 02:00:00+00:00,-716.17,-658.2050264315008,0,0,0.030719745846051957,SELL PRESSURE / SYSTEM LONG,High
2025-11-01 02:30:00+00:00,-619.45,-564.8425206898136,0,0,0.015863503993793618,SELL PRESSURE / SYSTEM LONG,High
2025-11-01 03:00:00+00:00,68.86,-147.00121061003742,1,0,0.3002173254284802,SELL PRESSURE / SYSTEM LONG,Medium
2025-11-01 03:30:00+00:00,-531.66,-522.6039235887811,0,0,0.06458003561882379,SELL PRESSURE / SYSTEM LONG,High
2025-11-01 04:00:00+00:00,252.33,92.13057035615027,1,1,0.7480992578695077,BUY PRESSURE / SYSTEM SHORT,High
2025-11-01 04:30:00+00:00,-159.57,-193.69495156389092,0,0,0.16152232330119481,SELL PRESSURE / SYSTEM LONG,High
2025-11-01 05:00:00+00:00,-48.0,-118.23421738918557,0,0,0.27903450889807246,SELL PRESSURE / SYSTEM LONG,High
2025-11-01 05:30:00+00:00,431.48,232.12213252141234,1,1,0.8996448729435126,BUY PRESSURE / SYSTEM SHORT,High
2025-11-01 06:00:00+00:00,807.81,514.6346684292755,1,1,0.9566935129592251,BUY PRESSURE / SYSTEM SHORT,High
2025-11-01 06:30:00+00:00,269.62,489.26433878781785,1,1,0.9626973628519864,BUY PRESSURE / SYSTEM SHORT,High
2025-11-01 07:00:00+00:00,520.16,551.581172091766,1,1,0.9512168544115883,BUY PRESSURE / SYSTEM SHORT,High
2025-11-01 07:30:00+00:00,36.22,361.70313612816733,1,1,0.8935030841275438,BUY PRESSURE / SYSTEM SHORT,High
2025-11-01 08:00:00+00:00,157.57,167.44238021607424,1,1,0.8279648452354184,BUY PRESSURE / SYSTEM SHORT,High
2025-11-01 08:30:00+00:00,-427.86,-403.6041147300621,0,0,0.1359523673336751,SELL PRESSURE / SYSTEM LONG,High
2025-11-01 09:00:00+00:00,-726.39,-569.4391375164605,0,0,0.04302733555701977,SELL PRESSURE / SYSTEM LONG,High
2025-11-01 09:30:00+00:00,-535.84,-576.4313380893359,0,0,0.031435786677910645,SELL PRESSURE / SYSTEM LONG,High
2025-11-01 10:00:00+00:00,-443.37,-453.53157507033177,0,0,0.026894245325797938,SELL PRESSURE / SYSTEM LONG,High
2025-11-01 10:30:00+00:00,-535.81,-515.0663470550148,0,0,0.025283440789689804,SELL PRESSURE / SYSTEM LONG,High
2025-11-01 11:00:00+00:00,-322.44,-187.8847550445179,0,0,0.13919098108719655,SELL PRESSURE / SYSTEM LONG,High
2025-11-01 11:30:00+00:00,-204.75,-90.29788965932339,0,0,0.36699436560253823,SELL PRESSURE / SYSTEM LONG,Medium
2025-11-01 12:00:00+00:00,218.97,-2.6711237940063604,1,1,0.6525894040135298,BUY PRESSURE / SYSTEM SHORT,Medium
2025-11-01 12:30:00+00:00,-308.57,-373.59944466357393,0,0,0.14085598955127762,SELL PRESSURE / SYSTEM LONG,High
2025-11-01 13:00:00+00:00,-401.76,-472.11666703524463,0,0,0.031271015687749815,SELL PRESSURE / SYSTEM LONG,High
2025-11-01 13:30:00+00:00,-702.23,-594.4045133439874,0,0,0.020949521154202243,SELL PRESSURE / SYSTEM LONG,High
2025-11-01 14:00:00+00:00,-642.35,-817.2989662434743,0,0,0.029454122459102897,SELL PRESSURE / SYSTEM LONG,High
2025-11-01 14:30:00+00:00,37.79,-275.0052369384194,1,0,0.10396867157695039,SELL PRESSURE / SYSTEM LONG,High
2025-11-01 15:00:00+00:00,-285.65,-401.51698680104573,0,0,0.07867561366861887,SELL PRESSURE / SYSTEM LONG,High
2025-11-01 15:30:00+00:00,-622.01,-527.9344343660916,0,0,0.03611641247047325,SELL PRESSURE / SYSTEM LONG,High
2025-11-01 16:00:00+00:00,-404.02,-329.1008959227184,0,0,0.06491994674755656,SELL PRESSURE / SYSTEM LONG,High
2025-11-01 16:30:00+00:00,-209.28,-93.1972936211003,0,0,0.43402747361133054,SELL PRESSURE / SYSTEM LONG,Medium
2025-11-01 17:00:00+00:00,-282.94,-261.47392639206356,0,0,0.12435915347883855,SELL PRESSURE / SYSTEM LONG,High
2025-11-01 17:30:00+00:00,-878.73,-712.2997545071712,0,0,0.02450797790511735,SELL PRESSURE / SYSTEM LONG,High
2025-11-01 18:00:00+00:00,-807.25,-740.489815191912,0,0,0.019601437809348272,SELL PRESSURE / SYSTEM LONG,High
2025-11-01 18:30:00+00:00,-454.41,-280.26801399093523,0,0,0.14087603771817303,SELL PRESSURE / SYSTEM LONG,High
2025-11-01 19:00:00+00:00,204.13,163.49673526553505,1,1,0.7776687389779623,BUY PRESSURE / SYSTEM SHORT,High
2025-11-01 19:30:00+00:00,21.95,157.73184184743556,1,1,0.7997429152155405,BUY PRESSURE / SYSTEM SHORT,High
2025-11-01 20:00:00+00:00,-198.28,-215.33397199057524,0,0,0.1703970511751186,SELL PRESSURE / SYSTEM LONG,High
2025-11-01 20:30:00+00:00,306.37,84.2164031121476,1,1,0.747194515338269,BUY PRESSURE / SYSTEM SHORT,High
2025-11-01 21:00:00+00:00,258.91,210.21037996058737,1,1,0.8381745488424612,BUY PRESSURE / SYSTEM SHORT,High
2025-11-01 21:30:00+00:00,-72.14,313.520887856058,0,1,0.9235835419251537,BUY PRESSURE / SYSTEM SHORT,High
2025-11-01 22:00:00+00:00,-405.2,-351.93172779030255,0,0,0.08773444023658353,SELL PRESSURE / SYSTEM LONG,High
2025-11-01 22:30:00+00:00,233.51,46.237638016510864,1,1,0.6882139378511957,BUY PRESSURE / SYSTEM SHORT,Medium
2025-11-01 23:00:00+00:00,70.43,54.117594363669426,1,1,0.6435255399728422,BUY PRESSURE / SYSTEM SHORT,Medium
2025-11-01 23:30:00+00:00,174.23,-89.38657166240992,1,0,0.3864549101216516,SELL PRESSURE / SYSTEM LONG,Medium
2025-11-02 00:00:00+00:00,-378.8,-252.46207729032147,0,0,0.18851346822281045,SELL PRESSURE / SYSTEM LONG,High
2025-11-02 00:30:00+00:00,-858.78,-578.4267773466844,0,0,0.03937571008299711,SELL PRESSURE / SYSTEM LONG,High
2025-11-02 01:00:00+00:00,-744.31,-773.2668690210636,0,0,0.02342795287467405,SELL PRESSURE / SYSTEM LONG,High
2025-11-02 01:30:00+00:00,-598.73,-679.9912168570773,0,0,0.024724825056374997,SELL PRESSURE / SYSTEM LONG,High
2025-11-02 02:00:00+00:00,-616.7,-610.1699076277168,0,0,0.024419226161765978,SELL PRESSURE / SYSTEM LONG,High
2025-11-02 02:30:00+00:00,-959.74,-815.9916848417046,0,0,0.015792315974375117,SELL PRESSURE / SYSTEM LONG,High
2025-11-02 03:00:00+00:00,-1047.14,-785.4232334362839,0,0,0.01896491712698051,SELL PRESSURE / SYSTEM LONG,High
2025-11-02 03:30:00+00:00,-1070.34,-879.9404919586626,0,0,0.017256008323545183,SELL PRESSURE / SYSTEM LONG,High
2025-11-02 04:00:00+00:00,-1017.61,-993.822111376843,0,0,0.014139195101803403,SELL PRESSURE / SYSTEM LONG,High
2025-11-02 04:30:00+00:00,-915.77,-679.2715677833376,0,0,0.016398279099608632,SELL PRESSURE / SYSTEM LONG,High
2025-11-02 05:00:00+00:00,-897.33,-705.1901093715102,0,0,0.014320532045148,SELL PRESSURE / SYSTEM LONG,High
2025-11-02 05:30:00+00:00,-570.45,-462.78284402413954,0,0,0.029377592661626425,SELL PRESSURE / SYSTEM LONG,High
2025-11-02 06:00:00+00:00,-598.13,-568.8611440924874,0,0,0.027941071718973875,SELL PRESSURE / SYSTEM LONG,High
2025-11-02 06:30:00+00:00,-131.15,-310.5315031738521,0,0,0.17822113693360792,SELL PRESSURE / SYSTEM LONG,High
2025-11-02 07:00:00+00:00,241.9,188.46927659901402,1,1,0.8283434882497059,BUY PRESSURE / SYSTEM SHORT,High
2025-11-02 07:30:00+00:00,179.6,-56.13058538190221,1,0,0.384523222478344,SELL PRESSURE / SYSTEM LONG,Medium
2025-11-02 08:00:00+00:00,-217.65,-180.5202494815956,0,0,0.2832116850640284,SELL PRESSURE / SYSTEM LONG,High
2025-11-02 08:30:00+00:00,-16.58,19.41124265566377,0,1,0.6436955347878333,BUY PRESSURE / SYSTEM SHORT,Medium
2025-11-02 09:00:00+00:00,320.62,302.21712637864874,1,1,0.8967058972688519,BUY PRESSURE / SYSTEM SHORT,High
2025-11-02 09:30:00+00:00,-103.32,-106.46767001866783,0,0,0.3266483104248974,SELL PRESSURE / SYSTEM LONG,Medium
2025-11-02 10:00:00+00:00,-335.88,-258.44023424585697,0,0,0.12392601089826213,SELL PRESSURE / SYSTEM LONG,High
2025-11-02 10:30:00+00:00,-635.27,-501.2348995455024,0,0,0.08179823625552073,SELL PRESSURE / SYSTEM LONG,High
2025-11-02 11:00:00+00:00,-973.45,-767.3706943494412,0,0,0.02198888708869578,SELL PRESSURE / SYSTEM LONG,High
2025-11-02 11:30:00+00:00,-258.16,-420.04712059454766,0,0,0.05116973761330081,SELL PRESSURE / SYSTEM LONG,High
2025-11-02 12:00:00+00:00,-430.04,-339.23114611591205,0,0,0.05744069178267734,SELL PRESSURE / SYSTEM LONG,High
2025-11-02 12:30:00+00:00,-644.69,-551.195222654056,0,0,0.044886779170972765,SELL PRESSURE / SYSTEM LONG,High
2025-11-02 13:00:00+00:00,-933.98,-755.6654666027626,0,0,0.04172007732392216,SELL PRESSURE / SYSTEM LONG,High
2025-11-02 13:30:00+00:00,-1246.68,-1021.8399094440306,0,0,0.010140514765388027,SELL PRESSURE / SYSTEM LONG,High
2025-11-02 14:00:00+00:00,-1197.81,-970.3850836845482,0,0,0.010505868110012582,SELL PRESSURE / SYSTEM LONG,High
2025-11-02 14:30:00+00:00,-943.94,-866.127006918502,0,0,0.014886563136498894,SELL PRESSURE / SYSTEM LONG,High
2025-11-02 15:00:00+00:00,-484.74,-454.666706207968,0,0,0.022174611751464512,SELL PRESSURE / SYSTEM LONG,High
2025-11-02 15:30:00+00:00,-224.65,-210.86763063823204,0,0,0.19686423837854036,SELL PRESSURE / SYSTEM LONG,High
2025-11-02 16:00:00+00:00,-299.21,-274.9065392009699,0,0,0.1349221056348102,SELL PRESSURE / SYSTEM LONG,High
2025-11-02 16:30:00+00:00,-394.98,-276.0037090621739,0,0,0.1420508164677247,SELL PRESSURE / SYSTEM LONG,High
2025-11-02 17:00:00+00:00,-137.66,-43.83921862780452,0,1,0.5219817876442508,BUY PRESSURE / SYSTEM SHORT,Low
2025-11-02 17:30:00+00:00,167.48,87.75033309160993,1,1,0.7157097418389888,BUY PRESSURE / SYSTEM SHORT,High
2025-11-02 18:00:00+00:00,17.25,-201.58663840147048,1,0,0.19463840425174442,SELL PRESSURE / SYSTEM LONG,High
2025-11-02 18:30:00+00:00,287.85,76.95453928055049,1,1,0.7559259392209404,BUY PRESSURE / SYSTEM SHORT,High
2025-11-02 19:00:00+00:00,403.35,294.6900279585094,1,1,0.9216798888859394,BUY PRESSURE / SYSTEM SHORT,High
2025-11-02 19:30:00+00:00,-235.16,-84.40085489318113,0,0,0.3694858045090267,SELL PRESSURE / SYSTEM LONG,Medium
2025-11-02 20:00:00+00:00,-343.2,-250.28646885338864,0,0,0.1220242303278207,SELL PRESSURE / SYSTEM LONG,High
2025-11-02 20:30:00+00:00,-699.65,-328.3529276745935,0,0,0.09348234487388865,SELL PRESSURE / SYSTEM LONG,High
2025-11-02 21:00:00+00:00,-241.29,-182.30855417926927,0,0,0.28289551794568785,SELL PRESSURE / SYSTEM LONG,High
2025-11-02 21:30:00+00:00,-123.18,-221.32505399000559,0,0,0.14124238300963987,SELL PRESSURE / SYSTEM LONG,High
2025-11-02 22:00:00+00:00,166.65,-116.52939265481727,1,0,0.27267377589969655,SELL PRESSURE / SYSTEM LONG,High
2025-11-02 22:30:00+00:00,446.15,475.3717963786075,1,1,0.9451457376375895,BUY PRESSURE / SYSTEM SHORT,High
2025-11-02 23:00:00+00:00,-22.67,268.5264140860086,0,1,0.874805732756415,BUY PRESSURE / SYSTEM SHORT,High
2025-11-02 23:30:00+00:00,158.62,156.40697885591027,1,1,0.7961333838147777,BUY PRESSURE / SYSTEM SHORT,High
2025-11-03 00:00:00+00:00,309.71,214.23688713618014,1,1,0.9075038304757976,BUY PRESSURE / SYSTEM SHORT,High
2025-11-03 00:30:00+00:00,-9.29,-114.02446154162904,0,0,0.2670224481550392,SELL PRESSURE / SYSTEM LONG,High
2025-11-03 01:00:00+00:00,574.37,309.7244171801067,1,1,0.9191347923093051,BUY PRESSURE / SYSTEM SHORT,High
2025-11-03 01:30:00+00:00,100.72,-125.78734574600985,1,0,0.3287411970047303,SELL PRESSURE / SYSTEM LONG,Medium
2025-11-03 02:00:00+00:00,-16.55,-52.70466452939738,0,0,0.36230556517925977,SELL PRESSURE / SYSTEM LONG,Medium
2025-11-03 02:30:00+00:00,-122.14,-87.12902937931632,0,0,0.38558881984583593,SELL PRESSURE / SYSTEM LONG,Medium
2025-11-03 03:00:00+00:00,46.34,-109.50174197019545,1,0,0.3924548293367366,SELL PRESSURE / SYSTEM LONG,Medium
2025-11-03 03:30:00+00:00,12.44,51.0687883309193,1,1,0.6323220799871381,BUY PRESSURE / SYSTEM SHORT,Medium
2025-11-03 04:00:00+00:00,-337.22,-259.34089935864006,0,0,0.12956189309271932,SELL PRESSURE / SYSTEM LONG,High
2025-11-03 04:30:00+00:00,-436.88,-438.05027817836344,0,0,0.04700162041484036,SELL PRESSURE / SYSTEM LONG,High
2025-11-03 05:00:00+00:00,-536.5,-153.11388732669897,0,0,0.3126050522528852,SELL PRESSURE / SYSTEM LONG,Medium
2025-11-03 05:30:00+00:00,66.11,45.69293409504111,1,1,0.6749637719317626,BUY PRESSURE / SYSTEM SHORT,Medium
2025-11-03 06:00:00+00:00,721.8,456.4149258698734,1,1,0.907499083728857,BUY PRESSURE / SYSTEM SHORT,High
2025-11-03 06:30:00+00:00,413.01,294.6507857616219,1,1,0.9592164111969511,BUY PRESSURE / SYSTEM SHORT,High
2025-11-03 07:00:00+00:00,273.85,190.11363141238888,1,1,0.8146839594629937,BUY PRESSURE / SYSTEM SHORT,High
2025-11-03 07:30:00+00:00,-57.16,50.42817900427166,0,1,0.564731407287094,BUY PRESSURE / SYSTEM SHORT,Medium
2025-11-03 08:00:00+00:00,115.58,9.64425137525335,1,1,0.6112230399020799,BUY PRESSURE / SYSTEM SHORT,Medium
2025-11-03 08:30:00+00:00,63.37,183.68801409399006,1,1,0.8497493834260333,BUY PRESSURE / SYSTEM SHORT,High
2025-11-03 09:00:00+00:00,-250.04,-104.45124790955074,0,0,0.2822492799032377,SELL PRESSURE / SYSTEM LONG,High
2025-11-03 09:30:00+00:00,-484.18,-152.65982370695738,0,0,0.21050257812309553,SELL PRESSURE / SYSTEM LONG,High
2025-11-03 10:00:00+00:00,-427.55,-370.89751793011555,0,0,0.04050344281162643,SELL PRESSURE / SYSTEM LONG,High
2025-11-03 10:30:00+00:00,-216.68,-157.07092171879097,0,0,0.24122740755730526,SELL PRESSURE / SYSTEM LONG,High
2025-11-03 11:00:00+00:00,-451.82,-231.56881019999435,0,0,0.10539755030111357,SELL PRESSURE / SYSTEM LONG,High
2025-11-03 11:30:00+00:00,-1045.53,-745.9725137205422,0,0,0.019837598151636583,SELL PRESSURE / SYSTEM LONG,High
2025-11-03 12:00:00+00:00,-638.71,-637.7886282653731,0,0,0.025123044498992872,SELL PRESSURE / SYSTEM LONG,High
2025-11-03 12:30:00+00:00,-585.8,-385.618352832312,0,0,0.04174104364262277,SELL PRESSURE / SYSTEM LONG,High
2025-11-03 13:00:00+00:00,-421.21,-238.32107142330048,0,0,0.13181966318894942,SELL PRESSURE / SYSTEM LONG,High
2025-11-03 13:30:00+00:00,-661.03,-711.6746257811178,0,0,0.020469402357240707,SELL PRESSURE / SYSTEM LONG,High
2025-11-03 14:00:00+00:00,-168.29,1.3208838445687394,0,1,0.7060554829270778,BUY PRESSURE / SYSTEM SHORT,High
2025-11-03 14:30:00+00:00,3.82,-300.4358966480246,1,0,0.08422059191122959,SELL PRESSURE / SYSTEM LONG,High
2025-11-03 15:00:00+00:00,-197.41,-148.15126836932032,0,0,0.20267054698400483,SELL PRESSURE / SYSTEM LONG,High
2025-11-03 15:30:00+00:00,-469.79,-435.6662036615045,0,0,0.033994554867915756,SELL PRESSURE / SYSTEM LONG,High
2025-11-03 16:00:00+00:00,235.4,155.29460333479201,1,1,0.8166910599475995,BUY PRESSURE / SYSTEM SHORT,High
2025-11-03 16:30:00+00:00,-37.73,-105.49203384195633,0,0,0.4160547439171543,SELL PRESSURE / SYSTEM LONG,Medium
2025-11-03 17:00:00+00:00,542.6,411.26332042437457,1,1,0.9369730672837409,BUY PRESSURE / SYSTEM SHORT,High
2025-11-03 17:30:00+00:00,-560.57,-297.19740181382775,0,0,0.23198671284196293,SELL PRESSURE / SYSTEM LONG,High
2025-11-03 18:00:00+00:00,-229.71,-328.07583973101026,0,0,0.2000896370260359,SELL PRESSURE / SYSTEM LONG,High
2025-11-03 18:30:00+00:00,-124.73,-44.701801969929775,0,0,0.4173894245851163,SELL PRESSURE / SYSTEM LONG,Medium
2025-11-03 19:00:00+00:00,-718.67,-504.91173039879266,0,0,0.08586735904127324,SELL PRESSURE / SYSTEM LONG,High
2025-11-03 19:30:00+00:00,-138.49,-164.44938799041233,0,0,0.2905604180240475,SELL PRESSURE / SYSTEM LONG,High
2025-11-03 20:00:00+00:00,-20.21,-70.23012482361679,0,0,0.4586046912006943,SELL PRESSURE / SYSTEM LONG,Low
2025-11-03 20:30:00+00:00,-461.58,-340.68120687404326,0,0,0.11770181093128443,SELL PRESSURE / SYSTEM LONG,High
2025-11-03 21:00:00+00:00,-1042.99,-569.4257629002316,0,0,0.05849268415078493,SELL PRESSURE / SYSTEM LONG,High
2025-11-03 21:30:00+00:00,-515.74,-429.09763961077556,0,0,0.04914008897652093,SELL PRESSURE / SYSTEM LONG,High
2025-11-03 22:00:00+00:00,-230.37,-192.08636010205075,0,0,0.1707845168116929,SELL PRESSURE / SYSTEM LONG,High
2025-11-03 22:30:00+00:00,387.22,-85.25252038809398,1,0,0.36863742145728723,SELL PRESSURE / SYSTEM LONG,Medium
2025-11-03 23:00:00+00:00,-427.87,-356.9470541263005,0,0,0.20322370248486255,SELL PRESSURE / SYSTEM LONG,High
2025-11-03 23:30:00+00:00,-80.56,-41.18425454977084,0,1,0.5827731091975137,BUY PRESSURE / SYSTEM SHORT,Medium
2025-11-04 00:00:00+00:00,107.26,52.369148878674196,1,1,0.7334560536357294,BUY PRESSURE / SYSTEM SHORT,High
2025-11-04 00:30:00+00:00,-430.11,-126.15954955935226,0,0,0.20406135562262906,SELL PRESSURE / SYSTEM LONG,High
2025-11-04 01:00:00+00:00,179.6,289.49829237759036,1,1,0.8162447377234,BUY PRESSURE / SYSTEM SHORT,High
2025-11-04 01:30:00+00:00,-469.11,-183.49379771082934,0,0,0.2146104440419315,SELL PRESSURE / SYSTEM LONG,High
2025-11-04 02:00:00+00:00,115.38,-2.4777647355591266,1,1,0.5368277479529001,BUY PRESSURE / SYSTEM SHORT,Low
2025-11-04 02:30:00+00:00,-493.58,-305.0690132921874,0,0,0.07817874948895331,SELL PRESSURE / SYSTEM LONG,High
2025-11-04 03:00:00+00:00,-210.09,-392.0270107037324,0,0,0.04685152616829451,SELL PRESSURE / SYSTEM LONG,High
2025-11-04 03:30:00+00:00,-409.6,-308.1118761428313,0,0,0.07628011522291918,SELL PRESSURE / SYSTEM LONG,High
2025-11-04 04:00:00+00:00,-186.37,-177.17758450361202,0,0,0.22397407347583184,SELL PRESSURE / SYSTEM LONG,High
2025-11-04 04:30:00+00:00,-457.73,-369.7620245107774,0,0,0.063021469744029,SELL PRESSURE / SYSTEM LONG,High
2025-11-04 05:00:00+00:00,-5.4,-132.78532465874687,0,0,0.2649222667869385,SELL PRESSURE / SYSTEM LONG,High
2025-11-04 05:30:00+00:00,144.78,247.74525112909657,1,1,0.8845541011193796,BUY PRESSURE / SYSTEM SHORT,High
2025-11-04 06:00:00+00:00,-43.01,-153.54823473889684,0,0,0.24230645651063706,SELL PRESSURE / SYSTEM LONG,High
2025-11-04 06:30:00+00:00,-55.03,-202.9568592012663,0,0,0.12734964819341912,SELL PRESSURE / SYSTEM LONG,High
2025-11-04 07:00:00+00:00,476.66,172.45346908380935,1,1,0.860561401114103,BUY PRESSURE / SYSTEM SHORT,High
2025-11-04 07:30:00+00:00,15.87,43.97084713597912,1,1,0.62817320455281,BUY PRESSURE / SYSTEM SHORT,Medium
2025-11-04 08:00:00+00:00,-547.36,-432.6375183272339,0,0,0.08386984359113629,SELL PRESSURE / SYSTEM LONG,High
2025-11-04 08:30:00+00:00,-696.21,-458.52327748867725,0,0,0.029518526226773926,SELL PRESSURE / SYSTEM LONG,High
2025-11-04 09:00:00+00:00,-152.72,-212.10331257655483,0,0,0.22052579939497197,SELL PRESSURE / SYSTEM LONG,High
2025-11-04 09:30:00+00:00,-845.27,-509.27287719846487,0,0,0.048572869702739156,SELL PRESSURE / SYSTEM LONG,High
2025-11-04 10:00:00+00:00,-640.95,-586.01933116114,0,0,0.012273009222404305,SELL PRESSURE / SYSTEM LONG,High
2025-11-04 10:30:00+00:00,-158.91,-136.89522035857823,0,0,0.39545840482923483,SELL PRESSURE / SYSTEM LONG,Medium
2025-11-04 11:00:00+00:00,-850.08,-599.8533189782988,0,0,0.03611500475170118,SELL PRESSURE / SYSTEM LONG,High
2025-11-04 11:30:00+00:00,-761.54,-708.4230288031375,0,0,0.021807908530223286,SELL PRESSURE / SYSTEM LONG,High
2025-11-04 12:00:00+00:00,-898.44,-715.6427700564832,0,0,0.03705564223095345,SELL PRESSURE / SYSTEM LONG,High
2025-11-04 12:30:00+00:00,-121.98,-234.18973707278397,0,0,0.3125636762244914,SELL PRESSURE / SYSTEM LONG,Medium
2025-11-04 13:00:00+00:00,24.42,-180.0832076450732,1,0,0.24124600685295708,SELL PRESSURE / SYSTEM LONG,High
2025-11-04 13:30:00+00:00,100.88,87.31056314001894,1,1,0.8305216029833814,BUY PRESSURE / SYSTEM SHORT,High
2025-11-04 14:00:00+00:00,-651.64,-369.22347138328274,0,0,0.06364698722125435,SELL PRESSURE / SYSTEM LONG,High
2025-11-04 14:30:00+00:00,-794.93,-692.5903203136756,0,0,0.025625995320642723,SELL PRESSURE / SYSTEM LONG,High
2025-11-04 15:00:00+00:00,-924.67,-879.8929251885826,0,0,0.016319367289403825,SELL PRESSURE / SYSTEM LONG,High
2025-11-04 15:30:00+00:00,-323.74,-319.9378328812014,0,0,0.12886143788624593,SELL PRESSURE / SYSTEM LONG,High
2025-11-04 16:00:00+00:00,-482.18,-359.0896298835589,0,0,0.050660535141213374,SELL PRESSURE / SYSTEM LONG,High
2025-11-04 16:30:00+00:00,-591.37,-618.0657817683965,0,0,0.031536455267448735,SELL PRESSURE / SYSTEM LONG,High
2025-11-04 17:00:00+00:00,-337.0,-215.148858826193,0,0,0.12006682650505769,SELL PRESSURE / SYSTEM LONG,High
2025-11-04 17:30:00+00:00,307.2,294.0343441179622,1,1,0.8734254810939845,BUY PRESSURE / SYSTEM SHORT,High
2025-11-04 18:00:00+00:00,-384.24,-216.83015289209115,0,0,0.22422068271238565,SELL PRESSURE / SYSTEM LONG,High
2025-11-04 18:30:00+00:00,-260.4,-156.85934515725214,0,0,0.28521669940264777,SELL PRESSURE / SYSTEM LONG,High
2025-11-04 19:00:00+00:00,187.18,286.2267123075295,1,1,0.9168068715024993,BUY PRESSURE / SYSTEM SHORT,High
2025-11-04 19:30:00+00:00,-91.49,-40.391353003196464,0,0,0.4628767805230975,SELL PRESSURE / SYSTEM LONG,Low
2025-11-04 20:00:00+00:00,-20.19,-95.42270155650685,0,0,0.35428069017757624,SELL PRESSURE / SYSTEM LONG,Medium
2025-11-04 20:30:00+00:00,-310.97,-13.712780061144809,0,1,0.5630479972952751,BUY PRESSURE / SYSTEM SHORT,Medium
2025-11-04 21:00:00+00:00,103.29,189.2964575626019,1,1,0.8233073509892742,BUY PRESSURE / SYSTEM SHORT,High
2025-11-04 21:30:00+00:00,222.95,126.42307528257585,1,1,0.790899192640891,BUY PRESSURE / SYSTEM SHORT,High
2025-11-04 22:00:00+00:00,119.44,96.2096303547059,1,1,0.7673527261014468,BUY PRESSURE / SYSTEM SHORT,High
2025-11-04 22:30:00+00:00,513.35,574.8685703899238,1,1,0.9378742134408656,BUY PRESSURE / SYSTEM SHORT,High
2025-11-04 23:00:00+00:00,-431.22,-268.4835983634317,0,0,0.24783199249875065,SELL PRESSURE / SYSTEM LONG,High
2025-11-04 23:30:00+00:00,-76.34,-98.28375874351055,0,0,0.3378696254171069,SELL PRESSURE / SYSTEM LONG,Medium
2025-11-05 00:00:00+00:00,-96.19,-147.98682086242275,0,0,0.26130868881691405,SELL PRESSURE / SYSTEM LONG,High
2025-11-05 00:30:00+00:00,163.73,92.67338773799437,1,1,0.784708324923992,BUY PRESSURE / SYSTEM SHORT,High
2025-11-05 01:00:00+00:00,-240.04,-203.14875565279982,0,0,0.16013144394851822,SELL PRESSURE / SYSTEM LONG,High
2025-11-05 01:30:00+00:00,111.68,229.50968649309686,1,1,0.8694639492852058,BUY PRESSURE / SYSTEM SHORT,High
2025-11-05 02:00:00+00:00,167.85,50.713047796045146,1,1,0.7063342601857912,BUY PRESSURE / SYSTEM SHORT,High
2025-11-05 02:30:00+00:00,-760.85,-464.2216134886962,0,0,0.1089204971100682,SELL PRESSURE / SYSTEM LONG,High
2025-11-05 03:00:00+00:00,-471.81,-565.5644797628623,0,0,0.034387383261667535,SELL PRESSURE / SYSTEM LONG,High
2025-11-05 03:30:00+00:00,-188.28,-281.0111641926129,0,0,0.10065073433830958,SELL PRESSURE / SYSTEM LONG,High
2025-11-05 04:00:00+00:00,164.16,-173.26571993701558,1,0,0.21930216720054954,SELL PRESSURE / SYSTEM LONG,High
2025-11-05 04:30:00+00:00,99.1,210.21382299306993,1,1,0.899473321401198,BUY PRESSURE / SYSTEM SHORT,High
2025-11-05 05:00:00+00:00,-397.13,-85.84902931535709,0,0,0.3277114921988119,SELL PRESSURE / SYSTEM LONG,Medium
2025-11-05 05:30:00+00:00,-140.8,-316.88588254598477,0,0,0.15655210098233666,SELL PRESSURE / SYSTEM LONG,High
2025-11-05 06:00:00+00:00,-165.8,-190.56070471631662,0,0,0.19452679258635558,SELL PRESSURE / SYSTEM LONG,High
2025-11-05 06:30:00+00:00,-464.3,-286.0199635379593,0,0,0.19226383191766014,SELL PRESSURE / SYSTEM LONG,High
2025-11-05 07:00:00+00:00,-499.19,-489.11272230415517,0,0,0.07191589718597868,SELL PRESSURE / SYSTEM LONG,High
2025-11-05 07:30:00+00:00,-219.61,-369.3463464907404,0,0,0.12505058975622124,SELL PRESSURE / SYSTEM LONG,High
2025-11-05 08:00:00+00:00,95.51,12.636641771420733,1,1,0.6533713041691541,BUY PRESSURE / SYSTEM SHORT,Medium
2025-11-05 08:30:00+00:00,319.21,125.94692077577622,1,1,0.8483992984130501,BUY PRESSURE / SYSTEM SHORT,High
2025-11-05 09:00:00+00:00,47.26,-58.71309470316538,1,0,0.4300325196460951,SELL PRESSURE / SYSTEM LONG,Medium
2025-11-05 09:30:00+00:00,129.09,226.88693819357792,1,1,0.9256867047003965,BUY PRESSURE / SYSTEM SHORT,High
2025-11-05 10:00:00+00:00,-72.9,-41.51984496551736,0,0,0.4189097206967181,SELL PRESSURE / SYSTEM LONG,Medium
2025-11-05 10:30:00+00:00,330.87,239.46776633957873,1,1,0.8122920467708657,BUY PRESSURE / SYSTEM SHORT,High
2025-11-05 11:00:00+00:00,-316.01,-54.964054888144055,0,0,0.4742473388705367,SELL PRESSURE / SYSTEM LONG,Low
2025-11-05 11:30:00+00:00,222.32,94.98287917594807,1,1,0.711196934379068,BUY PRESSURE / SYSTEM SHORT,High
2025-11-05 12:00:00+00:00,-319.86,-146.81106141605352,0,0,0.2743621776350529,SELL PRESSURE / SYSTEM LONG,High
2025-11-05 12:30:00+00:00,-976.93,-653.295107452388,0,0,0.02774689025317063,SELL PRESSURE / SYSTEM LONG,High
2025-11-05 13:00:00+00:00,-117.87,-184.55672886500255,0,0,0.26596416749903445,SELL PRESSURE / SYSTEM LONG,High
2025-11-05 13:30:00+00:00,-439.26,-318.3275886500075,0,0,0.07287613875743704,SELL PRESSURE / SYSTEM LONG,High
2025-11-05 14:00:00+00:00,-209.46,-16.053915480436437,0,1,0.5443543734332054,BUY PRESSURE / SYSTEM SHORT,Low
2025-11-05 14:30:00+00:00,-300.68,-509.9505609727778,0,0,0.03886915145553449,SELL PRESSURE / SYSTEM LONG,High
2025-11-05 15:00:00+00:00,-15.24,27.340148880931977,0,1,0.6759793979879244,BUY PRESSURE / SYSTEM SHORT,Medium
2025-11-05 15:30:00+00:00,-461.96,-276.26384116023326,0,0,0.154011463188745,SELL PRESSURE / SYSTEM LONG,High
2025-11-05 16:00:00+00:00,-1.68,168.49552409447926,0,1,0.7940256256821221,BUY PRESSURE / SYSTEM SHORT,High
2025-11-05 16:30:00+00:00,381.26,351.5027928890866,1,1,0.928061251955042,BUY PRESSURE / SYSTEM SHORT,High
2025-11-05 17:00:00+00:00,483.04,252.1268310435679,1,1,0.9181190946716943,BUY PRESSURE / SYSTEM SHORT,High
2025-11-05 17:30:00+00:00,191.39,225.99602310212617,1,1,0.8584706193272205,BUY PRESSURE / SYSTEM SHORT,High
2025-11-05 18:00:00+00:00,807.7,644.5323372917587,1,1,0.9635969902265111,BUY PRESSURE / SYSTEM SHORT,High
2025-11-05 18:30:00+00:00,888.01,695.6605263181368,1,1,0.976561321714407,BUY PRESSURE / SYSTEM SHORT,High
2025-11-05 19:00:00+00:00,249.66,140.72691617013723,1,1,0.7031526180534169,BUY PRESSURE / SYSTEM SHORT,High
2025-11-05 19:30:00+00:00,266.92,337.426410341371,1,1,0.9329372630302117,BUY PRESSURE / SYSTEM SHORT,High
2025-11-05 20:00:00+00:00,103.61,-47.575898217766444,1,0,0.3749470941271435,SELL PRESSURE / SYSTEM LONG,Medium
2025-11-05 20:30:00+00:00,568.18,395.12331297328825,1,1,0.9412105013425076,BUY PRESSURE / SYSTEM SHORT,High
2025-11-05 21:00:00+00:00,99.48,384.9455251421676,1,1,0.945906107599865,BUY PRESSURE / SYSTEM SHORT,High
2025-11-05 21:30:00+00:00,224.81,182.7679721316073,1,1,0.8644435436175434,BUY PRESSURE / SYSTEM SHORT,High
2025-11-05 22:00:00+00:00,-305.87,-212.93958248598446,0,0,0.22842720383262483,SELL PRESSURE / SYSTEM LONG,High
2025-11-05 22:30:00+00:00,-115.54,-42.0993116747861,0,0,0.4386472051054263,SELL PRESSURE / SYSTEM LONG,Medium
2025-11-05 23:00:00+00:00,-253.62,-151.98403250097613,0,0,0.2083066378764331,SELL PRESSURE / SYSTEM LONG,High
2025-11-05 23:30:00+00:00,-239.52,9.396287337726402,0,0,0.4665427525660044,SELL PRESSURE / SYSTEM LONG,Low
2025-11-06 00:00:00+00:00,-183.77,-419.36077426280985,0,0,0.11608056356746563,SELL PRESSURE / SYSTEM LONG,High
2025-11-06 00:30:00+00:00,-498.71,-219.6965864815769,0,0,0.16296432405909198,SELL PRESSURE / SYSTEM LONG,High
2025-11-06 01:00:00+00:00,-480.29,-461.6516686242961,0,0,0.0680591060155887,SELL PRESSURE / SYSTEM LONG,High
2025-11-06 01:30:00+00:00,230.18,9.393368951135564,1,1,0.5677863134678548,BUY PRESSURE / SYSTEM SHORT,Medium
2025-11-06 02:00:00+00:00,-345.94,-359.5003608428142,0,0,0.11030939917199646,SELL PRESSURE / SYSTEM LONG,High
2025-11-06 02:30:00+00:00,133.16,101.71393463122618,1,1,0.8308270896769359,BUY PRESSURE / SYSTEM SHORT,High
2025-11-06 03:00:00+00:00,443.65,371.1496394116881,1,1,0.9340877510382518,BUY PRESSURE / SYSTEM SHORT,High
2025-11-06 03:30:00+00:00,283.11,407.72797820851605,1,1,0.95767349142425,BUY PRESSURE / SYSTEM SHORT,High
2025-11-06 04:00:00+00:00,186.58,243.35099470645,1,1,0.9331786749862246,BUY PRESSURE / SYSTEM SHORT,High
2025-11-06 04:30:00+00:00,-92.14,245.7890094881814,0,1,0.9450768083834801,BUY PRESSURE / SYSTEM SHORT,High
2025-11-06 05:00:00+00:00,243.85,275.9381472960029,1,1,0.9115434158436099,BUY PRESSURE / SYSTEM SHORT,High
2025-11-06 05:30:00+00:00,245.24,132.46283707612315,1,1,0.847156826312214,BUY PRESSURE / SYSTEM SHORT,High
2025-11-06 06:00:00+00:00,113.05,80.06472165318895,1,1,0.7098972052573904,BUY PRESSURE / SYSTEM SHORT,High
2025-11-06 06:30:00+00:00,-327.52,-25.932247544063934,0,0,0.4937613202810968,SELL PRESSURE / SYSTEM LONG,Low
2025-11-06 07:00:00+00:00,-341.68,-287.87088728598366,0,0,0.15624201453669465,SELL PRESSURE / SYSTEM LONG,High
2025-11-06 07:30:00+00:00,-616.93,-546.1933524292335,0,0,0.04282726951897403,SELL PRESSURE / SYSTEM LONG,High
2025-11-06 08:00:00+00:00,-507.06,-312.0602448796972,0,0,0.06231058205669253,SELL PRESSURE / SYSTEM LONG,High
2025-11-06 08:30:00+00:00,-146.42,18.623926086966147,0,0,0.49266746372250986,SELL PRESSURE / SYSTEM LONG,Low
2025-11-06 09:00:00+00:00,-902.35,-597.567687037295,0,0,0.04732063198628122,SELL PRESSURE / SYSTEM LONG,High
2025-11-06 09:30:00+00:00,-1107.81,-771.6311543822106,0,0,0.02005096137153395,SELL PRESSURE / SYSTEM LONG,High
2025-11-06 10:00:00+00:00,-491.47,-652.6374316967682,0,0,0.015162124827625663,SELL PRESSURE / SYSTEM LONG,High
2025-11-06 10:30:00+00:00,-378.61,-562.6927764644977,0,0,0.030004309438780397,SELL PRESSURE / SYSTEM LONG,High
2025-11-06 11:00:00+00:00,-664.42,-656.5831902881316,0,0,0.026347317121101072,SELL PRESSURE / SYSTEM LONG,High
2025-11-06 11:30:00+00:00,-1025.75,-708.5632505868552,0,0,0.014769058000411424,SELL PRESSURE / SYSTEM LONG,High
2025-11-06 12:00:00+00:00,-385.53,-492.7750393394228,0,0,0.018712478031211222,SELL PRESSURE / SYSTEM LONG,High
2025-11-06 12:30:00+00:00,-460.75,-249.14085693520286,0,0,0.1560752904243969,SELL PRESSURE / SYSTEM LONG,High
2025-11-06 13:00:00+00:00,-761.09,-664.7768099254976,0,0,0.02117955426708829,SELL PRESSURE / SYSTEM LONG,High
2025-11-06 13:30:00+00:00,-1134.86,-988.8031744690776,0,0,0.011223608668513735,SELL PRESSURE / SYSTEM LONG,High
2025-11-06 14:00:00+00:00,-829.42,-826.6037326839019,0,0,0.014532119448079178,SELL PRESSURE / SYSTEM LONG,High
2025-11-06 14:30:00+00:00,-555.93,-635.2639981627834,0,0,0.017858117394003493,SELL PRESSURE / SYSTEM LONG,High
2025-11-06 15:00:00+00:00,-533.2,-400.6941189052426,0,0,0.022141952789069993,SELL PRESSURE / SYSTEM LONG,High
2025-11-06 15:30:00+00:00,-1062.02,-786.2229775123606,0,0,0.019721218329645525,SELL PRESSURE / SYSTEM LONG,High
2025-11-06 16:00:00+00:00,-359.37,-326.0402078880785,0,0,0.07716200525878535,SELL PRESSURE / SYSTEM LONG,High
2025-11-06 16:30:00+00:00,-205.69,-404.52372735328123,0,0,0.058449841501350894,SELL PRESSURE / SYSTEM LONG,High
2025-11-06 17:00:00+00:00,-598.71,-337.81649973374937,0,0,0.05253614358383626,SELL PRESSURE / SYSTEM LONG,High
2025-11-06 17:30:00+00:00,141.75,200.84855881133174,1,1,0.8538468535146667,BUY PRESSURE / SYSTEM SHORT,High
2025-11-06 18:00:00+00:00,-238.69,-136.79560918414586,0,0,0.4151082101025889,SELL PRESSURE / SYSTEM LONG,Medium
2025-11-06 18:30:00+00:00,361.55,286.84856335708736,1,1,0.8829194424230365,BUY PRESSURE / SYSTEM SHORT,High
2025-11-06 19:00:00+00:00,-295.06,-219.24190816496758,0,0,0.21560319713025475,SELL PRESSURE / SYSTEM LONG,High
2025-11-06 19:30:00+00:00,685.43,380.5021149815391,1,1,0.8718187633786667,BUY PRESSURE / SYSTEM SHORT,High
2025-11-06 20:00:00+00:00,1043.8,767.439529420689,1,1,0.9557129778337776,BUY PRESSURE / SYSTEM SHORT,High
2025-11-06 20:30:00+00:00,122.82,330.25543998097476,1,1,0.9314271926105213,BUY PRESSURE / SYSTEM SHORT,High
2025-11-06 21:00:00+00:00,371.47,207.0239587689443,1,1,0.7872151728907885,BUY PRESSURE / SYSTEM SHORT,High
2025-11-06 21:30:00+00:00,542.09,399.7149321077866,1,1,0.9670029594833528,BUY PRESSURE / SYSTEM SHORT,High
2025-11-06 22:00:00+00:00,871.7,737.5279110385451,1,1,0.9631879265005506,BUY PRESSURE / SYSTEM SHORT,High
2025-11-06 22:30:00+00:00,475.69,504.46405028538703,1,1,0.9701111523430825,BUY PRESSURE / SYSTEM SHORT,High
2025-11-06 23:00:00+00:00,207.05,301.78454545128517,1,1,0.9212831249479878,BUY PRESSURE / SYSTEM SHORT,High
2025-11-06 23:30:00+00:00,32.25,130.3907512743156,1,1,0.801076130439805,BUY PRESSURE / SYSTEM SHORT,High
2025-11-07 00:00:00+00:00,403.37,132.707230947722,1,1,0.8132402724798604,BUY PRESSURE / SYSTEM SHORT,High
2025-11-07 00:30:00+00:00,-816.27,-252.23491916853465,0,0,0.21044296114669844,SELL PRESSURE / SYSTEM LONG,High
2025-11-07 01:00:00+00:00,-723.84,-444.2310591439693,0,0,0.06663040776263267,SELL PRESSURE / SYSTEM LONG,High
2025-11-07 01:30:00+00:00,-457.61,-554.5669538977587,0,0,0.03052729153892293,SELL PRESSURE / SYSTEM LONG,High
2025-11-07 02:00:00+00:00,179.88,39.00446564582212,1,1,0.70454940380587,BUY PRESSURE / SYSTEM SHORT,High
2025-11-07 02:30:00+00:00,467.86,358.25885679593887,1,1,0.9325373009893941,BUY PRESSURE / SYSTEM SHORT,High
2025-11-07 03:00:00+00:00,-314.72,-266.7949640056524,0,0,0.19465709490346306,SELL PRESSURE / SYSTEM LONG,High
2025-11-07 03:30:00+00:00,184.96,44.470602411004855,1,1,0.7057179562978669,BUY PRESSURE / SYSTEM SHORT,High
2025-11-07 04:00:00+00:00,232.37,195.7367278912742,1,1,0.9080036406491507,BUY PRESSURE / SYSTEM SHORT,High
2025-11-07 04:30:00+00:00,175.68,-223.95205704627958,1,0,0.18158478763860353,SELL PRESSURE / SYSTEM LONG,High
2025-11-07 05:00:00+00:00,-473.54,-224.2818447020941,0,0,0.13474173046505228,SELL PRESSURE / SYSTEM LONG,High
2025-11-07 05:30:00+00:00,203.43,107.27105939245934,1,1,0.7652369025397371,BUY PRESSURE / SYSTEM SHORT,High
2025-11-07 06:00:00+00:00,-96.55,24.441070477391225,0,1,0.5219910495794827,BUY PRESSURE / SYSTEM SHORT,Low
2025-11-07 06:30:00+00:00,29.62,215.78301445046426,1,1,0.8601731403579032,BUY PRESSURE / SYSTEM SHORT,High
2025-11-07 07:00:00+00:00,52.3,64.57399364545375,1,1,0.7769271360097997,BUY PRESSURE / SYSTEM SHORT,High
2025-11-07 07:30:00+00:00,-448.63,-361.9660115307656,0,0,0.07017186980067616,SELL PRESSURE / SYSTEM LONG,High
2025-11-07 08:00:00+00:00,-640.09,-521.2362493512201,0,0,0.10133389435262018,SELL PRESSURE / SYSTEM LONG,High
2025-11-07 08:30:00+00:00,-406.93,-419.22788217046104,0,0,0.03860836346073629,SELL PRESSURE / SYSTEM LONG,High
2025-11-07 09:00:00+00:00,-347.47,-379.5435652446992,0,0,0.08197200300422888,SELL PRESSURE / SYSTEM LONG,High
2025-11-07 09:30:00+00:00,-86.97,-287.00092803093,0,0,0.07594403219402344,SELL PRESSURE / SYSTEM LONG,High
2025-11-07 10:00:00+00:00,230.23,269.54532864267827,1,1,0.8962944380156483,BUY PRESSURE / SYSTEM SHORT,High
2025-11-07 10:30:00+00:00,86.27,63.65583403538868,1,1,0.7069895992617756,BUY PRESSURE / SYSTEM SHORT,High
2025-11-07 11:00:00+00:00,87.48,-87.14662204120299,1,0,0.27460499140282546,SELL PRESSURE / SYSTEM LONG,High
2025-11-07 11:30:00+00:00,-81.04,-64.04863150276155,0,0,0.4577816139217288,SELL PRESSURE / SYSTEM LONG,Low
2025-11-07 12:00:00+00:00,-380.41,-268.0103916474964,0,0,0.07704770796906335,SELL PRESSURE / SYSTEM LONG,High
2025-11-07 12:30:00+00:00,-77.62,-232.28514565974092,0,0,0.10217032229640713,SELL PRESSURE / SYSTEM LONG,High
2025-11-07 13:00:00+00:00,-55.54,-219.40475067917686,0,0,0.12837220084465314,SELL PRESSURE / SYSTEM LONG,High
2025-11-07 13:30:00+00:00,206.21,95.17511304585034,1,1,0.7542137335045741,BUY PRESSURE / SYSTEM SHORT,High
2025-11-07 14:00:00+00:00,351.07,381.6269559721334,1,1,0.9325010533590724,BUY PRESSURE / SYSTEM SHORT,High
2025-11-07 14:30:00+00:00,634.51,426.57400395729974,1,1,0.9606716264743989,BUY PRESSURE / SYSTEM SHORT,High
2025-11-07 15:00:00+00:00,-169.15,66.52726685120246,0,1,0.6291533574308196,BUY PRESSURE / SYSTEM SHORT,Medium
2025-11-07 15:30:00+00:00,-553.13,-293.400390607992,0,0,0.10637467557707322,SELL PRESSURE / SYSTEM LONG,High
2025-11-07 16:00:00+00:00,-414.9,-474.2634881508748,0,0,0.032450550478268364,SELL PRESSURE / SYSTEM LONG,High
2025-11-07 16:30:00+00:00,16.38,-3.6109284538105832,1,1,0.5868426813287271,BUY PRESSURE / SYSTEM SHORT,Medium
2025-11-07 17:00:00+00:00,73.79,-33.491096168535044,1,1,0.5014276020333293,BUY PRESSURE / SYSTEM SHORT,Low
2025-11-07 17:30:00+00:00,-163.73,51.47877217199587,0,1,0.6368106799831941,BUY PRESSURE / SYSTEM SHORT,Medium
2025-11-07 18:00:00+00:00,-326.67,-81.13276731453361,0,0,0.4508699006689458,SELL PRESSURE / SYSTEM LONG,Low
2025-11-07 18:30:00+00:00,-427.91,-296.7145243243556,0,0,0.10957515764578066,SELL PRESSURE / SYSTEM LONG,High
2025-11-07 19:00:00+00:00,-82.05,-167.61898143580515,0,0,0.3560916392419135,SELL PRESSURE / SYSTEM LONG,Medium
2025-11-07 19:30:00+00:00,-34.38,109.22572115354394,0,1,0.7889321488426798,BUY PRESSURE / SYSTEM SHORT,High
2025-11-07 20:00:00+00:00,28.29,73.95822036324333,1,1,0.7104956446111771,BUY PRESSURE / SYSTEM SHORT,High
2025-11-07 20:30:00+00:00,171.72,202.5673989915557,1,1,0.8716504172728381,BUY PRESSURE / SYSTEM SHORT,High
2025-11-07 21:00:00+00:00,420.97,161.91009910635356,1,1,0.8120216354857759,BUY PRESSURE / SYSTEM SHORT,High
2025-11-07 21:30:00+00:00,225.54,302.09495705692984,1,1,0.9525366458723616,BUY PRESSURE / SYSTEM SHORT,High
2025-11-07 22:00:00+00:00,96.62,11.796381977705858,1,1,0.5336917025971589,BUY PRESSURE / SYSTEM SHORT,Low
2025-11-07 22:30:00+00:00,299.27,300.68172387636787,1,1,0.9283970266569243,BUY PRESSURE / SYSTEM SHORT,High
2025-11-07 23:00:00+00:00,355.26,390.32702280602115,1,1,0.9508967559962289,BUY PRESSURE / SYSTEM SHORT,High
2025-11-07 23:30:00+00:00,997.53,604.5374050573486,1,1,0.9446136920103779,BUY PRESSURE / SYSTEM SHORT,High
2025-11-08 00:00:00+00:00,292.33,91.6737225692248,1,1,0.6052454945872531,BUY PRESSURE / SYSTEM SHORT,Medium
2025-11-08 00:30:00+00:00,180.14,109.05810802057046,1,1,0.722895346226574,BUY PRESSURE / SYSTEM SHORT,High
2025-11-08 01:00:00+00:00,164.61,206.7335871465888,1,1,0.9228922563143356,BUY PRESSURE / SYSTEM SHORT,High
2025-11-08 01:30:00+00:00,-540.33,-401.9010286824956,0,0,0.11856906865864593,SELL PRESSURE / SYSTEM LONG,High
2025-11-08 02:00:00+00:00,-1207.77,-768.1894440912619,0,0,0.029058620731846455,SELL PRESSURE / SYSTEM LONG,High
2025-11-08 02:30:00+00:00,-756.49,-528.0641797683915,0,0,0.029833685363543836,SELL PRESSURE / SYSTEM LONG,High
2025-11-08 03:00:00+00:00,-579.3,-569.3999544121144,0,0,0.036978279650282074,SELL PRESSURE / SYSTEM LONG,High
2025-11-08 03:30:00+00:00,-800.83,-558.0037574502555,0,0,0.022306637514245827,SELL PRESSURE / SYSTEM LONG,High
2025-11-08 04:00:00+00:00,-501.91,-741.7916154566799,0,0,0.017868921962455077,SELL PRESSURE / SYSTEM LONG,High
2025-11-08 04:30:00+00:00,-644.92,-500.06423168391933,0,0,0.029928311475912458,SELL PRESSURE / SYSTEM LONG,High
2025-11-08 05:00:00+00:00,-914.94,-683.0413499338888,0,0,0.030570824441934166,SELL PRESSURE / SYSTEM LONG,High
2025-11-08 05:30:00+00:00,-473.01,-307.46443575465315,0,0,0.10322597651563227,SELL PRESSURE / SYSTEM LONG,High
2025-11-08 06:00:00+00:00,-247.91,-227.46540082440745,0,0,0.13734149625373268,SELL PRESSURE / SYSTEM LONG,High
2025-11-08 06:30:00+00:00,-260.63,-242.8430567757465,0,0,0.11384217854354223,SELL PRESSURE / SYSTEM LONG,High
2025-11-08 07:00:00+00:00,322.05,-50.00930988535922,1,0,0.42900219199778356,SELL PRESSURE / SYSTEM LONG,Medium
2025-11-08 07:30:00+00:00,26.34,204.25698541921173,1,1,0.8587079548367856,BUY PRESSURE / SYSTEM SHORT,High
2025-11-08 08:00:00+00:00,-120.92,-75.1210522194835,0,0,0.2749537418815385,SELL PRESSURE / SYSTEM LONG,High
2025-11-08 08:30:00+00:00,-319.01,-158.76416325288065,0,0,0.1965180545108798,SELL PRESSURE / SYSTEM LONG,High
2025-11-08 09:00:00+00:00,-529.16,-492.0785961432268,0,0,0.04067134186417063,SELL PRESSURE / SYSTEM LONG,High
2025-11-08 09:30:00+00:00,-935.85,-593.9730984589298,0,0,0.02229513346777666,SELL PRESSURE / SYSTEM LONG,High
2025-11-08 10:00:00+00:00,-292.61,-419.99290179123534,0,0,0.02308469236135902,SELL PRESSURE / SYSTEM LONG,High
2025-11-08 10:30:00+00:00,-496.4,-452.58569332850396,0,0,0.02875822523752003,SELL PRESSURE / SYSTEM LONG,High
2025-11-08 11:00:00+00:00,-1117.59,-698.1915854250698,0,0,0.014026687368909236,SELL PRESSURE / SYSTEM LONG,High
2025-11-08 11:30:00+00:00,-1105.39,-835.6526935759804,0,0,0.015171597314855557,SELL PRESSURE / SYSTEM LONG,High
2025-11-08 12:00:00+00:00,-348.24,-519.2638955439551,0,0,0.040589663144855966,SELL PRESSURE / SYSTEM LONG,High
2025-11-08 12:30:00+00:00,-406.16,-621.7658579660776,0,0,0.029716098723842663,SELL PRESSURE / SYSTEM LONG,High
2025-11-08 13:00:00+00:00,-474.04,-376.34115039463654,0,0,0.030030274188199587,SELL PRESSURE / SYSTEM LONG,High
2025-11-08 13:30:00+00:00,-870.55,-828.6717753644062,0,0,0.017428544567081688,SELL PRESSURE / SYSTEM LONG,High
2025-11-08 14:00:00+00:00,-437.62,-518.0882406114157,0,0,0.022160626380258015,SELL PRESSURE / SYSTEM LONG,High
2025-11-08 14:30:00+00:00,-362.65,-722.478230519938,0,0,0.023346010142973262,SELL PRESSURE / SYSTEM LONG,High
2025-11-08 15:00:00+00:00,-261.35,-489.7649133025901,0,0,0.028608062263930433,SELL PRESSURE / SYSTEM LONG,High
2025-11-08 15:30:00+00:00,52.79,111.61217640838213,1,1,0.7941486138051467,BUY PRESSURE / SYSTEM SHORT,High
2025-11-08 16:00:00+00:00,285.83,206.53846429797926,1,1,0.7779374124533852,BUY PRESSURE / SYSTEM SHORT,High
2025-11-08 16:30:00+00:00,194.26,339.3634868597551,1,1,0.9225976363618357,BUY PRESSURE / SYSTEM SHORT,High
2025-11-08 17:00:00+00:00,-176.82,-100.84004891541254,0,0,0.34796869776193723,SELL PRESSURE / SYSTEM LONG,Medium
2025-11-08 17:30:00+00:00,-298.22,-242.6709367178044,0,0,0.12574474666472538,SELL PRESSURE / SYSTEM LONG,High
2025-11-08 18:00:00+00:00,-102.02,-243.26206381323894,0,0,0.10318789931620141,SELL PRESSURE / SYSTEM LONG,High
2025-11-08 18:30:00+00:00,-1155.08,-559.4245288513875,0,0,0.09939954995467558,SELL PRESSURE / SYSTEM LONG,High
2025-11-08 19:00:00+00:00,-596.92,-423.2644805101476,0,0,0.06943747234220111,SELL PRESSURE / SYSTEM LONG,High
2025-11-08 19:30:00+00:00,-756.54,-713.553961846308,0,0,0.041508496379604375,SELL PRESSURE / SYSTEM LONG,High
2025-11-08 20:00:00+00:00,87.34,-6.454174133518324,1,1,0.5170251020867842,BUY PRESSURE / SYSTEM SHORT,Low
2025-11-08 20:30:00+00:00,-117.13,67.24983342954687,0,1,0.7048761550967119,BUY PRESSURE / SYSTEM SHORT,High
2025-11-08 21:00:00+00:00,454.07,49.832888810991406,1,1,0.6531995471324208,BUY PRESSURE / SYSTEM SHORT,Medium
2025-11-08 21:30:00+00:00,-509.36,-182.5854883272299,0,0,0.2375453327456455,SELL PRESSURE / SYSTEM LONG,High
2025-11-08 22:00:00+00:00,-774.24,-493.34753260308463,0,0,0.09692074774473422,SELL PRESSURE / SYSTEM LONG,High
2025-11-08 22:30:00+00:00,-100.34,-155.81940685273105,0,0,0.29455208647208275,SELL PRESSURE / SYSTEM LONG,High
2025-11-08 23:00:00+00:00,201.52,223.66029053589764,1,1,0.8225836938648072,BUY PRESSURE / SYSTEM SHORT,High
2025-11-08 23:30:00+00:00,-76.19,142.07250983207507,0,1,0.7663645078445795,BUY PRESSURE / SYSTEM SHORT,High
2025-11-09 00:00:00+00:00,-247.52,-146.00641958950231,0,0,0.2900703897753662,SELL PRESSURE / SYSTEM LONG,High
2025-11-09 00:30:00+00:00,-800.55,-581.2115300166046,0,0,0.056899848578702734,SELL PRESSURE / SYSTEM LONG,High
2025-11-09 01:00:00+00:00,-891.87,-787.4278730772699,0,0,0.021998046251883004,SELL PRESSURE / SYSTEM LONG,High
2025-11-09 01:30:00+00:00,-790.3,-700.9846824366006,0,0,0.018565795602889675,SELL PRESSURE / SYSTEM LONG,High
2025-11-09 02:00:00+00:00,-697.62,-801.3895855828355,0,0,0.017730308506875438,SELL PRESSURE / SYSTEM LONG,High
2025-11-09 02:30:00+00:00,-327.5,-386.3847888458485,0,0,0.07345470318433991,SELL PRESSURE / SYSTEM LONG,High
2025-11-09 03:00:00+00:00,-704.09,-532.6105718189506,0,0,0.019874389927047032,SELL PRESSURE / SYSTEM LONG,High
2025-11-09 03:30:00+00:00,42.47,-87.66920922650256,1,0,0.4694183593048208,SELL PRESSURE / SYSTEM LONG,Low
2025-11-09 04:00:00+00:00,-572.57,-520.8329263771766,0,0,0.08287529262719476,SELL PRESSURE / SYSTEM LONG,High
2025-11-09 04:30:00+00:00,-399.14,-289.92376324775546,0,0,0.1433184425523576,SELL PRESSURE / SYSTEM LONG,High
2025-11-09 05:00:00+00:00,8.49,-259.6433906669442,1,0,0.09590838713266986,SELL PRESSURE / SYSTEM LONG,High
2025-11-09 05:30:00+00:00,-406.94,-93.05392135304109,0,0,0.3905568493680807,SELL PRESSURE / SYSTEM LONG,Medium
2025-11-09 06:00:00+00:00,-662.22,-490.3266802946486,0,0,0.026882502985653197,SELL PRESSURE / SYSTEM LONG,High
2025-11-09 06:30:00+00:00,-633.07,-530.1971137446606,0,0,0.04883006474587128,SELL PRESSURE / SYSTEM LONG,High
2025-11-09 07:00:00+00:00,-383.4,-578.6336163173474,0,0,0.023031815098000917,SELL PRESSURE / SYSTEM LONG,High
2025-11-09 07:30:00+00:00,-99.91,-266.5834903239773,0,0,0.08827531620296114,SELL PRESSURE / SYSTEM LONG,High
2025-11-09 08:00:00+00:00,14.17,-39.298462002493736,1,0,0.4971988860870955,SELL PRESSURE / SYSTEM LONG,Low
2025-11-09 08:30:00+00:00,323.06,134.90873841432966,1,1,0.8715168647552757,BUY PRESSURE / SYSTEM SHORT,High
2025-11-09 09:00:00+00:00,21.55,110.86469443184485,1,1,0.7688564205822358,BUY PRESSURE / SYSTEM SHORT,High
2025-11-09 09:30:00+00:00,-44.7,-370.34618727686643,0,0,0.09426627474025201,SELL PRESSURE / SYSTEM LONG,High
2025-11-09 10:00:00+00:00,-168.07,-233.91455333699278,0,0,0.10646607496011043,SELL PRESSURE / SYSTEM LONG,High
2025-11-09 10:30:00+00:00,-496.19,-63.674514915008906,0,0,0.4329364381949675,SELL PRESSURE / SYSTEM LONG,Medium
2025-11-09 11:00:00+00:00,-863.76,-499.6397852463786,0,0,0.022574939231394312,SELL PRESSURE / SYSTEM LONG,High
2025-11-09 11:30:00+00:00,-810.07,-669.0609079973597,0,0,0.014857080540247892,SELL PRESSURE / SYSTEM LONG,High
2025-11-09 12:00:00+00:00,-683.87,-576.4737009492932,0,0,0.01677632905924021,SELL PRESSURE / SYSTEM LONG,High
2025-11-09 12:30:00+00:00,-237.44,-314.08169595634786,0,0,0.07219797822924899,SELL PRESSURE / SYSTEM LONG,High
2025-11-09 13:00:00+00:00,-514.84,-667.2353686416332,0,0,0.025787957724758167,SELL PRESSURE / SYSTEM LONG,High
2025-11-09 13:30:00+00:00,-767.75,-606.8091073272308,0,0,0.02430862720619587,SELL PRESSURE / SYSTEM LONG,High
2025-11-09 14:00:00+00:00,-821.49,-538.5931827063661,0,0,0.02543750001551299,SELL PRESSURE / SYSTEM LONG,High
2025-11-09 14:30:00+00:00,-172.07,-362.24343304031476,0,0,0.06377114688733826,SELL PRESSURE / SYSTEM LONG,High
2025-11-09 15:00:00+00:00,-263.07,-387.0517342766391,0,0,0.03538382103796459,SELL PRESSURE / SYSTEM LONG,High
2025-11-09 15:30:00+00:00,-479.2,-439.92061641747637,0,0,0.03130606165336364,SELL PRESSURE / SYSTEM LONG,High
2025-11-09 16:00:00+00:00,-303.48,-344.6115584980492,0,0,0.04739634323943584,SELL PRESSURE / SYSTEM LONG,High
2025-11-09 16:30:00+00:00,-249.34,-152.15789167463893,0,0,0.336772688823572,SELL PRESSURE / SYSTEM LONG,Medium
2025-11-09 17:00:00+00:00,-772.18,-553.9826279366642,0,0,0.03495210047727832,SELL PRESSURE / SYSTEM LONG,High
2025-11-09 17:30:00+00:00,83.0,-7.614803506110495,1,1,0.5226246374427623,BUY PRESSURE / SYSTEM SHORT,Low
2025-11-09 18:00:00+00:00,282.56,348.80960657824005,1,1,0.9288413409996558,BUY PRESSURE / SYSTEM SHORT,High
2025-11-09 18:30:00+00:00,211.19,386.287811124713,1,1,0.9422271853920371,BUY PRESSURE / SYSTEM SHORT,High
2025-11-09 19:00:00+00:00,463.95,277.15209884807814,1,1,0.9325203012315828,BUY PRESSURE / SYSTEM SHORT,High
2025-11-09 19:30:00+00:00,247.62,141.87930453548648,1,1,0.7477253572860637,BUY PRESSURE / SYSTEM SHORT,High
2025-11-09 20:00:00+00:00,-180.82,-63.9359836908093,0,0,0.46710341085979634,SELL PRESSURE / SYSTEM LONG,Low
2025-11-09 20:30:00+00:00,-73.61,76.41073876785215,0,1,0.7300648304852406,BUY PRESSURE / SYSTEM SHORT,High
2025-11-09 21:00:00+00:00,-38.77,-21.82858745289458,0,0,0.43453292912515323,SELL PRESSURE / SYSTEM LONG,Medium
2025-11-09 21:30:00+00:00,-53.91,59.21653593776773,0,1,0.6816188925876971,BUY PRESSURE / SYSTEM SHORT,Medium
2025-11-09 22:00:00+00:00,-89.18,-189.00030006288634,0,0,0.18152678856504018,SELL PRESSURE / SYSTEM LONG,High
2025-11-09 22:30:00+00:00,163.82,136.26227829595908,1,1,0.8108404288819034,BUY PRESSURE / SYSTEM SHORT,High
2025-11-09 23:00:00+00:00,-121.41,-106.1157902570696,0,0,0.37236105283495696,SELL PRESSURE / SYSTEM LONG,Medium
2025-11-09 23:30:00+00:00,-793.07,-530.607300210122,0,0,0.10885984242083911,SELL PRESSURE / SYSTEM LONG,High
2025-11-10 00:00:00+00:00,-720.08,-601.973062933265,0,0,0.03789523374385642,SELL PRESSURE / SYSTEM LONG,High
2025-11-10 00:30:00+00:00,-117.76,-289.8936129496388,0,0,0.09784856528321427,SELL PRESSURE / SYSTEM LONG,High
2025-11-10 01:00:00+00:00,74.2,28.427185091061993,1,1,0.6422381364163229,BUY PRESSURE / SYSTEM SHORT,Medium
2025-11-10 01:30:00+00:00,480.6,216.76167716108375,1,1,0.9183357126458165,BUY PRESSURE / SYSTEM SHORT,High
2025-11-10 02:00:00+00:00,1085.69,506.7022177949462,1,1,0.9529065741146477,BUY PRESSURE / SYSTEM SHORT,High
2025-11-10 02:30:00+00:00,581.01,499.85038569409085,1,1,0.969995148460161,BUY PRESSURE / SYSTEM SHORT,High
2025-11-10 03:00:00+00:00,-58.22,-167.33935009798444,0,0,0.2492229702603867,SELL PRESSURE / SYSTEM LONG,High
2025-11-10 03:30:00+00:00,-337.95,-374.56164168424056,0,0,0.10481443097679723,SELL PRESSURE / SYSTEM LONG,High
2025-11-10 04:00:00+00:00,556.11,240.0872183277016,1,1,0.8381922572510662,BUY PRESSURE / SYSTEM SHORT,High
2025-11-10 04:30:00+00:00,-200.53,-332.957775528287,0,0,0.17678304417055565,SELL PRESSURE / SYSTEM LONG,High
2025-11-10 05:00:00+00:00,-159.82,-303.975882278304,0,0,0.13499766254778456,SELL PRESSURE / SYSTEM LONG,High
2025-11-10 05:30:00+00:00,-236.28,-41.649070737163186,0,0,0.39949038775041684,SELL PRESSURE / SYSTEM LONG,Medium
2025-11-10 06:00:00+00:00,-296.57,-312.4932692215506,0,0,0.07199923125311168,SELL PRESSURE / SYSTEM LONG,High
2025-11-10 06:30:00+00:00,-1476.82,-630.2297244260129,0,0,0.03557497259439415,SELL PRESSURE / SYSTEM LONG,High
2025-11-10 07:00:00+00:00,-983.28,-648.1278601014849,0,0,0.10896649444111647,SELL PRESSURE / SYSTEM LONG,High
2025-11-10 07:30:00+00:00,96.91,21.79159325668905,1,1,0.6357853552523729,BUY PRESSURE / SYSTEM SHORT,Medium
2025-11-10 08:00:00+00:00,-918.84,-575.3247404516463,0,0,0.07829701618281563,SELL PRESSURE / SYSTEM LONG,High
2025-11-10 08:30:00+00:00,-862.36,-768.5456609546429,0,0,0.02575382687346043,SELL PRESSURE / SYSTEM LONG,High
2025-11-10 09:00:00+00:00,-261.49,-292.3853295659061,0,0,0.12431119122308693,SELL PRESSURE / SYSTEM LONG,High
2025-11-10 09:30:00+00:00,-293.37,-409.4296216303072,0,0,0.02295413752011553,SELL PRESSURE / SYSTEM LONG,High
2025-11-10 10:00:00+00:00,-1102.91,-592.6582147119501,0,0,0.03306794937353482,SELL PRESSURE / SYSTEM LONG,High
2025-11-10 10:30:00+00:00,-1136.67,-1040.9889995797953,0,0,0.01328902132774391,SELL PRESSURE / SYSTEM LONG,High
2025-11-10 11:00:00+00:00,-1000.55,-922.588922504435,0,0,0.012431529510516029,SELL PRESSURE / SYSTEM LONG,High
2025-11-10 11:30:00+00:00,-423.16,-484.36701258239265,0,0,0.01790583804527476,SELL PRESSURE / SYSTEM LONG,High
2025-11-10 12:00:00+00:00,-643.96,-419.99269484384126,0,0,0.02316020133620862,SELL PRESSURE / SYSTEM LONG,High
2025-11-10 12:30:00+00:00,-511.88,-484.54841496467606,0,0,0.018215820906265216,SELL PRESSURE / SYSTEM LONG,High
2025-11-10 13:00:00+00:00,-505.81,-412.60027313307603,0,0,0.030357976306349052,SELL PRESSURE / SYSTEM LONG,High
2025-11-10 13:30:00+00:00,-977.76,-800.7664778256898,0,0,0.030281580351718,SELL PRESSURE / SYSTEM LONG,High
2025-11-10 14:00:00+00:00,-319.09,-134.99730498237597,0,0,0.4844018193608571,SELL PRESSURE / SYSTEM LONG,Low
2025-11-10 14:30:00+00:00,-205.71,-56.06720256903421,0,1,0.6363439536490898,BUY PRESSURE / SYSTEM SHORT,Medium
2025-11-10 15:00:00+00:00,-704.84,-699.3870227458038,0,0,0.025628882429425702,SELL PRESSURE / SYSTEM LONG,High
2025-11-10 15:30:00+00:00,-394.54,-595.9046772268787,0,0,0.020359784139518573,SELL PRESSURE / SYSTEM LONG,High
2025-11-10 16:00:00+00:00,-677.04,-524.0254463122036,0,0,0.03932125598067203,SELL PRESSURE / SYSTEM LONG,High
2025-11-10 16:30:00+00:00,-1424.38,-849.4543888812175,0,0,0.03373531731214371,SELL PRESSURE / SYSTEM LONG,High
2025-11-10 17:00:00+00:00,-984.4,-695.165854384422,0,0,0.028042524765245318,SELL PRESSURE / SYSTEM LONG,High
2025-11-10 17:30:00+00:00,-90.63,56.56791530302695,0,1,0.6387490350245872,BUY PRESSURE / SYSTEM SHORT,Medium
2025-11-10 18:00:00+00:00,-81.02,-85.69130020352402,0,0,0.45491738305947266,SELL PRESSURE / SYSTEM LONG,Low
2025-11-10 18:30:00+00:00,-278.78,-152.59237552976666,0,0,0.3792870338890693,SELL PRESSURE / SYSTEM LONG,Medium
2025-11-10 19:00:00+00:00,355.31,77.17067356265093,1,1,0.7383073456174128,BUY PRESSURE / SYSTEM SHORT,High
2025-11-10 19:30:00+00:00,178.26,89.6445538659459,1,1,0.6953536515130978,BUY PRESSURE / SYSTEM SHORT,Medium
2025-11-10 20:00:00+00:00,618.52,428.2584033727386,1,1,0.914262184223062,BUY PRESSURE / SYSTEM SHORT,High
2025-11-10 20:30:00+00:00,-133.57,83.50674034695221,0,1,0.7150150598098624,BUY PRESSURE / SYSTEM SHORT,High
2025-11-10 21:00:00+00:00,-165.7,-272.29294137010606,0,0,0.1346198883057259,SELL PRESSURE / SYSTEM LONG,High
2025-11-10 21:30:00+00:00,131.47,61.05629302740584,1,1,0.6699316124577374,BUY PRESSURE / SYSTEM SHORT,Medium
2025-11-10 22:00:00+00:00,-107.61,12.484829572886927,0,1,0.5800725892777137,BUY PRESSURE / SYSTEM SHORT,Medium
2025-11-10 22:30:00+00:00,504.27,195.18739937710205,1,1,0.8954023886812738,BUY PRESSURE / SYSTEM SHORT,High
2025-11-10 23:00:00+00:00,629.13,582.3133404261253,1,1,0.9734531375789406,BUY PRESSURE / SYSTEM SHORT,High
2025-11-10 23:30:00+00:00,87.46,87.39783248796279,1,1,0.7061551300663953,BUY PRESSURE / SYSTEM SHORT,High
2025-11-11 00:00:00+00:00,490.62,419.8776190900925,1,1,0.9092926041950595,BUY PRESSURE / SYSTEM SHORT,High
2025-11-11 00:30:00+00:00,631.13,490.2146709558115,1,1,0.9525201367932878,BUY PRESSURE / SYSTEM SHORT,High
2025-11-11 01:00:00+00:00,154.58,-186.47670221715578,1,0,0.3124233261114263,SELL PRESSURE / SYSTEM LONG,Medium
2025-11-11 01:30:00+00:00,-51.45,114.73387012700017,0,1,0.8162489061681018,BUY PRESSURE / SYSTEM SHORT,High
2025-11-11 02:00:00+00:00,439.03,240.93846109536082,1,1,0.9037843436333942,BUY PRESSURE / SYSTEM SHORT,High
2025-11-11 02:30:00+00:00,275.62,62.14101175132639,1,1,0.7161963833261921,BUY PRESSURE / SYSTEM SHORT,High
2025-11-11 03:00:00+00:00,114.69,57.02776918911823,1,1,0.674891281234892,BUY PRESSURE / SYSTEM SHORT,Medium
2025-11-11 03:30:00+00:00,-199.81,-136.35155175595418,0,0,0.29721445488697534,SELL PRESSURE / SYSTEM LONG,High
2025-11-11 04:00:00+00:00,-354.24,-330.3996837499533,0,0,0.08136504096965574,SELL PRESSURE / SYSTEM LONG,High
2025-11-11 04:30:00+00:00,-423.47,-358.85877470738455,0,0,0.06567166338924615,SELL PRESSURE / SYSTEM LONG,High
2025-11-11 05:00:00+00:00,-26.27,-194.71441576998012,0,0,0.22346229189163228,SELL PRESSURE / SYSTEM LONG,High
2025-11-11 05:30:00+00:00,-116.53,-101.23441626375966,0,0,0.4228434875496406,SELL PRESSURE / SYSTEM LONG,Medium
2025-11-11 06:00:00+00:00,-413.79,-225.64935953445362,0,0,0.115494139925714,SELL PRESSURE / SYSTEM LONG,High
2025-11-11 06:30:00+00:00,-255.41,-124.93604651142323,0,0,0.2758924041745076,SELL PRESSURE / SYSTEM LONG,High
2025-11-11 07:00:00+00:00,-75.77,56.75083695984858,0,1,0.7299078913492248,BUY PRESSURE / SYSTEM SHORT,High
2025-11-11 07:30:00+00:00,377.76,352.00951534501945,1,1,0.9190463712959713,BUY PRESSURE / SYSTEM SHORT,High
2025-11-11 08:00:00+00:00,751.98,596.2147105596348,1,1,0.9619515925985793,BUY PRESSURE / SYSTEM SHORT,High
2025-11-11 08:30:00+00:00,484.08,390.13966837838933,1,1,0.9674277989963602,BUY PRESSURE / SYSTEM SHORT,High
2025-11-11 09:00:00+00:00,179.26,347.44311016458875,1,1,0.91506853093963,BUY PRESSURE / SYSTEM SHORT,High
2025-11-11 09:30:00+00:00,-264.26,129.78015291730892,0,1,0.8573471526871365,BUY PRESSURE / SYSTEM SHORT,High
2025-11-11 10:00:00+00:00,-655.92,-480.7955498922825,0,0,0.05769259131971876,SELL PRESSURE / SYSTEM LONG,High
2025-11-11 10:30:00+00:00,-113.16,-315.18117886241345,0,0,0.11739935215669312,SELL PRESSURE / SYSTEM LONG,High
2025-11-11 11:00:00+00:00,21.21,-170.0145828514513,1,0,0.24522863403395345,SELL PRESSURE / SYSTEM LONG,High
2025-11-11 11:30:00+00:00,-363.66,-404.74294185187796,0,0,0.049928619646027995,SELL PRESSURE / SYSTEM LONG,High
2025-11-11 12:00:00+00:00,-420.53,-466.799302744512,0,0,0.020612057029969023,SELL PRESSURE / SYSTEM LONG,High
2025-11-11 12:30:00+00:00,-555.05,-584.312015122376,0,0,0.03334411491913437,SELL PRESSURE / SYSTEM LONG,High
2025-11-11 13:00:00+00:00,-11.55,-375.8210855811127,0,0,0.08267079093984721,SELL PRESSURE / SYSTEM LONG,High
2025-11-11 13:30:00+00:00,-724.45,-520.5680010170779,0,0,0.05149831379810322,SELL PRESSURE / SYSTEM LONG,High
2025-11-11 14:00:00+00:00,-277.84,-438.1548135940244,0,0,0.021904771606500412,SELL PRESSURE / SYSTEM LONG,High
2025-11-11 14:30:00+00:00,-653.33,-323.82966314224586,0,0,0.050382256740979445,SELL PRESSURE / SYSTEM LONG,High
2025-11-11 15:00:00+00:00,-506.26,-655.7790012335552,0,0,0.015001635584204481,SELL PRESSURE / SYSTEM LONG,High
2025-11-11 15:30:00+00:00,-312.43,-365.1738256993047,0,0,0.04440635547664675,SELL PRESSURE / SYSTEM LONG,High
2025-11-11 16:00:00+00:00,-323.57,-480.0624817520375,0,0,0.030817062176411607,SELL PRESSURE / SYSTEM LONG,High
2025-11-11 16:30:00+00:00,-305.29,-264.92942879753355,0,0,0.12146624171334264,SELL PRESSURE / SYSTEM LONG,High
2025-11-11 17:00:00+00:00,343.55,96.26853842921174,1,1,0.723445010345322,BUY PRESSURE / SYSTEM SHORT,High
2025-11-11 17:30:00+00:00,-318.31,-90.11492468612461,0,0,0.4112852565971792,SELL PRESSURE / SYSTEM LONG,Medium
2025-11-11 18:00:00+00:00,-253.35,-256.24630024288604,0,0,0.12944955646767178,SELL PRESSURE / SYSTEM LONG,High
2025-11-11 18:30:00+00:00,-83.54,106.53346138568887,0,1,0.7877691306235414,BUY PRESSURE / SYSTEM SHORT,High
2025-11-11 19:00:00+00:00,284.97,320.10179149017335,1,1,0.9438557248002035,BUY PRESSURE / SYSTEM SHORT,High
2025-11-11 19:30:00+00:00,-397.12,-6.604479714233626,0,1,0.5303919689666745,BUY PRESSURE / SYSTEM SHORT,Low
2025-11-11 20:00:00+00:00,-137.9,-209.19995845120542,0,0,0.16149746575131296,SELL PRESSURE / SYSTEM LONG,High
2025-11-11 20:30:00+00:00,145.94,140.1240454139684,1,1,0.7984185138116063,BUY PRESSURE / SYSTEM SHORT,High
2025-11-11 21:00:00+00:00,167.62,26.484809076126048,1,1,0.6460159495422721,BUY PRESSURE / SYSTEM SHORT,Medium
2025-11-11 21:30:00+00:00,69.97,239.31092710939774,1,1,0.8890067571631518,BUY PRESSURE / SYSTEM SHORT,High
2025-11-11 22:00:00+00:00,619.7,444.04320447031597,1,1,0.8932316500458954,BUY PRESSURE / SYSTEM SHORT,High
2025-11-11 22:30:00+00:00,153.24,195.5187687728215,1,1,0.8593405578277992,BUY PRESSURE / SYSTEM SHORT,High
2025-11-11 23:00:00+00:00,-263.31,-182.55636513746205,0,0,0.23400718518056693,SELL PRESSURE / SYSTEM LONG,High
2025-11-11 23:30:00+00:00,-566.54,-341.83214395853463,0,0,0.09600955836640152,SELL PRESSURE / SYSTEM LONG,High
2025-11-12 00:00:00+00:00,-14.08,-271.7031205820705,0,0,0.14776738480701046,SELL PRESSURE / SYSTEM LONG,High
2025-11-12 00:30:00+00:00,-2.42,-189.21006102763403,0,0,0.20079826352337335,SELL PRESSURE / SYSTEM LONG,High
2025-11-12 01:00:00+00:00,-214.1,-125.36753861493462,0,0,0.2185270910348599,SELL PRESSURE / SYSTEM LONG,High
2025-11-12 01:30:00+00:00,-174.78,-385.4455655711068,0,0,0.06425803635275754,SELL PRESSURE / SYSTEM LONG,High
2025-11-12 02:00:00+00:00,-261.79,-170.07554045810667,0,0,0.19922645330461905,SELL PRESSURE / SYSTEM LONG,High
2025-11-12 02:30:00+00:00,524.75,270.4423360207815,1,1,0.8443527290833447,BUY PRESSURE / SYSTEM SHORT,High
2025-11-12 03:00:00+00:00,-73.6,225.0593962928516,0,1,0.8683059999175152,BUY PRESSURE / SYSTEM SHORT,High
2025-11-12 03:30:00+00:00,-359.09,-378.7584950671595,0,0,0.06088918824987152,SELL PRESSURE / SYSTEM LONG,High
2025-11-12 04:00:00+00:00,-500.57,-383.0413242375914,0,0,0.04361241966097189,SELL PRESSURE / SYSTEM LONG,High
2025-11-12 04:30:00+00:00,-449.78,-242.00243514361588,0,0,0.14629287692594375,SELL PRESSURE / SYSTEM LONG,High
2025-11-12 05:00:00+00:00,18.22,-136.8365689967506,1,0,0.2891579077879893,SELL PRESSURE / SYSTEM LONG,High
2025-11-12 05:30:00+00:00,-88.76,-100.09901530744231,0,0,0.3013155989719855,SELL PRESSURE / SYSTEM LONG,Medium
2025-11-12 06:00:00+00:00,149.75,12.788632885124837,1,1,0.6326722560822468,BUY PRESSURE / SYSTEM SHORT,Medium
2025-11-12 06:30:00+00:00,431.3,207.4889848821935,1,1,0.9209416609362715,BUY PRESSURE / SYSTEM SHORT,High
2025-11-12 07:00:00+00:00,-760.36,-291.7188321481732,0,0,0.17130581979282725,SELL PRESSURE / SYSTEM LONG,High
2025-11-12 07:30:00+00:00,-487.9,-405.7620677823914,0,0,0.06448254789586058,SELL PRESSURE / SYSTEM LONG,High
2025-11-12 08:00:00+00:00,-1024.53,-690.6067499326253,0,0,0.040869646989426585,SELL PRESSURE / SYSTEM LONG,High
2025-11-12 08:30:00+00:00,-763.61,-616.2856104499482,0,0,0.017754751906714203,SELL PRESSURE / SYSTEM LONG,High
2025-11-12 09:00:00+00:00,-94.54,-265.81630546067254,0,0,0.09722443507720423,SELL PRESSURE / SYSTEM LONG,High
2025-11-12 09:30:00+00:00,-278.96,-215.3336061876262,0,0,0.17018289191970992,SELL PRESSURE / SYSTEM LONG,High
2025-11-12 10:00:00+00:00,-206.76,-56.801536417332585,0,1,0.513463034639835,BUY PRESSURE / SYSTEM SHORT,Low
2025-11-12 10:30:00+00:00,-1030.7,-592.325535891796,0,0,0.02984942491592914,SELL PRESSURE / SYSTEM LONG,High
2025-11-12 11:00:00+00:00,-1010.36,-955.2627287391376,0,0,0.016354167738115464,SELL PRESSURE / SYSTEM LONG,High
2025-11-12 11:30:00+00:00,-242.62,-490.34258992085876,0,0,0.07115394347326713,SELL PRESSURE / SYSTEM LONG,High
2025-11-12 12:00:00+00:00,-67.94,-145.62915071117823,0,0,0.2222653940211398,SELL PRESSURE / SYSTEM LONG,High
2025-11-12 12:30:00+00:00,-882.31,-680.8954832041481,0,0,0.059337914069743654,SELL PRESSURE / SYSTEM LONG,High
2025-11-12 13:00:00+00:00,-362.05,-472.7325723748113,0,0,0.03944386223729618,SELL PRESSURE / SYSTEM LONG,High
2025-11-12 13:30:00+00:00,-128.27,-176.46333892773276,0,0,0.1976923282712012,SELL PRESSURE / SYSTEM LONG,High
2025-11-12 14:00:00+00:00,35.0,131.07532256423985,1,1,0.8040983389895121,BUY PRESSURE / SYSTEM SHORT,High
2025-11-12 14:30:00+00:00,-991.29,-657.1327216012974,0,0,0.046678353565786784,SELL PRESSURE / SYSTEM LONG,High
2025-11-12 15:00:00+00:00,-714.45,-674.7144359680407,0,0,0.03278048465325583,SELL PRESSURE / SYSTEM LONG,High
2025-11-12 15:30:00+00:00,-786.57,-595.2435963835757,0,0,0.032457042671610516,SELL PRESSURE / SYSTEM LONG,High
2025-11-12 16:00:00+00:00,-420.58,-493.26520630518957,0,0,0.03310955367623817,SELL PRESSURE / SYSTEM LONG,High
2025-11-12 16:30:00+00:00,-146.21,-150.20345575830117,0,0,0.25926011448744907,SELL PRESSURE / SYSTEM LONG,High
2025-11-12 17:00:00+00:00,117.14,17.84403126922247,1,1,0.6220095320857763,BUY PRESSURE / SYSTEM SHORT,Medium
2025-11-12 17:30:00+00:00,-244.31,-245.83599481453373,0,0,0.20484780133379235,SELL PRESSURE / SYSTEM LONG,High
2025-11-12 18:00:00+00:00,955.44,287.89616613843805,1,1,0.9078273561915526,BUY PRESSURE / SYSTEM SHORT,High
2025-11-12 18:30:00+00:00,452.44,457.95708071234765,1,1,0.9543056275735319,BUY PRESSURE / SYSTEM SHORT,High
2025-11-12 19:00:00+00:00,823.95,546.1918189915399,1,1,0.9581766147176088,BUY PRESSURE / SYSTEM SHORT,High
2025-11-12 19:30:00+00:00,227.27,315.01810942719936,1,1,0.8858312107983715,BUY PRESSURE / SYSTEM SHORT,High
2025-11-12 20:00:00+00:00,138.34,12.234653408977628,1,1,0.6003835637811421,BUY PRESSURE / SYSTEM SHORT,Medium
2025-11-12 20:30:00+00:00,630.43,537.6927379284967,1,1,0.9529244696969738,BUY PRESSURE / SYSTEM SHORT,High
2025-11-12 21:00:00+00:00,256.0,262.19040786279146,1,1,0.9021885452917274,BUY PRESSURE / SYSTEM SHORT,High
2025-11-12 21:30:00+00:00,719.08,458.255257083389,1,1,0.9582402863727982,BUY PRESSURE / SYSTEM SHORT,High
2025-11-12 22:00:00+00:00,1065.45,772.2016182065787,1,1,0.9800172005001984,BUY PRESSURE / SYSTEM SHORT,High
2025-11-12 22:30:00+00:00,440.54,475.94628819525155,1,1,0.9397882267783382,BUY PRESSURE / SYSTEM SHORT,High
2025-11-12 23:00:00+00:00,521.63,516.9155544625224,1,1,0.9458441486055353,BUY PRESSURE / SYSTEM SHORT,High
2025-11-12 23:30:00+00:00,844.95,704.2155684028774,1,1,0.9640248635496113,BUY PRESSURE / SYSTEM SHORT,High
2025-11-13 00:00:00+00:00,213.1,216.7684013016161,1,1,0.9011330937289063,BUY PRESSURE / SYSTEM SHORT,High
2025-11-13 00:30:00+00:00,258.5,524.8734873271812,1,1,0.9346678565608656,BUY PRESSURE / SYSTEM SHORT,High
2025-11-13 01:00:00+00:00,127.3,247.63996626865188,1,1,0.8505927785347661,BUY PRESSURE / SYSTEM SHORT,High
2025-11-13 01:30:00+00:00,53.37,2.663504286657693,1,1,0.6051060918338625,BUY PRESSURE / SYSTEM SHORT,Medium
2025-11-13 02:00:00+00:00,272.38,132.30703218803868,1,1,0.8247255206490487,BUY PRESSURE / SYSTEM SHORT,High
2025-11-13 02:30:00+00:00,192.24,16.852517233574588,1,0,0.49204796562318776,SELL PRESSURE / SYSTEM LONG,Low
2025-11-13 03:00:00+00:00,-85.25,-43.322342922199994,0,0,0.42310346959749295,SELL PRESSURE / SYSTEM LONG,Medium
2025-11-13 03:30:00+00:00,-477.54,-276.7704814639243,0,0,0.13181480107149007,SELL PRESSURE / SYSTEM LONG,High
2025-11-13 04:00:00+00:00,-401.32,-267.15047870599255,0,0,0.16542912800373633,SELL PRESSURE / SYSTEM LONG,High
2025-11-13 04:30:00+00:00,-161.11,-220.78890458772324,0,0,0.18969432409708983,SELL PRESSURE / SYSTEM LONG,High
2025-11-13 05:00:00+00:00,-217.65,-148.98531966402118,0,0,0.288586960601356,SELL PRESSURE / SYSTEM LONG,High
2025-11-13 05:30:00+00:00,-301.41,-308.5533758376853,0,0,0.07647441649183437,SELL PRESSURE / SYSTEM LONG,High
2025-11-13 06:00:00+00:00,-552.55,-394.14045411799634,0,0,0.06981633098354016,SELL PRESSURE / SYSTEM LONG,High
2025-11-13 06:30:00+00:00,-565.67,-369.5185843356503,0,0,0.06492159339860985,SELL PRESSURE / SYSTEM LONG,High
2025-11-13 07:00:00+00:00,-125.63,-38.69501554714868,0,0,0.45881338367933194,SELL PRESSURE / SYSTEM LONG,Low
2025-11-13 07:30:00+00:00,-177.78,-215.76734637919276,0,0,0.17657526127618148,SELL PRESSURE / SYSTEM LONG,High
2025-11-13 08:00:00+00:00,166.81,107.10719570119988,1,1,0.7639657235877755,BUY PRESSURE / SYSTEM SHORT,High
2025-11-13 08:30:00+00:00,90.24,-95.12416086754703,1,0,0.32441719720237666,SELL PRESSURE / SYSTEM LONG,Medium
2025-11-13 09:00:00+00:00,311.0,286.073007062629,1,1,0.9112105922339923,BUY PRESSURE / SYSTEM SHORT,High
2025-11-13 09:30:00+00:00,64.2,26.131244316806946,1,0,0.4893727504954131,SELL PRESSURE / SYSTEM LONG,Low
2025-11-13 10:00:00+00:00,-349.88,-208.20022134000894,0,0,0.17240074724179202,SELL PRESSURE / SYSTEM LONG,High
2025-11-13 10:30:00+00:00,596.65,218.03095139714318,1,1,0.8621466469420166,BUY PRESSURE / SYSTEM SHORT,High
2025-11-13 11:00:00+00:00,432.64,254.94217772121365,1,1,0.8875924387175368,BUY PRESSURE / SYSTEM SHORT,High
2025-11-13 11:30:00+00:00,-19.0,-49.35493317531066,0,0,0.41921998378614234,SELL PRESSURE / SYSTEM LONG,Medium
2025-11-13 12:00:00+00:00,509.66,308.22813102773534,1,1,0.9008322642146882,BUY PRESSURE / SYSTEM SHORT,High
2025-11-13 12:30:00+00:00,338.93,151.20339167024886,1,1,0.801206793530138,BUY PRESSURE / SYSTEM SHORT,High
2025-11-13 13:00:00+00:00,-180.76,-111.97214907675183,0,0,0.2646659124041373,SELL PRESSURE / SYSTEM LONG,High
2025-11-13 13:30:00+00:00,-437.42,-255.39872097867604,0,0,0.0839158414319979,SELL PRESSURE / SYSTEM LONG,High
2025-11-13 14:00:00+00:00,-369.59,-278.4272560637246,0,0,0.10801904661842361,SELL PRESSURE / SYSTEM LONG,High
2025-11-13 14:30:00+00:00,-236.44,-241.60425005384434,0,0,0.10579875859416182,SELL PRESSURE / SYSTEM LONG,High
2025-11-13 15:00:00+00:00,-260.25,-161.44282280990097,0,0,0.21150422619025683,SELL PRESSURE / SYSTEM LONG,High
2025-11-13 15:30:00+00:00,-657.58,-664.1081552406287,0,0,0.03873094287731697,SELL PRESSURE / SYSTEM LONG,High
2025-11-13 16:00:00+00:00,-725.68,-650.0398389275298,0,0,0.02564173542734026,SELL PRESSURE / SYSTEM LONG,High
2025-11-13 16:30:00+00:00,-445.88,-361.1078365868049,0,0,0.03469780673908585,SELL PRESSURE / SYSTEM LONG,High
2025-11-13 17:00:00+00:00,-378.41,-347.3665303020356,0,0,0.06649935524928227,SELL PRESSURE / SYSTEM LONG,High
2025-11-13 17:30:00+00:00,41.16,46.321690273256436,1,1,0.6514084392552121,BUY PRESSURE / SYSTEM SHORT,Medium
2025-11-13 18:00:00+00:00,12.57,145.20801918230444,1,1,0.8525264929394087,BUY PRESSURE / SYSTEM SHORT,High
2025-11-13 18:30:00+00:00,-382.19,-99.64021852429318,0,0,0.4100012467796947,SELL PRESSURE / SYSTEM LONG,Medium
2025-11-13 19:00:00+00:00,-793.6,-439.2121354967453,0,0,0.08119140918555669,SELL PRESSURE / SYSTEM LONG,High
2025-11-13 19:30:00+00:00,-588.96,-349.9233241341675,0,0,0.061944413073860616,SELL PRESSURE / SYSTEM LONG,High
2025-11-13 20:00:00+00:00,378.37,97.62732775597979,1,1,0.6812333413259755,BUY PRESSURE / SYSTEM SHORT,Medium
2025-11-13 20:30:00+00:00,62.67,80.67984212468629,1,1,0.6990750073354463,BUY PRESSURE / SYSTEM SHORT,Medium
2025-11-13 21:00:00+00:00,-342.54,-145.1593202000636,0,0,0.23227959199018597,SELL PRESSURE / SYSTEM LONG,High
2025-11-13 21:30:00+00:00,-639.66,-531.188118112156,0,0,0.07139226844397953,SELL PRESSURE / SYSTEM LONG,High
2025-11-13 22:00:00+00:00,-67.74,-116.19128133352544,0,0,0.32324589619482813,SELL PRESSURE / SYSTEM LONG,Medium
2025-11-13 22:30:00+00:00,-78.03,-211.77000940535146,0,0,0.2234041766395501,SELL PRESSURE / SYSTEM LONG,High
2025-11-13 23:00:00+00:00,-1407.67,-584.3440535127586,0,0,0.057294169611141366,SELL PRESSURE / SYSTEM LONG,High
2025-11-13 23:30:00+00:00,-512.9,-404.3922073465136,0,0,0.04091090841351028,SELL PRESSURE / SYSTEM LONG,High
2025-11-14 00:00:00+00:00,-766.51,-749.4509349658015,0,0,0.03536070108148154,SELL PRESSURE / SYSTEM LONG,High
2025-11-14 00:30:00+00:00,-1061.17,-565.4909315956675,0,0,0.02317925404658616,SELL PRESSURE / SYSTEM LONG,High
2025-11-14 01:00:00+00:00,-81.84,-370.9393987338335,0,0,0.06517855336684994,SELL PRESSURE / SYSTEM LONG,High
2025-11-14 01:30:00+00:00,-395.12,-358.37443160704373,0,0,0.04830668947061231,SELL PRESSURE / SYSTEM LONG,High
2025-11-14 02:00:00+00:00,-595.33,-544.758747746021,0,0,0.024494532509597433,SELL PRESSURE / SYSTEM LONG,High
2025-11-14 02:30:00+00:00,-727.63,-710.8716093805643,0,0,0.02089532716525487,SELL PRESSURE / SYSTEM LONG,High
2025-11-14 03:00:00+00:00,-654.07,-479.1523829361711,0,0,0.04459356344560076,SELL PRESSURE / SYSTEM LONG,High
2025-11-14 03:30:00+00:00,-753.97,-613.5491750530439,0,0,0.015413117669560867,SELL PRESSURE / SYSTEM LONG,High
2025-11-14 04:00:00+00:00,-564.79,-532.4796149543619,0,0,0.01766455972802593,SELL PRESSURE / SYSTEM LONG,High
2025-11-14 04:30:00+00:00,-78.19,-433.7449560544026,0,0,0.060885202177857665,SELL PRESSURE / SYSTEM LONG,High
2025-11-14 05:00:00+00:00,58.73,-232.7846234958361,1,0,0.16144822450465482,SELL PRESSURE / SYSTEM LONG,High
2025-11-14 05:30:00+00:00,-275.69,-171.76644943332678,0,0,0.16109329148508333,SELL PRESSURE / SYSTEM LONG,High
2025-11-14 06:00:00+00:00,-282.58,-56.83008224405105,0,0,0.37818751707021614,SELL PRESSURE / SYSTEM LONG,Medium
2025-11-14 06:30:00+00:00,-257.55,-187.8062181452897,0,0,0.13484227842245117,SELL PRESSURE / SYSTEM LONG,High
2025-11-14 07:00:00+00:00,248.95,70.99664246436377,1,1,0.7274823927120108,BUY PRESSURE / SYSTEM SHORT,High
2025-11-14 07:30:00+00:00,359.26,328.695981911372,1,1,0.9111579264843787,BUY PRESSURE / SYSTEM SHORT,High
2025-11-14 08:00:00+00:00,411.47,462.17235491268775,1,1,0.9514293076608534,BUY PRESSURE / SYSTEM SHORT,High
2025-11-14 08:30:00+00:00,-120.94,36.986614966480985,0,1,0.5004392583384213,BUY PRESSURE / SYSTEM SHORT,Low
2025-11-14 09:00:00+00:00,-207.4,-177.31605737526013,0,0,0.146148112362284,SELL PRESSURE / SYSTEM LONG,High
2025-11-14 09:30:00+00:00,-323.87,-333.18963173440426,0,0,0.04052563643045652,SELL PRESSURE / SYSTEM LONG,High
2025-11-14 10:00:00+00:00,-316.57,-267.4430921415775,0,0,0.1333248988094901,SELL PRESSURE / SYSTEM LONG,High
2025-11-14 10:30:00+00:00,21.85,-129.73797341578336,1,0,0.21780332796427246,SELL PRESSURE / SYSTEM LONG,High
2025-11-14 11:00:00+00:00,51.54,101.39160163054714,1,1,0.7957150337204396,BUY PRESSURE / SYSTEM SHORT,High
2025-11-14 11:30:00+00:00,88.66,-232.25580603586596,1,0,0.11018813662799543,SELL PRESSURE / SYSTEM LONG,High
2025-11-14 12:00:00+00:00,523.49,335.84938803877907,1,1,0.9035344014137813,BUY PRESSURE / SYSTEM SHORT,High
2025-11-14 12:30:00+00:00,245.8,284.8026297960612,1,1,0.9209295950457382,BUY PRESSURE / SYSTEM SHORT,High
2025-11-14 13:00:00+00:00,520.89,287.3181588892083,1,1,0.9128097264422925,BUY PRESSURE / SYSTEM SHORT,High
2025-11-14 13:30:00+00:00,150.31,231.2267769051333,1,1,0.9207311660927189,BUY PRESSURE / SYSTEM SHORT,High
2025-11-14 14:00:00+00:00,231.63,121.10095560416715,1,1,0.7003848675145414,BUY PRESSURE / SYSTEM SHORT,High
2025-11-14 14:30:00+00:00,133.59,154.0406874334275,1,1,0.8453104570572441,BUY PRESSURE / SYSTEM SHORT,High
2025-11-14 15:00:00+00:00,52.27,5.991023992379379,1,1,0.5141321083077746,BUY PRESSURE / SYSTEM SHORT,Low
2025-11-14 15:30:00+00:00,543.62,469.40897875560023,1,1,0.900537270913841,BUY PRESSURE / SYSTEM SHORT,High
2025-11-14 16:00:00+00:00,-73.36,-167.844164930164,0,0,0.3012349159869076,SELL PRESSURE / SYSTEM LONG,Medium
2025-11-14 16:30:00+00:00,-371.78,-367.438985664062,0,0,0.13779979959650882,SELL PRESSURE / SYSTEM LONG,High
2025-11-14 17:00:00+00:00,-249.34,-305.7567985181086,0,0,0.14724192418107984,SELL PRESSURE / SYSTEM LONG,High
2025-11-14 17:30:00+00:00,-121.79,56.60767265093497,0,1,0.7837351916463033,BUY PRESSURE / SYSTEM SHORT,High
2025-11-14 18:00:00+00:00,-714.56,-323.02232059120416,0,0,0.10681316697179886,SELL PRESSURE / SYSTEM LONG,High
2025-11-14 18:30:00+00:00,-206.57,-108.54208919319404,0,0,0.3410437484848165,SELL PRESSURE / SYSTEM LONG,Medium
2025-11-14 19:00:00+00:00,-33.91,-295.1600333455116,0,0,0.13374539864853216,SELL PRESSURE / SYSTEM LONG,High
2025-11-14 19:30:00+00:00,327.18,303.27325748458253,1,1,0.861455808980082,BUY PRESSURE / SYSTEM SHORT,High
2025-11-14 20:00:00+00:00,-230.48,-79.14295009204247,0,0,0.38784754155589596,SELL PRESSURE / SYSTEM LONG,Medium
2025-11-14 20:30:00+00:00,-2.88,-102.38603404322195,0,0,0.3916926873024708,SELL PRESSURE / SYSTEM LONG,Medium
2025-11-14 21:00:00+00:00,20.21,12.724421183266708,1,1,0.6068834275080225,BUY PRESSURE / SYSTEM SHORT,Medium
2025-11-14 21:30:00+00:00,547.8,424.48525187678683,1,1,0.9211053567382979,BUY PRESSURE / SYSTEM SHORT,High
2025-11-14 22:00:00+00:00,577.5,112.92267804025344,1,1,0.7444715148440025,BUY PRESSURE / SYSTEM SHORT,High
2025-11-14 22:30:00+00:00,238.11,303.24424079535135,1,1,0.9306495387958432,BUY PRESSURE / SYSTEM SHORT,High
2025-11-14 23:00:00+00:00,-289.2,-50.07026210801753,0,0,0.4501440581669626,SELL PRESSURE / SYSTEM LONG,Low
2025-11-14 23:30:00+00:00,-808.47,-541.0747881955983,0,0,0.059057970651761556,SELL PRESSURE / SYSTEM LONG,High
2025-11-15 00:00:00+00:00,-651.86,-417.22102988771525,0,0,0.05402191629360005,SELL PRESSURE / SYSTEM LONG,High
2025-11-15 00:30:00+00:00,-127.7,-272.44863248258577,0,0,0.13855361416868608,SELL PRESSURE / SYSTEM LONG,High
2025-11-15 01:00:00+00:00,67.62,-135.4037474751158,1,0,0.2835316070505436,SELL PRESSURE / SYSTEM LONG,High
2025-11-15 01:30:00+00:00,-584.36,-293.41149450210264,0,0,0.08379696042714946,SELL PRESSURE / SYSTEM LONG,High
2025-11-15 02:00:00+00:00,-397.59,-251.70960534243247,0,0,0.15226023537775402,SELL PRESSURE / SYSTEM LONG,High
2025-11-15 02:30:00+00:00,-574.56,-585.7310416705245,0,0,0.03144622558658833,SELL PRESSURE / SYSTEM LONG,High
2025-11-15 03:00:00+00:00,-516.16,-552.2429856282184,0,0,0.016998078318114482,SELL PRESSURE / SYSTEM LONG,High
2025-11-15 03:30:00+00:00,620.62,275.53825252371155,1,1,0.7618586912402996,BUY PRESSURE / SYSTEM SHORT,High
2025-11-15 04:00:00+00:00,607.39,380.51062172712716,1,1,0.9273081288062391,BUY PRESSURE / SYSTEM SHORT,High
2025-11-15 04:30:00+00:00,539.98,337.7154425378123,1,1,0.9281082889900142,BUY PRESSURE / SYSTEM SHORT,High
2025-11-15 05:00:00+00:00,971.42,529.4060351254064,1,1,0.9662194973542992,BUY PRESSURE / SYSTEM SHORT,High
2025-11-15 05:30:00+00:00,136.03,7.407383437117183,1,0,0.4000171681515692,SELL PRESSURE / SYSTEM LONG,Medium
2025-11-15 06:00:00+00:00,382.14,50.460270396483956,1,1,0.6694092754921915,BUY PRESSURE / SYSTEM SHORT,Medium
2025-11-15 06:30:00+00:00,353.76,361.53146848913076,1,1,0.9522449495490686,BUY PRESSURE / SYSTEM SHORT,High
2025-11-15 07:00:00+00:00,266.02,474.3957608776434,1,1,0.9294403561167041,BUY PRESSURE / SYSTEM SHORT,High
2025-11-15 07:30:00+00:00,174.74,346.3136082905726,1,1,0.9453457254857257,BUY PRESSURE / SYSTEM SHORT,High
2025-11-15 08:00:00+00:00,-372.41,-166.28145159449107,0,0,0.18705318998989398,SELL PRESSURE / SYSTEM LONG,High
2025-11-15 08:30:00+00:00,-191.63,-178.8107294905509,0,0,0.1774580307527823,SELL PRESSURE / SYSTEM LONG,High
2025-11-15 09:00:00+00:00,714.32,383.1062778457126,1,1,0.8952908822246719,BUY PRESSURE / SYSTEM SHORT,High
2025-11-15 09:30:00+00:00,748.62,375.1373535479698,1,1,0.9301068121501624,BUY PRESSURE / SYSTEM SHORT,High
2025-11-15 10:00:00+00:00,657.36,519.7089818968171,1,1,0.9370540062861297,BUY PRESSURE / SYSTEM SHORT,High
2025-11-15 10:30:00+00:00,-262.59,-205.0917203426001,0,0,0.27453462743498386,SELL PRESSURE / SYSTEM LONG,High
2025-11-15 11:00:00+00:00,-606.96,-496.3631177676442,0,0,0.06450187009582999,SELL PRESSURE / SYSTEM LONG,High
2025-11-15 11:30:00+00:00,-418.7,-618.7645519860961,0,0,0.03227213935260016,SELL PRESSURE / SYSTEM LONG,High
2025-11-15 12:00:00+00:00,-60.71,-80.48733789738777,0,1,0.5243708616110286,BUY PRESSURE / SYSTEM SHORT,Low
2025-11-15 12:30:00+00:00,-414.45,-252.09042129102727,0,0,0.1257253873968509,SELL PRESSURE / SYSTEM LONG,High
2025-11-15 13:00:00+00:00,-614.39,-366.37483574787024,0,0,0.03162628954187941,SELL PRESSURE / SYSTEM LONG,High
2025-11-15 13:30:00+00:00,-287.54,-451.3059398920825,0,0,0.025864516800091438,SELL PRESSURE / SYSTEM LONG,High
2025-11-15 14:00:00+00:00,496.97,239.96586971978957,1,1,0.8348126328715172,BUY PRESSURE / SYSTEM SHORT,High
2025-11-15 14:30:00+00:00,314.09,292.00526619636713,1,1,0.9121217574909324,BUY PRESSURE / SYSTEM SHORT,High
2025-11-15 15:00:00+00:00,179.29,-37.66374168019425,1,0,0.33890713246628484,SELL PRESSURE / SYSTEM LONG,Medium
2025-11-15 15:30:00+00:00,157.49,173.7869725811389,1,1,0.8624782560150429,BUY PRESSURE / SYSTEM SHORT,High
2025-11-15 16:00:00+00:00,319.81,317.1417237689184,1,1,0.9310075325370885,BUY PRESSURE / SYSTEM SHORT,High
2025-11-15 16:30:00+00:00,-153.43,-218.86946694646377,0,0,0.20192835780582008,SELL PRESSURE / SYSTEM LONG,High
2025-11-15 17:00:00+00:00,-95.72,-84.0043289929526,0,0,0.3855589140782352,SELL PRESSURE / SYSTEM LONG,Medium
2025-11-15 17:30:00+00:00,184.56,126.94091105401901,1,1,0.7826215885646797,BUY PRESSURE / SYSTEM SHORT,High
2025-11-15 18:00:00+00:00,278.73,378.0737423983974,1,1,0.9254740517522471,BUY PRESSURE / SYSTEM SHORT,High
2025-11-15 18:30:00+00:00,616.58,474.69191415859046,1,1,0.9465730400181442,BUY PRESSURE / SYSTEM SHORT,High
2025-11-15 19:00:00+00:00,144.81,159.03882194874882,1,1,0.8412266630566367,BUY PRESSURE / SYSTEM SHORT,High
2025-11-15 19:30:00+00:00,-522.39,-278.2598123693858,0,0,0.14658577085352667,SELL PRESSURE / SYSTEM LONG,High
2025-11-15 20:00:00+00:00,-771.05,-513.0237895695905,0,0,0.05818416373489768,SELL PRESSURE / SYSTEM LONG,High
2025-11-15 20:30:00+00:00,-358.81,-318.7459087625029,0,0,0.11581159495917967,SELL PRESSURE / SYSTEM LONG,High
2025-11-15 21:00:00+00:00,-1082.93,-677.1190926404962,0,0,0.05506515240256892,SELL PRESSURE / SYSTEM LONG,High
2025-11-15 21:30:00+00:00,-1246.49,-867.8420456183167,0,0,0.026225048477172833,SELL PRESSURE / SYSTEM LONG,High
2025-11-15 22:00:00+00:00,-197.68,-82.22878595715503,0,0,0.4351232000553901,SELL PRESSURE / SYSTEM LONG,Medium
2025-11-15 22:30:00+00:00,65.83,-62.45886046171036,1,0,0.39274025018127,SELL PRESSURE / SYSTEM LONG,Medium
2025-11-15 23:00:00+00:00,-459.44,-298.32781518248646,0,0,0.1810520459834636,SELL PRESSURE / SYSTEM LONG,High
2025-11-15 23:30:00+00:00,-946.66,-685.8498391944875,0,0,0.06274126689390877,SELL PRESSURE / SYSTEM LONG,High
2025-11-16 00:00:00+00:00,-998.52,-909.8913697289956,0,0,0.02280024626226995,SELL PRESSURE / SYSTEM LONG,High
2025-11-16 00:30:00+00:00,-999.36,-786.0892508840858,0,0,0.04676276829775417,SELL PRESSURE / SYSTEM LONG,High
2025-11-16 01:00:00+00:00,-920.48,-999.3196294859434,0,0,0.016663489318723065,SELL PRESSURE / SYSTEM LONG,High
2025-11-16 01:30:00+00:00,-906.96,-738.1945490815717,0,0,0.054793826159357274,SELL PRESSURE / SYSTEM LONG,High
2025-11-16 02:00:00+00:00,-760.86,-872.8306362969699,0,0,0.015332405258969718,SELL PRESSURE / SYSTEM LONG,High
2025-11-16 02:30:00+00:00,-748.47,-526.2788440600966,0,0,0.021364075784304323,SELL PRESSURE / SYSTEM LONG,High
2025-11-16 03:00:00+00:00,-414.8,-529.9994028074734,0,0,0.08054937978426845,SELL PRESSURE / SYSTEM LONG,High
2025-11-16 03:30:00+00:00,-1081.42,-845.4252056526201,0,0,0.015867480446827908,SELL PRESSURE / SYSTEM LONG,High
2025-11-16 04:00:00+00:00,-1300.57,-946.431289400579,0,0,0.015786392460872673,SELL PRESSURE / SYSTEM LONG,High
2025-11-16 04:30:00+00:00,-919.03,-478.6011049436014,0,0,0.05385933143354241,SELL PRESSURE / SYSTEM LONG,High
2025-11-16 05:00:00+00:00,-539.77,-397.3473455895894,0,0,0.11511196266333737,SELL PRESSURE / SYSTEM LONG,High
2025-11-16 05:30:00+00:00,-34.99,-163.3046768921006,0,0,0.28964303283942155,SELL PRESSURE / SYSTEM LONG,High
2025-11-16 06:00:00+00:00,400.09,-69.77927261733171,1,0,0.3931840605949808,SELL PRESSURE / SYSTEM LONG,Medium
2025-11-16 06:30:00+00:00,335.35,517.2917296253169,1,1,0.9478831580839138,BUY PRESSURE / SYSTEM SHORT,High
2025-11-16 07:00:00+00:00,-3.18,239.4268711166598,0,1,0.9069746552834743,BUY PRESSURE / SYSTEM SHORT,High
2025-11-16 07:30:00+00:00,282.45,259.33394408674855,1,1,0.9025629762452566,BUY PRESSURE / SYSTEM SHORT,High
2025-11-16 08:00:00+00:00,95.45,336.88215878467,1,1,0.9238630315079789,BUY PRESSURE / SYSTEM SHORT,High
2025-11-16 08:30:00+00:00,72.79,-152.2338095844567,1,0,0.33590865072771925,SELL PRESSURE / SYSTEM LONG,Medium
2025-11-16 09:00:00+00:00,-221.66,-14.050006663540264,0,1,0.5284362068014409,BUY PRESSURE / SYSTEM SHORT,Low
2025-11-16 09:30:00+00:00,-660.26,-576.9543274064007,0,0,0.05010056153954104,SELL PRESSURE / SYSTEM LONG,High
2025-11-16 10:00:00+00:00,-275.25,-406.68973396141917,0,0,0.061397239293427164,SELL PRESSURE / SYSTEM LONG,High
2025-11-16 10:30:00+00:00,-74.68,-62.29349937264079,0,0,0.4719292368173621,SELL PRESSURE / SYSTEM LONG,Low
2025-11-16 11:00:00+00:00,151.48,255.45290510920458,1,1,0.8562249319839185,BUY PRESSURE / SYSTEM SHORT,High
2025-11-16 11:30:00+00:00,160.81,114.4550997095669,1,1,0.8250646616192777,BUY PRESSURE / SYSTEM SHORT,High
2025-11-16 12:00:00+00:00,-42.82,226.98511320057384,0,1,0.8488959596808295,BUY PRESSURE / SYSTEM SHORT,High
2025-11-16 12:30:00+00:00,-581.27,-248.76920831908726,0,0,0.14865385372209275,SELL PRESSURE / SYSTEM LONG,High
2025-11-16 13:00:00+00:00,-184.02,-356.57538132706594,0,0,0.1545743156264155,SELL PRESSURE / SYSTEM LONG,High
2025-11-16 13:30:00+00:00,-364.54,-349.6933299075177,0,0,0.056935279147992054,SELL PRESSURE / SYSTEM LONG,High
2025-11-16 14:00:00+00:00,-162.53,54.99104372214428,0,1,0.7560680542361448,BUY PRESSURE / SYSTEM SHORT,High
2025-11-16 14:30:00+00:00,-266.74,-379.49823054867846,0,0,0.14556931261032025,SELL PRESSURE / SYSTEM LONG,High
2025-11-16 15:00:00+00:00,-234.98,-200.00162348506066,0,0,0.15464830435749938,SELL PRESSURE / SYSTEM LONG,High
2025-11-16 15:30:00+00:00,-264.53,-22.355136170948313,0,0,0.4690460489505678,SELL PRESSURE / SYSTEM LONG,Low
2025-11-16 16:00:00+00:00,-395.57,-347.53323057515644,0,0,0.06470800478865411,SELL PRESSURE / SYSTEM LONG,High
2025-11-16 16:30:00+00:00,76.16,14.955136851296507,1,1,0.554396621731074,BUY PRESSURE / SYSTEM SHORT,Medium
2025-11-16 17:00:00+00:00,-89.95,-245.89247554875962,0,0,0.12717926734940857,SELL PRESSURE / SYSTEM LONG,High
2025-11-16 17:30:00+00:00,-344.41,-138.21972040949422,0,0,0.2752866000908497,SELL PRESSURE / SYSTEM LONG,High
2025-11-16 18:00:00+00:00,-605.11,-440.6172453571513,0,0,0.06988526513874373,SELL PRESSURE / SYSTEM LONG,High
2025-11-16 18:30:00+00:00,-446.56,-62.355497226794476,0,0,0.3501327947872085,SELL PRESSURE / SYSTEM LONG,Medium
2025-11-16 19:00:00+00:00,-57.89,-340.1222514464118,0,0,0.08375881539051297,SELL PRESSURE / SYSTEM LONG,High
2025-11-16 19:30:00+00:00,-877.37,-623.6966562547932,0,0,0.05576635393731274,SELL PRESSURE / SYSTEM LONG,High
2025-11-16 20:00:00+00:00,-754.41,-416.8955481444433,0,0,0.05565221162728559,SELL PRESSURE / SYSTEM LONG,High
2025-11-16 20:30:00+00:00,-301.7,-205.5859061547757,0,0,0.14089720974737555,SELL PRESSURE / SYSTEM LONG,High
2025-11-16 21:00:00+00:00,-789.06,-675.9822291505697,0,0,0.055139448510319496,SELL PRESSURE / SYSTEM LONG,High
2025-11-16 21:30:00+00:00,-1087.85,-559.6190327573696,0,0,0.019545348733921216,SELL PRESSURE / SYSTEM LONG,High
2025-11-16 22:00:00+00:00,-673.84,-431.0155570056904,0,0,0.040634214243139594,SELL PRESSURE / SYSTEM LONG,High
2025-11-16 22:30:00+00:00,-331.04,-283.2753092201311,0,0,0.1294035553982622,SELL PRESSURE / SYSTEM LONG,High
2025-11-16 23:00:00+00:00,-61.63,-162.44673218141637,0,0,0.19883680558351471,SELL PRESSURE / SYSTEM LONG,High
2025-11-16 23:30:00+00:00,-525.99,-267.1041862039567,0,0,0.12608287433374762,SELL PRESSURE / SYSTEM LONG,High
2025-11-17 00:00:00+00:00,-230.71,-93.55314871962409,0,0,0.38893697326845206,SELL PRESSURE / SYSTEM LONG,Medium
2025-11-17 00:30:00+00:00,199.64,69.81332054866425,1,1,0.7018815749693155,BUY PRESSURE / SYSTEM SHORT,High
2025-11-17 01:00:00+00:00,-57.97,-316.3441649725134,0,0,0.12449271526436517,SELL PRESSURE / SYSTEM LONG,High
2025-11-17 01:30:00+00:00,-153.21,178.64455136528628,0,1,0.8721237420912438,BUY PRESSURE / SYSTEM SHORT,High
2025-11-17 02:00:00+00:00,-173.69,99.98194509781477,0,1,0.7402228976686648,BUY PRESSURE / SYSTEM SHORT,High
2025-11-17 02:30:00+00:00,-304.16,-267.76463971695125,0,0,0.07926224710482138,SELL PRESSURE / SYSTEM LONG,High
2025-11-17 03:00:00+00:00,-21.11,-256.67291464989296,0,0,0.1869005363699806,SELL PRESSURE / SYSTEM LONG,High
2025-11-17 03:30:00+00:00,-778.39,-410.79228070402974,0,0,0.06402785448585407,SELL PRESSURE / SYSTEM LONG,High
2025-11-17 04:00:00+00:00,-780.17,-596.7200214563823,0,0,0.026186688717276082,SELL PRESSURE / SYSTEM LONG,High
2025-11-17 04:30:00+00:00,-1075.77,-923.7119619196976,0,0,0.028047042310196786,SELL PRESSURE / SYSTEM LONG,High
2025-11-17 05:00:00+00:00,-628.91,-745.7488082283215,0,0,0.039231343256229165,SELL PRESSURE / SYSTEM LONG,High
2025-11-17 05:30:00+00:00,-11.73,-23.917513508990897,0,1,0.5649957900606658,BUY PRESSURE / SYSTEM SHORT,Medium
2025-11-17 06:00:00+00:00,-80.28,179.71252174301438,0,1,0.8001772164681816,BUY PRESSURE / SYSTEM SHORT,High
2025-11-17 06:30:00+00:00,-438.55,-6.8559778540629654,0,1,0.5036501967842189,BUY PRESSURE / SYSTEM SHORT,Low
2025-11-17 07:00:00+00:00,-131.02,-141.0171337671162,0,0,0.24523990367487136,SELL PRESSURE / SYSTEM LONG,High
2025-11-17 07:30:00+00:00,-404.92,-273.9481618772987,0,0,0.12369760517654628,SELL PRESSURE / SYSTEM LONG,High
2025-11-17 08:00:00+00:00,-148.77,-87.19015953704982,0,0,0.31785294400755165,SELL PRESSURE / SYSTEM LONG,Medium
2025-11-17 08:30:00+00:00,82.69,87.27412651777408,1,1,0.7984850519983653,BUY PRESSURE / SYSTEM SHORT,High
2025-11-17 09:00:00+00:00,-139.78,-223.35841175230803,0,0,0.09792738515281975,SELL PRESSURE / SYSTEM LONG,High
2025-11-17 09:30:00+00:00,-304.31,-407.14279724610856,0,0,0.045815853312456405,SELL PRESSURE / SYSTEM LONG,High
2025-11-17 10:00:00+00:00,-880.5,-596.3134779876535,0,0,0.023793223634810998,SELL PRESSURE / SYSTEM LONG,High
2025-11-17 10:30:00+00:00,-173.99,-66.8158683055421,0,1,0.557053570245779,BUY PRESSURE / SYSTEM SHORT,Medium
2025-11-17 11:00:00+00:00,-167.46,-99.74839291161263,0,0,0.3985788041962523,SELL PRESSURE / SYSTEM LONG,Medium
2025-11-17 11:30:00+00:00,-188.29,-317.17963763341146,0,0,0.06638172648534546,SELL PRESSURE / SYSTEM LONG,High
2025-11-17 12:00:00+00:00,-289.07,-271.72603035710995,0,0,0.06942117613731448,SELL PRESSURE / SYSTEM LONG,High
2025-11-17 12:30:00+00:00,-435.67,-432.76308444386376,0,0,0.04339818503381266,SELL PRESSURE / SYSTEM LONG,High
2025-11-17 13:00:00+00:00,-981.71,-741.9811109553385,0,0,0.022182324027435064,SELL PRESSURE / SYSTEM LONG,High
2025-11-17 13:30:00+00:00,-1415.92,-1011.1388962770533,0,0,0.01120772098422528,SELL PRESSURE / SYSTEM LONG,High
2025-11-17 14:00:00+00:00,-1575.16,-1108.9813141636057,0,0,0.007980813926662288,SELL PRESSURE / SYSTEM LONG,High
2025-11-17 14:30:00+00:00,-1325.22,-888.3060421239851,0,0,0.021857036292083288,SELL PRESSURE / SYSTEM LONG,High
2025-11-17 15:00:00+00:00,-979.57,-935.1521448361334,0,0,0.02075151894871728,SELL PRESSURE / SYSTEM LONG,High
2025-11-17 15:30:00+00:00,-279.77,-191.59030714765197,0,0,0.24409623543800282,SELL PRESSURE / SYSTEM LONG,High
2025-11-17 16:00:00+00:00,173.87,238.4606779690649,1,1,0.7864902244243009,BUY PRESSURE / SYSTEM SHORT,High
2025-11-17 16:30:00+00:00,-368.8,-366.74337817482456,0,0,0.1177135029416827,SELL PRESSURE / SYSTEM LONG,High
2025-11-17 17:00:00+00:00,-327.43,-330.23034994675623,0,0,0.10132023155927426,SELL PRESSURE / SYSTEM LONG,High
2025-11-17 17:30:00+00:00,-460.51,-340.46530213670565,0,0,0.09645778475453479,SELL PRESSURE / SYSTEM LONG,High
2025-11-17 18:00:00+00:00,-67.79,96.09846047945716,0,1,0.757281721269298,BUY PRESSURE / SYSTEM SHORT,High
2025-11-17 18:30:00+00:00,-629.43,-361.5358852243521,0,0,0.10649560712864156,SELL PRESSURE / SYSTEM LONG,High
2025-11-17 19:00:00+00:00,-688.56,-455.54981133522097,0,0,0.03935805408496882,SELL PRESSURE / SYSTEM LONG,High
2025-11-17 19:30:00+00:00,584.8,62.59427324125174,1,1,0.6420044969655885,BUY PRESSURE / SYSTEM SHORT,Medium
2025-11-17 20:00:00+00:00,332.09,157.43633007269722,1,1,0.8341569261956898,BUY PRESSURE / SYSTEM SHORT,High
2025-11-17 20:30:00+00:00,194.76,357.2058842886825,1,1,0.9362423568134528,BUY PRESSURE / SYSTEM SHORT,High
2025-11-17 21:00:00+00:00,164.22,68.88319851812075,1,1,0.6487854087336714,BUY PRESSURE / SYSTEM SHORT,Medium
2025-11-17 21:30:00+00:00,-764.9,-470.803129302153,0,0,0.12856788240916903,SELL PRESSURE / SYSTEM LONG,High
2025-11-17 22:00:00+00:00,-709.21,-578.4918840136022,0,0,0.048882706195966824,SELL PRESSURE / SYSTEM LONG,High
2025-11-17 22:30:00+00:00,-903.25,-762.9318064862111,0,0,0.031115534989439485,SELL PRESSURE / SYSTEM LONG,High
2025-11-17 23:00:00+00:00,-437.18,-400.54252705520594,0,0,0.058931200888220285,SELL PRESSURE / SYSTEM LONG,High
2025-11-17 23:30:00+00:00,-557.65,-401.4823931020068,0,0,0.07513868185457134,SELL PRESSURE / SYSTEM LONG,High
2025-11-18 00:00:00+00:00,-422.18,-330.42562720718894,0,0,0.11545018444577211,SELL PRESSURE / SYSTEM LONG,High
2025-11-18 00:30:00+00:00,-568.21,-387.9900820499887,0,0,0.03473554327099924,SELL PRESSURE / SYSTEM LONG,High
2025-11-18 01:00:00+00:00,-662.59,-667.2078030651226,0,0,0.02420050535848324,SELL PRESSURE / SYSTEM LONG,High
2025-11-18 01:30:00+00:00,-999.7,-769.392394731749,0,0,0.014286836902285207,SELL PRESSURE / SYSTEM LONG,High
2025-11-18 02:00:00+00:00,-487.46,-493.41499405820434,0,0,0.03415926342948861,SELL PRESSURE / SYSTEM LONG,High
2025-11-18 02:30:00+00:00,-1242.05,-849.2497594865371,0,0,0.01774528356125436,SELL PRESSURE / SYSTEM LONG,High
2025-11-18 03:00:00+00:00,-880.32,-597.3739469808977,0,0,0.019953276068708992,SELL PRESSURE / SYSTEM LONG,High
2025-11-18 03:30:00+00:00,-531.29,-670.354232908789,0,0,0.02166914615051133,SELL PRESSURE / SYSTEM LONG,High
2025-11-18 04:00:00+00:00,-628.1,-578.2299696972642,0,0,0.027843572932107784,SELL PRESSURE / SYSTEM LONG,High
2025-11-18 04:30:00+00:00,-215.95,-200.18231579705258,0,0,0.25548261955973683,SELL PRESSURE / SYSTEM LONG,High
2025-11-18 05:00:00+00:00,-265.69,-247.34864230314793,0,0,0.1247789979545765,SELL PRESSURE / SYSTEM LONG,High
2025-11-18 05:30:00+00:00,-340.2,-135.27205991921312,0,0,0.30420853315037927,SELL PRESSURE / SYSTEM LONG,Medium
2025-11-18 06:00:00+00:00,-700.97,-662.3985038602513,0,0,0.09909450281135473,SELL PRESSURE / SYSTEM LONG,High
2025-11-18 06:30:00+00:00,-760.04,-702.5064211487971,0,0,0.02530838043664227,SELL PRESSURE / SYSTEM LONG,High
2025-11-18 07:00:00+00:00,-48.49,-68.67805587786889,0,0,0.442489100650413,SELL PRESSURE / SYSTEM LONG,Medium
2025-11-18 07:30:00+00:00,230.39,-9.540250851849876,1,1,0.586774313872947,BUY PRESSURE / SYSTEM SHORT,Medium
2025-11-18 08:00:00+00:00,247.75,183.2137348137617,1,1,0.8888902031070275,BUY PRESSURE / SYSTEM SHORT,High
2025-11-18 08:30:00+00:00,-831.8,-499.4857081302193,0,0,0.136026481509543,SELL PRESSURE / SYSTEM LONG,High
2025-11-18 09:00:00+00:00,-532.75,-311.13790330168143,0,0,0.09682788060285687,SELL PRESSURE / SYSTEM LONG,High
2025-11-18 09:30:00+00:00,498.05,-54.22791842630518,1,1,0.5206369007366256,BUY PRESSURE / SYSTEM SHORT,Low
2025-11-18 10:00:00+00:00,185.16,143.357898324686,1,1,0.8176336460919987,BUY PRESSURE / SYSTEM SHORT,High
2025-11-18 10:30:00+00:00,-532.93,-331.3682203952376,0,0,0.1560567682966278,SELL PRESSURE / SYSTEM LONG,High
2025-11-18 11:00:00+00:00,-156.11,-236.8424491882232,0,0,0.1337398695106908,SELL PRESSURE / SYSTEM LONG,High
2025-11-18 11:30:00+00:00,-121.86,-197.5898641731118,0,0,0.19316696558114305,SELL PRESSURE / SYSTEM LONG,High
2025-11-18 12:00:00+00:00,-218.53,-140.9521100633083,0,0,0.18059608519885884,SELL PRESSURE / SYSTEM LONG,High
2025-11-18 12:30:00+00:00,-317.07,-202.83749213448067,0,0,0.18627557385727736,SELL PRESSURE / SYSTEM LONG,High
2025-11-18 13:00:00+00:00,-209.38,-299.66062510522084,0,0,0.11687445180762669,SELL PRESSURE / SYSTEM LONG,High
2025-11-18 13:30:00+00:00,-767.23,-664.7362478828383,0,0,0.04181276095188444,SELL PRESSURE / SYSTEM LONG,High
2025-11-18 14:00:00+00:00,-852.39,-649.8581819559661,0,0,0.025329454286269537,SELL PRESSURE / SYSTEM LONG,High
2025-11-18 14:30:00+00:00,-1052.59,-745.738674731147,0,0,0.013339366080971207,SELL PRESSURE / SYSTEM LONG,High
2025-11-18 15:00:00+00:00,-556.1,-520.0928423279075,0,0,0.04827427321515845,SELL PRESSURE / SYSTEM LONG,High
2025-11-18 15:30:00+00:00,-1168.38,-921.0054959382692,0,0,0.018165526523546697,SELL PRESSURE / SYSTEM LONG,High
2025-11-18 16:00:00+00:00,-525.91,-646.0073766719069,0,0,0.05572454637516805,SELL PRESSURE / SYSTEM LONG,High
2025-11-18 16:30:00+00:00,-682.75,-708.2002545647675,0,0,0.03758892157998134,SELL PRESSURE / SYSTEM LONG,High
2025-11-18 17:00:00+00:00,-472.48,-647.5040711453161,0,0,0.02197382048452374,SELL PRESSURE / SYSTEM LONG,High
2025-11-18 17:30:00+00:00,1.73,-285.6750779275114,1,0,0.11300701105233263,SELL PRESSURE / SYSTEM LONG,High
2025-11-18 18:00:00+00:00,-552.42,-395.4215803063508,0,0,0.09627736054116051,SELL PRESSURE / SYSTEM LONG,High
2025-11-18 18:30:00+00:00,-655.99,-566.7161836465747,0,0,0.05159146668640382,SELL PRESSURE / SYSTEM LONG,High
2025-11-18 19:00:00+00:00,-445.89,-372.8660904208248,0,0,0.07016953096266779,SELL PRESSURE / SYSTEM LONG,High
2025-11-18 19:30:00+00:00,-498.19,-404.171448574854,0,0,0.07828553929680301,SELL PRESSURE / SYSTEM LONG,High
2025-11-18 20:00:00+00:00,-847.57,-526.2422135706743,0,0,0.03576185977332227,SELL PRESSURE / SYSTEM LONG,High
2025-11-18 20:30:00+00:00,-476.29,-607.4574789547491,0,0,0.030824181667606844,SELL PRESSURE / SYSTEM LONG,High
2025-11-18 21:00:00+00:00,-463.83,-171.477184826256,0,0,0.1734981931427889,SELL PRESSURE / SYSTEM LONG,High
2025-11-18 21:30:00+00:00,-673.61,-454.9835268828234,0,0,0.05370775269249123,SELL PRESSURE / SYSTEM LONG,High
2025-11-18 22:00:00+00:00,-127.73,-323.26652937268136,0,0,0.1638636297484133,SELL PRESSURE / SYSTEM LONG,High
2025-11-18 22:30:00+00:00,-715.47,-592.2877673899748,0,0,0.04836612112288941,SELL PRESSURE / SYSTEM LONG,High
2025-11-18 23:00:00+00:00,-31.02,-129.07141590859737,0,0,0.24176044639538144,SELL PRESSURE / SYSTEM LONG,High
2025-11-18 23:30:00+00:00,-1141.12,-524.103255574729,0,0,0.09380908105393815,SELL PRESSURE / SYSTEM LONG,High
2025-11-19 00:00:00+00:00,-767.12,-607.7405706891955,0,0,0.024790051303417323,SELL PRESSURE / SYSTEM LONG,High
2025-11-19 00:30:00+00:00,-147.35,-403.6624657830471,0,0,0.038800496043858886,SELL PRESSURE / SYSTEM LONG,High
2025-11-19 01:00:00+00:00,-691.86,-622.4971033306953,0,0,0.04965737722615284,SELL PRESSURE / SYSTEM LONG,High
2025-11-19 01:30:00+00:00,-214.75,-277.2282817762748,0,0,0.14029730318591926,SELL PRESSURE / SYSTEM LONG,High
2025-11-19 02:00:00+00:00,436.65,219.29619184174248,1,1,0.82492325322301,BUY PRESSURE / SYSTEM SHORT,High
2025-11-19 02:30:00+00:00,-185.45,-90.81266331811848,0,0,0.290815820881003,SELL PRESSURE / SYSTEM LONG,High
2025-11-19 03:00:00+00:00,-538.28,-440.4364882238736,0,0,0.08531286020758037,SELL PRESSURE / SYSTEM LONG,High
2025-11-19 03:30:00+00:00,239.63,144.50022081295398,1,1,0.7305372401599215,BUY PRESSURE / SYSTEM SHORT,High
2025-11-19 04:00:00+00:00,494.55,315.4600854214153,1,1,0.8615076861217371,BUY PRESSURE / SYSTEM SHORT,High
2025-11-19 04:30:00+00:00,215.45,427.0423632335509,1,1,0.9431601694807444,BUY PRESSURE / SYSTEM SHORT,High
2025-11-19 05:00:00+00:00,-234.34,-88.96398729691425,0,0,0.32164454725239544,SELL PRESSURE / SYSTEM LONG,Medium
2025-11-19 05:30:00+00:00,-695.89,-413.3234380605221,0,0,0.06064987691153054,SELL PRESSURE / SYSTEM LONG,High
2025-11-19 06:00:00+00:00,-1053.07,-644.0190945570592,0,0,0.05765573487780972,SELL PRESSURE / SYSTEM LONG,High
2025-11-19 06:30:00+00:00,-350.87,-383.3462161282178,0,0,0.12763934369086635,SELL PRESSURE / SYSTEM LONG,High
2025-11-19 07:00:00+00:00,258.43,-70.81885691170842,1,0,0.3863270804368985,SELL PRESSURE / SYSTEM LONG,Medium
2025-11-19 07:30:00+00:00,414.96,268.9537230050682,1,1,0.9211660052561842,BUY PRESSURE / SYSTEM SHORT,High
2025-11-19 08:00:00+00:00,-69.05,-145.9612851825567,0,0,0.28611459189877725,SELL PRESSURE / SYSTEM LONG,High
2025-11-19 08:30:00+00:00,157.98,26.492000934299504,1,1,0.6169655451363392,BUY PRESSURE / SYSTEM SHORT,Medium
2025-11-19 09:00:00+00:00,315.11,147.68242663344378,1,1,0.8531207808684494,BUY PRESSURE / SYSTEM SHORT,High
2025-11-19 09:30:00+00:00,93.1,229.3085326130002,1,1,0.9180177424846917,BUY PRESSURE / SYSTEM SHORT,High
2025-11-19 10:00:00+00:00,245.63,265.9122484865374,1,1,0.9152067213481067,BUY PRESSURE / SYSTEM SHORT,High
2025-11-19 10:30:00+00:00,-104.61,10.130643220176992,0,0,0.4989877173187256,SELL PRESSURE / SYSTEM LONG,Low
2025-11-19 11:00:00+00:00,-494.79,-356.4160803582892,0,0,0.17749399157688445,SELL PRESSURE / SYSTEM LONG,High
2025-11-19 11:30:00+00:00,-368.32,-112.9111199852046,0,0,0.3680227426127393,SELL PRESSURE / SYSTEM LONG,Medium
2025-11-19 12:00:00+00:00,-141.21,-7.868597344464592,0,1,0.5788648650920534,BUY PRESSURE / SYSTEM SHORT,Medium
2025-11-19 12:30:00+00:00,-607.73,-371.13395726133865,0,0,0.04445653065888634,SELL PRESSURE / SYSTEM LONG,High
2025-11-19 13:00:00+00:00,-612.83,-629.870547193769,0,0,0.055048646081460734,SELL PRESSURE / SYSTEM LONG,High
2025-11-19 13:30:00+00:00,-360.5,-418.89314615376065,0,0,0.05963182703498043,SELL PRESSURE / SYSTEM LONG,High
2025-11-19 14:00:00+00:00,-954.51,-759.1880162974492,0,0,0.029299473172248076,SELL PRESSURE / SYSTEM LONG,High
2025-11-19 14:30:00+00:00,-73.44,-376.1912858779612,0,0,0.0816791594311574,SELL PRESSURE / SYSTEM LONG,High
2025-11-19 15:00:00+00:00,350.08,149.9112596643019,1,1,0.8446541970008231,BUY PRESSURE / SYSTEM SHORT,High
2025-11-19 15:30:00+00:00,-484.4,-224.7377751253627,0,0,0.16409082117159318,SELL PRESSURE / SYSTEM LONG,High
2025-11-19 16:00:00+00:00,-175.64,-151.442914251175,0,0,0.3195714230733521,SELL PRESSURE / SYSTEM LONG,Medium
2025-11-19 16:30:00+00:00,-240.27,-301.61467516970447,0,0,0.154618758464407,SELL PRESSURE / SYSTEM LONG,High
2025-11-19 17:00:00+00:00,-213.85,-188.03283104656467,0,0,0.272599785106188,SELL PRESSURE / SYSTEM LONG,High
2025-11-19 17:30:00+00:00,-90.3,104.30909651589882,0,1,0.7751566841870502,BUY PRESSURE / SYSTEM SHORT,High
2025-11-19 18:00:00+00:00,-370.33,-344.7235557066008,0,0,0.11215941722057293,SELL PRESSURE / SYSTEM LONG,High
2025-11-19 18:30:00+00:00,-364.46,-223.2446691447762,0,0,0.2195509283044033,SELL PRESSURE / SYSTEM LONG,High
2025-11-19 19:00:00+00:00,99.93,43.042820294565644,1,1,0.7172486440595861,BUY PRESSURE / SYSTEM SHORT,High
2025-11-19 19:30:00+00:00,380.02,201.2819723779946,1,1,0.8612915113176817,BUY PRESSURE / SYSTEM SHORT,High
2025-11-19 20:00:00+00:00,-11.62,288.9219648483849,0,1,0.9153510685748748,BUY PRESSURE / SYSTEM SHORT,High
2025-11-19 20:30:00+00:00,149.06,-46.384607276708756,1,1,0.5008426693901482,BUY PRESSURE / SYSTEM SHORT,Low
2025-11-19 21:00:00+00:00,-401.52,-309.09404016838795,0,0,0.16599539201475597,SELL PRESSURE / SYSTEM LONG,High
2025-11-19 21:30:00+00:00,-475.49,-99.51236349057041,0,0,0.3696125754115935,SELL PRESSURE / SYSTEM LONG,Medium
2025-11-19 22:00:00+00:00,-400.76,-437.9793843041207,0,0,0.06846424815721107,SELL PRESSURE / SYSTEM LONG,High
2025-11-19 22:30:00+00:00,-517.29,-482.4560760376945,0,0,0.06749696135691989,SELL PRESSURE / SYSTEM LONG,High
2025-11-19 23:00:00+00:00,-734.84,-588.546199059263,0,0,0.06539800586566687,SELL PRESSURE / SYSTEM LONG,High
2025-11-19 23:30:00+00:00,-424.97,-282.51907087467947,0,0,0.1765361403743501,SELL PRESSURE / SYSTEM LONG,High
2025-11-20 00:00:00+00:00,-276.35,-228.08214527153598,0,0,0.09376574903079081,SELL PRESSURE / SYSTEM LONG,High
2025-11-20 00:30:00+00:00,-157.29,-368.21286024819716,0,0,0.0427036235258754,SELL PRESSURE / SYSTEM LONG,High
2025-11-20 01:00:00+00:00,-754.62,-590.0733092576963,0,0,0.048390641874812096,SELL PRESSURE / SYSTEM LONG,High
2025-11-20 01:30:00+00:00,-527.76,-559.6486225936835,0,0,0.015840833316154112,SELL PRESSURE / SYSTEM LONG,High
2025-11-20 02:00:00+00:00,-243.48,-438.0991015651109,0,0,0.1293718309913549,SELL PRESSURE / SYSTEM LONG,High
2025-11-20 02:30:00+00:00,-234.97,-346.95080268323926,0,0,0.15011247004187445,SELL PRESSURE / SYSTEM LONG,High
2025-11-20 03:00:00+00:00,-523.57,-384.2531819007034,0,0,0.048293490653942034,SELL PRESSURE / SYSTEM LONG,High
2025-11-20 03:30:00+00:00,-350.8,-390.50465446186973,0,0,0.08588386783975617,SELL PRESSURE / SYSTEM LONG,High
2025-11-20 04:00:00+00:00,-308.06,-234.51405994164986,0,0,0.0949188455236914,SELL PRESSURE / SYSTEM LONG,High
2025-11-20 04:30:00+00:00,-818.71,-531.5714471616591,0,0,0.04593944342972058,SELL PRESSURE / SYSTEM LONG,High
2025-11-20 05:00:00+00:00,-619.9,-589.0737232498542,0,0,0.04088447322597808,SELL PRESSURE / SYSTEM LONG,High
2025-11-20 05:30:00+00:00,-403.49,-442.35438558283016,0,0,0.06329656412059075,SELL PRESSURE / SYSTEM LONG,High
2025-11-20 06:00:00+00:00,-104.32,-79.55961264517283,0,0,0.3401780668784645,SELL PRESSURE / SYSTEM LONG,Medium
2025-11-20 06:30:00+00:00,-194.98,-311.3177124012775,0,0,0.08968613296844671,SELL PRESSURE / SYSTEM LONG,High
2025-11-20 07:00:00+00:00,179.21,101.99702235291196,1,1,0.8290953221417154,BUY PRESSURE / SYSTEM SHORT,High
2025-11-20 07:30:00+00:00,-170.25,-49.6622354173025,0,0,0.3727885925441901,SELL PRESSURE / SYSTEM LONG,Medium
2025-11-20 08:00:00+00:00,358.46,247.96461133919104,1,1,0.8995283182631664,BUY PRESSURE / SYSTEM SHORT,High
2025-11-20 08:30:00+00:00,368.78,197.29812671747598,1,1,0.8688341453290365,BUY PRESSURE / SYSTEM SHORT,High
2025-11-20 09:00:00+00:00,80.01,-20.444495253857646,1,0,0.4009600798574904,SELL PRESSURE / SYSTEM LONG,Medium
2025-11-20 09:30:00+00:00,-60.05,61.14983923925967,0,1,0.7137175515718407,BUY PRESSURE / SYSTEM SHORT,High
2025-11-20 10:00:00+00:00,-276.18,-66.4034832650968,0,0,0.30500172365221306,SELL PRESSURE / SYSTEM LONG,Medium
2025-11-20 10:30:00+00:00,51.95,-55.78040379653689,1,0,0.431938911344219,SELL PRESSURE / SYSTEM LONG,Medium
2025-11-20 11:00:00+00:00,52.78,-160.36035774258488,1,0,0.23017481437497062,SELL PRESSURE / SYSTEM LONG,High
2025-11-20 11:30:00+00:00,448.9,223.36940976312795,1,1,0.8689125177483622,BUY PRESSURE / SYSTEM SHORT,High
2025-11-20 12:00:00+00:00,-250.95,-190.619046856453,0,0,0.28057547127693677,SELL PRESSURE / SYSTEM LONG,High
2025-11-20 12:30:00+00:00,-197.7,-212.16216763674961,0,0,0.3024777589996507,SELL PRESSURE / SYSTEM LONG,Medium
2025-11-20 13:00:00+00:00,-286.8,-236.79798226354018,0,0,0.07169786555883711,SELL PRESSURE / SYSTEM LONG,High
2025-11-20 13:30:00+00:00,-450.86,-339.64359513642324,0,0,0.046356701629910166,SELL PRESSURE / SYSTEM LONG,High
2025-11-20 14:00:00+00:00,-309.78,-371.0637977211073,0,0,0.03905147222581534,SELL PRESSURE / SYSTEM LONG,High
2025-11-20 14:30:00+00:00,-397.24,-368.7829782766379,0,0,0.03859949482828805,SELL PRESSURE / SYSTEM LONG,High
2025-11-20 15:00:00+00:00,-124.23,-166.5282581724336,0,0,0.1998038509979405,SELL PRESSURE / SYSTEM LONG,High
2025-11-20 15:30:00+00:00,35.43,-155.38264767234605,1,0,0.24467007215761094,SELL PRESSURE / SYSTEM LONG,High
2025-11-20 16:00:00+00:00,442.67,348.0271409533227,1,1,0.896287929843448,BUY PRESSURE / SYSTEM SHORT,High
2025-11-20 16:30:00+00:00,664.38,477.74649864515095,1,1,0.9630554920706976,BUY PRESSURE / SYSTEM SHORT,High
2025-11-20 17:00:00+00:00,184.86,28.38891173696361,1,1,0.5952708452412461,BUY PRESSURE / SYSTEM SHORT,Medium
2025-11-20 17:30:00+00:00,204.1,269.89294464437205,1,1,0.9242971748671883,BUY PRESSURE / SYSTEM SHORT,High
2025-11-20 18:00:00+00:00,445.82,509.61005044600773,1,1,0.9364730069827862,BUY PRESSURE / SYSTEM SHORT,High
2025-11-20 18:30:00+00:00,201.85,132.16489733060334,1,1,0.8014197573883645,BUY PRESSURE / SYSTEM SHORT,High
2025-11-20 19:00:00+00:00,-106.25,-90.65688375244724,0,0,0.3854293170125363,SELL PRESSURE / SYSTEM LONG,Medium
2025-11-20 19:30:00+00:00,309.38,303.6012740943228,1,1,0.8978624987058912,BUY PRESSURE / SYSTEM SHORT,High
2025-11-20 20:00:00+00:00,75.78,436.4264435606714,1,1,0.9082652343117548,BUY PRESSURE / SYSTEM SHORT,High
2025-11-20 20:30:00+00:00,127.79,147.0144956929176,1,1,0.8481843013788104,BUY PRESSURE / SYSTEM SHORT,High
2025-11-20 21:00:00+00:00,385.93,228.336932830179,1,1,0.8947457639685709,BUY PRESSURE / SYSTEM SHORT,High
2025-11-20 21:30:00+00:00,-408.54,-195.4187821025333,0,0,0.2599838746905457,SELL PRESSURE / SYSTEM LONG,High
2025-11-20 22:00:00+00:00,203.92,73.93905100089258,1,1,0.6707321596534278,BUY PRESSURE / SYSTEM SHORT,Medium
2025-11-20 22:30:00+00:00,-194.35,-278.8272455854143,0,0,0.14223568522905594,SELL PRESSURE / SYSTEM LONG,High
2025-11-20 23:00:00+00:00,224.71,122.12280012059924,1,1,0.8170884219767536,BUY PRESSURE / SYSTEM SHORT,High
2025-11-20 23:30:00+00:00,70.26,-212.7236850423568,1,0,0.17280698152080595,SELL PRESSURE / SYSTEM LONG,High
2025-11-21 00:00:00+00:00,8.75,172.116265772601,1,1,0.8886182204505466,BUY PRESSURE / SYSTEM SHORT,High
2025-11-21 00:30:00+00:00,-19.45,-232.44361883791373,0,0,0.16851373647139256,SELL PRESSURE / SYSTEM LONG,High
2025-11-21 01:00:00+00:00,-695.17,-448.47984204030445,0,0,0.08230935706588087,SELL PRESSURE / SYSTEM LONG,High
2025-11-21 01:30:00+00:00,159.72,-113.39642003805366,1,0,0.3536859596625564,SELL PRESSURE / SYSTEM LONG,Medium
2025-11-21 02:00:00+00:00,-346.94,-367.85045013178706,0,0,0.0812653769785602,SELL PRESSURE / SYSTEM LONG,High
2025-11-21 02:30:00+00:00,-708.95,-632.7371976155827,0,0,0.034778310165053464,SELL PRESSURE / SYSTEM LONG,High
2025-11-21 03:00:00+00:00,-537.5,-553.0590008632804,0,0,0.061951883669706505,SELL PRESSURE / SYSTEM LONG,High
2025-11-21 03:30:00+00:00,-819.68,-391.19912601389143,0,0,0.05685956275966393,SELL PRESSURE / SYSTEM LONG,High
2025-11-21 04:00:00+00:00,-247.86,-229.40864732357787,0,0,0.18273229284497997,SELL PRESSURE / SYSTEM LONG,High
2025-11-21 04:30:00+00:00,-396.76,-256.41214978230374,0,0,0.07348688390565039,SELL PRESSURE / SYSTEM LONG,High
2025-11-21 05:00:00+00:00,-286.13,-180.06287288757252,0,0,0.12884409685259895,SELL PRESSURE / SYSTEM LONG,High
2025-11-21 05:30:00+00:00,162.34,86.51512844166356,1,1,0.7312152975286818,BUY PRESSURE / SYSTEM SHORT,High
2025-11-21 06:00:00+00:00,433.39,271.82349023884643,1,1,0.9162161494046828,BUY PRESSURE / SYSTEM SHORT,High
2025-11-21 06:30:00+00:00,-313.64,-246.10383664221862,0,0,0.16646017142258634,SELL PRESSURE / SYSTEM LONG,High
2025-11-21 07:00:00+00:00,-386.08,-153.97917343678796,0,0,0.25664328120175517,SELL PRESSURE / SYSTEM LONG,High
2025-11-21 07:30:00+00:00,-659.75,-553.7269538773176,0,0,0.02533009234623597,SELL PRESSURE / SYSTEM LONG,High
2025-11-21 08:00:00+00:00,-230.84,-316.7437928029701,0,0,0.10654887669115742,SELL PRESSURE / SYSTEM LONG,High
2025-11-21 08:30:00+00:00,-630.57,-516.7673117908311,0,0,0.029783001873754506,SELL PRESSURE / SYSTEM LONG,High
2025-11-21 09:00:00+00:00,-323.51,-583.2471960224586,0,0,0.027950312689450207,SELL PRESSURE / SYSTEM LONG,High
2025-11-21 09:30:00+00:00,-445.39,-379.95178161875083,0,0,0.02712560376984612,SELL PRESSURE / SYSTEM LONG,High
2025-11-21 10:00:00+00:00,-228.17,-260.21527034040207,0,0,0.09082741802160083,SELL PRESSURE / SYSTEM LONG,High
2025-11-21 10:30:00+00:00,-407.56,-415.3796434721781,0,0,0.0750846778106794,SELL PRESSURE / SYSTEM LONG,High
2025-11-21 11:00:00+00:00,-325.01,-319.365624884326,0,0,0.04995141384744909,SELL PRESSURE / SYSTEM LONG,High
2025-11-21 11:30:00+00:00,-214.29,-164.72575082924587,0,0,0.2380785305794879,SELL PRESSURE / SYSTEM LONG,High
2025-11-21 12:00:00+00:00,-204.03,-200.37355175810833,0,0,0.16124039505545873,SELL PRESSURE / SYSTEM LONG,High
2025-11-21 12:30:00+00:00,-169.85,-166.28146833601306,0,0,0.14297063431954826,SELL PRESSURE / SYSTEM LONG,High
2025-11-21 13:00:00+00:00,-229.09,-254.01362303955457,0,0,0.08740768761049447,SELL PRESSURE / SYSTEM LONG,High
2025-11-21 13:30:00+00:00,-21.77,-32.71993649525194,0,1,0.5321874308080994,BUY PRESSURE / SYSTEM SHORT,Low
2025-11-21 14:00:00+00:00,-179.26,-242.74554382519884,0,0,0.12358816134610968,SELL PRESSURE / SYSTEM LONG,High
2025-11-21 14:30:00+00:00,-27.51,-287.8030848981618,0,0,0.08642197809016589,SELL PRESSURE / SYSTEM LONG,High
2025-11-21 15:00:00+00:00,-814.29,-627.8696129851365,0,0,0.07948088111554129,SELL PRESSURE / SYSTEM LONG,High
2025-11-21 15:30:00+00:00,-636.01,-565.5474090958259,0,0,0.0273340449643838,SELL PRESSURE / SYSTEM LONG,High
2025-11-21 16:00:00+00:00,-442.4,-384.83282838870946,0,0,0.09014460096170362,SELL PRESSURE / SYSTEM LONG,High
2025-11-21 16:30:00+00:00,-570.27,-359.01269737493067,0,0,0.045126678524604585,SELL PRESSURE / SYSTEM LONG,High
2025-11-21 17:00:00+00:00,-91.32,-151.40433758484915,0,0,0.24827327090311996,SELL PRESSURE / SYSTEM LONG,High
2025-11-21 17:30:00+00:00,-508.38,-319.9551998222973,0,0,0.10234890410175412,SELL PRESSURE / SYSTEM LONG,High
2025-11-21 18:00:00+00:00,-628.8,-444.61862704951227,0,0,0.09388597418926611,SELL PRESSURE / SYSTEM LONG,High
2025-11-21 18:30:00+00:00,7.82,-100.67731132133957,1,0,0.3509402715416317,SELL PRESSURE / SYSTEM LONG,Medium
2025-11-21 19:00:00+00:00,268.62,194.12927567053222,1,1,0.8427708506825309,BUY PRESSURE / SYSTEM SHORT,High
2025-11-21 19:30:00+00:00,344.04,359.1753994446972,1,1,0.9463032712490564,BUY PRESSURE / SYSTEM SHORT,High
2025-11-21 20:00:00+00:00,477.63,590.8721984368925,1,1,0.956684479909428,BUY PRESSURE / SYSTEM SHORT,High
2025-11-21 20:30:00+00:00,767.11,501.3679760286041,1,1,0.9718588354184816,BUY PRESSURE / SYSTEM SHORT,High
2025-11-21 21:00:00+00:00,318.56,646.7110972701979,1,1,0.9755451794985116,BUY PRESSURE / SYSTEM SHORT,High
2025-11-21 21:30:00+00:00,705.44,665.3408045021288,1,1,0.9552576736393955,BUY PRESSURE / SYSTEM SHORT,High
2025-11-21 22:00:00+00:00,66.62,41.34613644413794,1,1,0.5742940415511139,BUY PRESSURE / SYSTEM SHORT,Medium
2025-11-21 22:30:00+00:00,-188.08,-5.828449349129244,0,0,0.48079262336492834,SELL PRESSURE / SYSTEM LONG,Low
2025-11-21 23:00:00+00:00,-380.59,-187.64152816723512,0,0,0.18486923863971266,SELL PRESSURE / SYSTEM LONG,High
2025-11-21 23:30:00+00:00,353.01,239.53741793561952,1,1,0.7784427724416257,BUY PRESSURE / SYSTEM SHORT,High
2025-11-22 00:00:00+00:00,462.22,354.4528569361789,1,1,0.9024269516673076,BUY PRESSURE / SYSTEM SHORT,High
2025-11-22 00:30:00+00:00,179.35,363.8573199854766,1,1,0.9439879346393587,BUY PRESSURE / SYSTEM SHORT,High
2025-11-22 01:00:00+00:00,324.48,211.9592809761264,1,1,0.9009346173145534,BUY PRESSURE / SYSTEM SHORT,High
2025-11-22 01:30:00+00:00,-154.17,-31.694729934574703,0,0,0.4817099767639028,SELL PRESSURE / SYSTEM LONG,Low
2025-11-22 02:00:00+00:00,-225.06,-107.19108304197105,0,0,0.3041807294253714,SELL PRESSURE / SYSTEM LONG,Medium
2025-11-22 02:30:00+00:00,-122.55,-111.10424018360501,0,0,0.30122612732262766,SELL PRESSURE / SYSTEM LONG,Medium
2025-11-22 03:00:00+00:00,-16.83,83.67152373857076,0,1,0.7417273333430324,BUY PRESSURE / SYSTEM SHORT,High
2025-11-22 03:30:00+00:00,-240.83,-311.95023505796684,0,0,0.08435231410370143,SELL PRESSURE / SYSTEM LONG,High
2025-11-22 04:00:00+00:00,-274.33,-263.50011354458655,0,0,0.1400902857339773,SELL PRESSURE / SYSTEM LONG,High
2025-11-22 04:30:00+00:00,-118.29,-141.78960049180844,0,0,0.27516099377488507,SELL PRESSURE / SYSTEM LONG,High
2025-11-22 05:00:00+00:00,-86.01,-228.59062181886537,0,0,0.11840788928737286,SELL PRESSURE / SYSTEM LONG,High
2025-11-22 05:30:00+00:00,-368.91,-396.6152315970813,0,0,0.07516952880661802,SELL PRESSURE / SYSTEM LONG,High
2025-11-22 06:00:00+00:00,-210.94,-59.35548012255455,0,0,0.43921033318342495,SELL PRESSURE / SYSTEM LONG,Medium
2025-11-22 06:30:00+00:00,-296.29,-399.82625198392617,0,0,0.056635600597433784,SELL PRESSURE / SYSTEM LONG,High
2025-11-22 07:00:00+00:00,385.19,191.72207543647818,1,1,0.8635644704739213,BUY PRESSURE / SYSTEM SHORT,High
2025-11-22 07:30:00+00:00,266.07,235.61856840483128,1,1,0.8789173610325923,BUY PRESSURE / SYSTEM SHORT,High
2025-11-22 08:00:00+00:00,518.67,370.4132068477891,1,1,0.9572888809327729,BUY PRESSURE / SYSTEM SHORT,High
2025-11-22 08:30:00+00:00,-114.03,80.042794885178,0,1,0.7881516004539928,BUY PRESSURE / SYSTEM SHORT,High
2025-11-22 09:00:00+00:00,335.3,32.68777919972923,1,1,0.6507258086871164,BUY PRESSURE / SYSTEM SHORT,Medium
2025-11-22 09:30:00+00:00,5.68,-125.75718647906568,1,0,0.2983207311371829,SELL PRESSURE / SYSTEM LONG,High
2025-11-22 10:00:00+00:00,-872.07,-341.29012481278164,0,0,0.07575261972716937,SELL PRESSURE / SYSTEM LONG,High
2025-11-22 10:30:00+00:00,-918.41,-721.9602850413551,0,0,0.01880865773653929,SELL PRESSURE / SYSTEM LONG,High
2025-11-22 11:00:00+00:00,-390.45,-399.43764680268504,0,0,0.071765976166171,SELL PRESSURE / SYSTEM LONG,High
2025-11-22 11:30:00+00:00,-825.13,-849.9025308938269,0,0,0.02588589880688771,SELL PRESSURE / SYSTEM LONG,High
2025-11-22 12:00:00+00:00,-1248.9,-975.0140079200833,0,0,0.01751526510079452,SELL PRESSURE / SYSTEM LONG,High
2025-11-22 12:30:00+00:00,-884.98,-857.3323529755564,0,0,0.009822458394344764,SELL PRESSURE / SYSTEM LONG,High
2025-11-22 13:00:00+00:00,-1339.58,-934.7967902652111,0,0,0.01332650478821768,SELL PRESSURE / SYSTEM LONG,High
2025-11-22 13:30:00+00:00,-1036.29,-1037.792015885268,0,0,0.010527627023793227,SELL PRESSURE / SYSTEM LONG,High
2025-11-22 14:00:00+00:00,-1271.67,-986.9390494337808,0,0,0.011057605107426274,SELL PRESSURE / SYSTEM LONG,High
2025-11-22 14:30:00+00:00,-1244.58,-949.4207335795567,0,0,0.011633936199191768,SELL PRESSURE / SYSTEM LONG,High
2025-11-22 15:00:00+00:00,-1461.49,-1023.2300871304806,0,0,0.03239634837853357,SELL PRESSURE / SYSTEM LONG,High
2025-11-22 15:30:00+00:00,-487.51,-480.22439622859036,0,0,0.03610414703568136,SELL PRESSURE / SYSTEM LONG,High
2025-11-22 16:00:00+00:00,-416.9,-271.05891121297554,0,0,0.13658526828803316,SELL PRESSURE / SYSTEM LONG,High
2025-11-22 16:30:00+00:00,-251.94,-144.96999207635082,0,0,0.2557023388358701,SELL PRESSURE / SYSTEM LONG,High
2025-11-22 17:00:00+00:00,-622.84,-446.69234178561334,0,0,0.060115719283943936,SELL PRESSURE / SYSTEM LONG,High
2025-11-22 17:30:00+00:00,-250.17,-364.1919179603894,0,0,0.07221572895321537,SELL PRESSURE / SYSTEM LONG,High
2025-11-22 18:00:00+00:00,-390.36,-151.02108826051474,0,0,0.2765357864072283,SELL PRESSURE / SYSTEM LONG,High
2025-11-22 18:30:00+00:00,-273.48,-103.23052111143977,0,0,0.33736402415297506,SELL PRESSURE / SYSTEM LONG,Medium
2025-11-22 19:00:00+00:00,-398.17,-399.56733397853355,0,0,0.06976413571728995,SELL PRESSURE / SYSTEM LONG,High
2025-11-22 19:30:00+00:00,-548.48,-331.14572733711765,0,0,0.09172248157117777,SELL PRESSURE / SYSTEM LONG,High
2025-11-22 20:00:00+00:00,-476.29,-496.668900114645,0,0,0.057372488236405735,SELL PRESSURE / SYSTEM LONG,High
2025-11-22 20:30:00+00:00,-283.35,-470.8682596476424,0,0,0.07267166730803823,SELL PRESSURE / SYSTEM LONG,High
2025-11-22 21:00:00+00:00,-164.92,-264.19141423152047,0,0,0.13785064034495323,SELL PRESSURE / SYSTEM LONG,High
2025-11-22 21:30:00+00:00,103.94,76.47198662941442,1,1,0.7282083851169826,BUY PRESSURE / SYSTEM SHORT,High
2025-11-22 22:00:00+00:00,-49.39,-167.8988811440104,0,0,0.22711691311031335,SELL PRESSURE / SYSTEM LONG,High
2025-11-22 22:30:00+00:00,270.7,176.84938091480078,1,1,0.8354404400053567,BUY PRESSURE / SYSTEM SHORT,High
2025-11-22 23:00:00+00:00,5.6,-60.16024610273831,1,0,0.46222790083240317,SELL PRESSURE / SYSTEM LONG,Low
2025-11-22 23:30:00+00:00,-137.35,-245.42967575702056,0,0,0.1820933989379788,SELL PRESSURE / SYSTEM LONG,High
2025-11-23 00:00:00+00:00,230.9,128.14848417114183,1,1,0.8194525916406534,BUY PRESSURE / SYSTEM SHORT,High
2025-11-23 00:30:00+00:00,150.77,-25.374582998821623,1,1,0.510132703207134,BUY PRESSURE / SYSTEM SHORT,Low
2025-11-23 01:00:00+00:00,97.73,177.29552270319226,1,1,0.8748990876167744,BUY PRESSURE / SYSTEM SHORT,High
2025-11-23 01:30:00+00:00,2.25,-38.858944914847505,1,0,0.4487375882528106,SELL PRESSURE / SYSTEM LONG,Medium
2025-11-23 02:00:00+00:00,-450.9,-359.4026239690156,0,0,0.1355463287028596,SELL PRESSURE / SYSTEM LONG,High
2025-11-23 02:30:00+00:00,-385.44,-234.6317203859395,0,0,0.09976708745448747,SELL PRESSURE / SYSTEM LONG,High
2025-11-23 03:00:00+00:00,-880.71,-747.4748536908207,0,0,0.030914755446233438,SELL PRESSURE / SYSTEM LONG,High
2025-11-23 03:30:00+00:00,-510.64,-337.1226732723172,0,0,0.07536472693720792,SELL PRESSURE / SYSTEM LONG,High
2025-11-23 04:00:00+00:00,-828.39,-562.4773279738932,0,0,0.025583400585230752,SELL PRESSURE / SYSTEM LONG,High
2025-11-23 04:30:00+00:00,-624.9,-751.633057351699,0,0,0.012962000460658856,SELL PRESSURE / SYSTEM LONG,High
2025-11-23 05:00:00+00:00,-187.76,-242.76165354735295,0,0,0.15063411000187793,SELL PRESSURE / SYSTEM LONG,High
2025-11-23 05:30:00+00:00,-1229.96,-753.9775819537957,0,0,0.031680240954912946,SELL PRESSURE / SYSTEM LONG,High
2025-11-23 06:00:00+00:00,-388.06,-298.0285798532369,0,0,0.16914253169346963,SELL PRESSURE / SYSTEM LONG,High
2025-11-23 06:30:00+00:00,-121.7,-366.7957606372292,0,0,0.036074865014524594,SELL PRESSURE / SYSTEM LONG,High
2025-11-23 07:00:00+00:00,79.99,145.3707786980559,1,1,0.8217747808088021,BUY PRESSURE / SYSTEM SHORT,High
2025-11-23 07:30:00+00:00,315.08,317.87709246642873,1,1,0.9322095888239833,BUY PRESSURE / SYSTEM SHORT,High
2025-11-23 08:00:00+00:00,-139.49,178.89322251438108,0,1,0.876973341032282,BUY PRESSURE / SYSTEM SHORT,High
2025-11-23 08:30:00+00:00,-608.27,-403.57699779629365,0,0,0.04763106535504529,SELL PRESSURE / SYSTEM LONG,High
2025-11-23 09:00:00+00:00,-866.33,-670.693026239421,0,0,0.022464148048497626,SELL PRESSURE / SYSTEM LONG,High
2025-11-23 09:30:00+00:00,-239.15,-122.546590456657,0,0,0.38592074994947645,SELL PRESSURE / SYSTEM LONG,Medium
2025-11-23 10:00:00+00:00,-160.1,-37.651298271161984,0,1,0.5172316061026028,BUY PRESSURE / SYSTEM SHORT,Low
2025-11-23 10:30:00+00:00,-126.1,-264.8973818036046,0,0,0.09040198881664145,SELL PRESSURE / SYSTEM LONG,High
2025-11-23 11:00:00+00:00,-89.59,-208.85481252161574,0,0,0.18339054674187572,SELL PRESSURE / SYSTEM LONG,High
2025-11-23 11:30:00+00:00,-569.01,-455.23723525856565,0,0,0.04822867976809893,SELL PRESSURE / SYSTEM LONG,High
2025-11-23 12:00:00+00:00,-769.01,-553.9247742464056,0,0,0.022924731344280084,SELL PRESSURE / SYSTEM LONG,High
2025-11-23 12:30:00+00:00,-569.02,-585.4466233835178,0,0,0.02327104390945902,SELL PRESSURE / SYSTEM LONG,High
2025-11-23 13:00:00+00:00,-561.91,-647.8188865283091,0,0,0.02042178939444113,SELL PRESSURE / SYSTEM LONG,High
2025-11-23 13:30:00+00:00,-11.31,-224.7888671856048,0,0,0.11272212500377699,SELL PRESSURE / SYSTEM LONG,High
2025-11-23 14:00:00+00:00,255.21,113.71025453616454,1,1,0.7331237936663321,BUY PRESSURE / SYSTEM SHORT,High
2025-11-23 14:30:00+00:00,152.45,-103.1340592292893,1,0,0.25832027139002367,SELL PRESSURE / SYSTEM LONG,High
2025-11-23 15:00:00+00:00,-248.97,-189.7371318806675,0,0,0.16976899629278233,SELL PRESSURE / SYSTEM LONG,High
2025-11-23 15:30:00+00:00,-169.02,-297.4045216429735,0,0,0.07495913546394233,SELL PRESSURE / SYSTEM LONG,High
2025-11-23 16:00:00+00:00,-161.54,35.962509597247674,0,1,0.6342747162495429,BUY PRESSURE / SYSTEM SHORT,Medium
2025-11-23 16:30:00+00:00,-197.0,-373.46390048985234,0,0,0.0804569435305246,SELL PRESSURE / SYSTEM LONG,High
2025-11-23 17:00:00+00:00,-252.57,-326.75113477836834,0,0,0.07765141633540805,SELL PRESSURE / SYSTEM LONG,High
2025-11-23 17:30:00+00:00,575.98,80.40219285327635,1,1,0.7028223524107666,BUY PRESSURE / SYSTEM SHORT,High
2025-11-23 18:00:00+00:00,-227.43,27.79504944809959,0,1,0.5212747540516761,BUY PRESSURE / SYSTEM SHORT,Low
2025-11-23 18:30:00+00:00,-308.07,-336.5938542086632,0,0,0.09623696411293446,SELL PRESSURE / SYSTEM LONG,High
2025-11-23 19:00:00+00:00,106.12,207.2791937216475,1,1,0.7801707396666893,BUY PRESSURE / SYSTEM SHORT,High
2025-11-23 19:30:00+00:00,-16.94,59.742524664966616,0,1,0.7324320200218355,BUY PRESSURE / SYSTEM SHORT,High
2025-11-23 20:00:00+00:00,-592.22,-503.5583449079872,0,0,0.06513802890854999,SELL PRESSURE / SYSTEM LONG,High
2025-11-23 20:30:00+00:00,87.32,-111.30757736897347,1,0,0.31139643880210544,SELL PRESSURE / SYSTEM LONG,Medium
2025-11-23 21:00:00+00:00,215.36,83.73988181620227,1,1,0.7320124131252094,BUY PRESSURE / SYSTEM SHORT,High
2025-11-23 21:30:00+00:00,339.57,-33.578555022827445,1,0,0.4601536071785286,SELL PRESSURE / SYSTEM LONG,Low
2025-11-23 22:00:00+00:00,-495.82,-167.8994734592501,0,0,0.1937379537337824,SELL PRESSURE / SYSTEM LONG,High
2025-11-23 22:30:00+00:00,-1250.84,-682.4473849184894,0,0,0.06027574602558254,SELL PRESSURE / SYSTEM LONG,High
2025-11-23 23:00:00+00:00,-869.39,-619.0725960900508,0,0,0.039927923568662094,SELL PRESSURE / SYSTEM LONG,High
2025-11-23 23:30:00+00:00,-1271.55,-901.9380410335241,0,0,0.03980607334707186,SELL PRESSURE / SYSTEM LONG,High
2025-11-24 00:00:00+00:00,-25.55,-207.57548139261135,0,0,0.266738014411043,SELL PRESSURE / SYSTEM LONG,High
2025-11-24 00:30:00+00:00,-26.6,-69.60709195706514,0,1,0.5050451517639821,BUY PRESSURE / SYSTEM SHORT,Low
2025-11-24 01:00:00+00:00,424.6,125.09073882112517,1,1,0.8053003980342658,BUY PRESSURE / SYSTEM SHORT,High
2025-11-24 01:30:00+00:00,-429.57,-242.13624111695,0,0,0.20332020798848305,SELL PRESSURE / SYSTEM LONG,High
2025-11-24 02:00:00+00:00,-832.25,-657.5555136267258,0,0,0.061691293314033786,SELL PRESSURE / SYSTEM LONG,High
2025-11-24 02:30:00+00:00,-339.73,-497.2611592918149,0,0,0.0438090146835439,SELL PRESSURE / SYSTEM LONG,High
2025-11-24 03:00:00+00:00,-330.8,-468.7190159359076,0,0,0.04075853983068857,SELL PRESSURE / SYSTEM LONG,High
2025-11-24 03:30:00+00:00,-336.45,-432.140848475203,0,0,0.03357644654875038,SELL PRESSURE / SYSTEM LONG,High
2025-11-24 04:00:00+00:00,-97.79,-153.07903069733763,0,0,0.2143670723410946,SELL PRESSURE / SYSTEM LONG,High
2025-11-24 04:30:00+00:00,120.07,35.51354069938929,1,1,0.6153195504062952,BUY PRESSURE / SYSTEM SHORT,Medium
2025-11-24 05:00:00+00:00,-404.54,-104.69563101302231,0,0,0.36636534467198184,SELL PRESSURE / SYSTEM LONG,Medium
2025-11-24 05:30:00+00:00,66.24,-190.30803525979462,1,0,0.17027041810259175,SELL PRESSURE / SYSTEM LONG,High
2025-11-24 06:00:00+00:00,-215.89,-198.72523685236257,0,0,0.19313516399837347,SELL PRESSURE / SYSTEM LONG,High
2025-11-24 06:30:00+00:00,-418.19,-409.1044645775961,0,0,0.04413257283111546,SELL PRESSURE / SYSTEM LONG,High
2025-11-24 07:00:00+00:00,82.04,34.06428600913775,1,1,0.6231010472505448,BUY PRESSURE / SYSTEM SHORT,Medium
2025-11-24 07:30:00+00:00,-656.73,-301.66120586071446,0,0,0.09318208784678111,SELL PRESSURE / SYSTEM LONG,High
2025-11-24 08:00:00+00:00,-441.72,-295.8817237523484,0,0,0.08412658520303193,SELL PRESSURE / SYSTEM LONG,High
2025-11-24 08:30:00+00:00,128.52,56.6671392135755,1,1,0.733744779972019,BUY PRESSURE / SYSTEM SHORT,High
2025-11-24 09:00:00+00:00,-219.17,-215.3022819042701,0,0,0.1242522516697199,SELL PRESSURE / SYSTEM LONG,High
2025-11-24 09:30:00+00:00,-568.67,-504.6380907161429,0,0,0.02987399430792711,SELL PRESSURE / SYSTEM LONG,High
2025-11-24 10:00:00+00:00,1.34,96.60526300169731,1,1,0.7434709600619055,BUY PRESSURE / SYSTEM SHORT,High
2025-11-24 10:30:00+00:00,821.76,397.03223079937095,1,1,0.9062184540685544,BUY PRESSURE / SYSTEM SHORT,High
2025-11-24 11:00:00+00:00,275.86,58.70424284872298,1,1,0.525882182769883,BUY PRESSURE / SYSTEM SHORT,Low
2025-11-24 11:30:00+00:00,111.09,131.59125534655385,1,1,0.8070171842775353,BUY PRESSURE / SYSTEM SHORT,High
2025-11-24 12:00:00+00:00,87.28,-25.0803764512329,1,1,0.552987612359784,BUY PRESSURE / SYSTEM SHORT,Medium
2025-11-24 12:30:00+00:00,-471.09,-490.3946916172891,0,0,0.07453646594270232,SELL PRESSURE / SYSTEM LONG,High
2025-11-24 13:00:00+00:00,-678.49,-593.9650092598332,0,0,0.02341775861970441,SELL PRESSURE / SYSTEM LONG,High
2025-11-24 13:30:00+00:00,-878.37,-604.7649409196056,0,0,0.024638232839921805,SELL PRESSURE / SYSTEM LONG,High
2025-11-24 14:00:00+00:00,-855.81,-732.1403451217633,0,0,0.0156631099798505,SELL PRESSURE / SYSTEM LONG,High
2025-11-24 14:30:00+00:00,-905.53,-921.4812893811915,0,0,0.01613934432881154,SELL PRESSURE / SYSTEM LONG,High
2025-11-24 15:00:00+00:00,-249.59,-229.76500945643875,0,0,0.1585413120120712,SELL PRESSURE / SYSTEM LONG,High
2025-11-24 15:30:00+00:00,-590.72,-447.83241415019484,0,0,0.06743354343219299,SELL PRESSURE / SYSTEM LONG,High
2025-11-24 16:00:00+00:00,-496.65,-378.97974589035476,0,0,0.046377555985455815,SELL PRESSURE / SYSTEM LONG,High
2025-11-24 16:30:00+00:00,-575.23,-622.357426240189,0,0,0.02953447523726252,SELL PRESSURE / SYSTEM LONG,High
2025-11-24 17:00:00+00:00,-353.2,-473.1135545134268,0,0,0.05117558417035139,SELL PRESSURE / SYSTEM LONG,High
2025-11-24 17:30:00+00:00,147.96,79.64690921575442,1,1,0.7523927535131786,BUY PRESSURE / SYSTEM SHORT,High
2025-11-24 18:00:00+00:00,-238.72,-213.97487572442208,0,0,0.18085867805652012,SELL PRESSURE / SYSTEM LONG,High
2025-11-24 18:30:00+00:00,-349.82,-146.06353203026853,0,0,0.30583190978870034,SELL PRESSURE / SYSTEM LONG,Medium
2025-11-24 19:00:00+00:00,-609.04,-380.1347068912832,0,0,0.12109091657359217,SELL PRESSURE / SYSTEM LONG,High
2025-11-24 19:30:00+00:00,286.64,220.10143144619178,1,1,0.7884519078557516,BUY PRESSURE / SYSTEM SHORT,High
2025-11-24 20:00:00+00:00,241.39,-177.3844078568679,1,0,0.1993367810901697,SELL PRESSURE / SYSTEM LONG,High
2025-11-24 20:30:00+00:00,-105.66,-53.66119716494537,0,0,0.3516779477979051,SELL PRESSURE / SYSTEM LONG,Medium
2025-11-24 21:00:00+00:00,735.49,432.5603655824189,1,1,0.9301584880072951,BUY PRESSURE / SYSTEM SHORT,High
2025-11-24 21:30:00+00:00,962.97,653.8873244620099,1,1,0.9658656399912857,BUY PRESSURE / SYSTEM SHORT,High
2025-11-24 22:00:00+00:00,137.85,190.22147932644683,1,1,0.8242448836030526,BUY PRESSURE / SYSTEM SHORT,High
2025-11-24 22:30:00+00:00,-68.88,70.37764824959798,0,1,0.621926585696389,BUY PRESSURE / SYSTEM SHORT,Medium
2025-11-24 23:00:00+00:00,-314.11,-91.90766983786278,0,0,0.36328225881812487,SELL PRESSURE / SYSTEM LONG,Medium
2025-11-24 23:30:00+00:00,-206.36,-303.42728580617774,0,0,0.15870000777042842,SELL PRESSURE / SYSTEM LONG,High
2025-11-25 00:00:00+00:00,-26.66,-161.10834875879294,0,0,0.3095133988723043,SELL PRESSURE / SYSTEM LONG,Medium
2025-11-25 00:30:00+00:00,-698.58,-487.73206244056,0,0,0.08781688873865112,SELL PRESSURE / SYSTEM LONG,High
2025-11-25 01:00:00+00:00,-240.12,-305.9213561569388,0,0,0.07212294963445834,SELL PRESSURE / SYSTEM LONG,High
2025-11-25 01:30:00+00:00,-344.6,-336.61838856643203,0,0,0.07101496306575579,SELL PRESSURE / SYSTEM LONG,High
2025-11-25 02:00:00+00:00,409.06,101.79379630759797,1,1,0.7685708414614293,BUY PRESSURE / SYSTEM SHORT,High
2025-11-25 02:30:00+00:00,-45.23,128.73776353238523,0,1,0.787095508996821,BUY PRESSURE / SYSTEM SHORT,High
2025-11-25 03:00:00+00:00,-379.5,-334.18979031853553,0,0,0.1080126861459376,SELL PRESSURE / SYSTEM LONG,High
2025-11-25 03:30:00+00:00,-340.78,-525.330616092255,0,0,0.03870667162767043,SELL PRESSURE / SYSTEM LONG,High
2025-11-25 04:00:00+00:00,-627.52,-456.0264184264234,0,0,0.05691225470786649,SELL PRESSURE / SYSTEM LONG,High
2025-11-25 04:30:00+00:00,-632.46,-576.0388915629876,0,0,0.03749123363403427,SELL PRESSURE / SYSTEM LONG,High
2025-11-25 05:00:00+00:00,-1193.18,-780.2823097190852,0,0,0.046926789188946126,SELL PRESSURE / SYSTEM LONG,High
2025-11-25 05:30:00+00:00,-1147.92,-780.5175276274202,0,0,0.01941906194550109,SELL PRESSURE / SYSTEM LONG,High
2025-11-25 06:00:00+00:00,-680.13,-510.07868337691724,0,0,0.03696600520324223,SELL PRESSURE / SYSTEM LONG,High
2025-11-25 06:30:00+00:00,-432.7,-256.8243571001269,0,0,0.14640908316215642,SELL PRESSURE / SYSTEM LONG,High
2025-11-25 07:00:00+00:00,214.34,32.33885418715697,1,1,0.6281468129692136,BUY PRESSURE / SYSTEM SHORT,Medium
2025-11-25 07:30:00+00:00,367.16,339.1910927795314,1,1,0.8937538204787135,BUY PRESSURE / SYSTEM SHORT,High
2025-11-25 08:00:00+00:00,725.92,498.10486373102935,1,1,0.9600650347686135,BUY PRESSURE / SYSTEM SHORT,High
2025-11-25 08:30:00+00:00,37.09,132.80871318217874,1,1,0.7237667900420942,BUY PRESSURE / SYSTEM SHORT,High
2025-11-25 09:00:00+00:00,-296.17,-194.09955512023393,0,0,0.20125404307165215,SELL PRESSURE / SYSTEM LONG,High
2025-11-25 09:30:00+00:00,-128.77,-78.84610736109543,0,0,0.32331365856808936,SELL PRESSURE / SYSTEM LONG,Medium
2025-11-25 10:00:00+00:00,-428.21,-367.07386827933135,0,0,0.06650190277409569,SELL PRESSURE / SYSTEM LONG,High
2025-11-25 10:30:00+00:00,-261.03,-377.8064614215128,0,0,0.02589842640127771,SELL PRESSURE / SYSTEM LONG,High
2025-11-25 11:00:00+00:00,-102.16,-213.36875786028267,0,0,0.09849108081415789,SELL PRESSURE / SYSTEM LONG,High
2025-11-25 11:30:00+00:00,-446.32,-490.1279671854868,0,0,0.05159022163604421,SELL PRESSURE / SYSTEM LONG,High
2025-11-25 12:00:00+00:00,-32.85,-330.9243717095261,0,0,0.049031536869481786,SELL PRESSURE / SYSTEM LONG,High
2025-11-25 12:30:00+00:00,-350.35,-378.39892511430924,0,0,0.05152321916851732,SELL PRESSURE / SYSTEM LONG,High
2025-11-25 13:00:00+00:00,-229.67,-183.7943192802901,0,0,0.23806375215487063,SELL PRESSURE / SYSTEM LONG,High
2025-11-25 13:30:00+00:00,-1042.21,-742.7575807060343,0,0,0.022259373093023428,SELL PRESSURE / SYSTEM LONG,High
2025-11-25 14:00:00+00:00,-1081.8,-613.8552505541699,0,0,0.012452132300263754,SELL PRESSURE / SYSTEM LONG,High
2025-11-25 14:30:00+00:00,-482.87,-580.6173638952606,0,0,0.035447637095295456,SELL PRESSURE / SYSTEM LONG,High
2025-11-25 15:00:00+00:00,-511.17,-399.92613060392296,0,0,0.023573388054098535,SELL PRESSURE / SYSTEM LONG,High
2025-11-25 15:30:00+00:00,-181.16,-245.65266511617966,0,0,0.20720614468164988,SELL PRESSURE / SYSTEM LONG,High
2025-11-25 16:00:00+00:00,-496.69,-428.59584274078406,0,0,0.10085891203506903,SELL PRESSURE / SYSTEM LONG,High
2025-11-25 16:30:00+00:00,-184.91,-394.1949291631616,0,0,0.04723482749056524,SELL PRESSURE / SYSTEM LONG,High
2025-11-25 17:00:00+00:00,-354.89,-248.5772236613997,0,0,0.1787962582684641,SELL PRESSURE / SYSTEM LONG,High
2025-11-25 17:30:00+00:00,-103.85,-49.691201111529054,0,0,0.3816085512246245,SELL PRESSURE / SYSTEM LONG,Medium
2025-11-25 18:00:00+00:00,56.64,206.50056044131156,1,1,0.8106463222421897,BUY PRESSURE / SYSTEM SHORT,High
2025-11-25 18:30:00+00:00,365.2,308.7497335137547,1,1,0.8437630379323976,BUY PRESSURE / SYSTEM SHORT,High
2025-11-25 19:00:00+00:00,600.86,501.18798010811946,1,1,0.9471738368501886,BUY PRESSURE / SYSTEM SHORT,High
2025-11-25 19:30:00+00:00,1037.56,693.8875807474052,1,1,0.9692797297166009,BUY PRESSURE / SYSTEM SHORT,High
2025-11-25 20:00:00+00:00,283.91,378.8381354395193,1,1,0.9168270767156863,BUY PRESSURE / SYSTEM SHORT,High
2025-11-25 20:30:00+00:00,-142.29,-162.97720964976432,0,0,0.32040135944215176,SELL PRESSURE / SYSTEM LONG,Medium
2025-11-25 21:00:00+00:00,333.26,83.20229645244845,1,1,0.6737886826189006,BUY PRESSURE / SYSTEM SHORT,Medium
2025-11-25 21:30:00+00:00,831.26,572.8511189619838,1,1,0.9499102199842063,BUY PRESSURE / SYSTEM SHORT,High
2025-11-25 22:00:00+00:00,467.72,655.2835456263455,1,1,0.9787572416148265,BUY PRESSURE / SYSTEM SHORT,High
2025-11-25 22:30:00+00:00,441.6,367.964096818327,1,1,0.8918871477568543,BUY PRESSURE / SYSTEM SHORT,High
2025-11-25 23:00:00+00:00,458.05,200.4977559222156,1,1,0.8250755830757391,BUY PRESSURE / SYSTEM SHORT,High
2025-11-25 23:30:00+00:00,415.72,522.3960450145385,1,1,0.969146935462286,BUY PRESSURE / SYSTEM SHORT,High
2025-11-26 00:00:00+00:00,-71.29,84.56808259647549,0,1,0.7259363575054781,BUY PRESSURE / SYSTEM SHORT,High
2025-11-26 00:30:00+00:00,-398.25,-237.1057731374011,0,0,0.1792588219108647,SELL PRESSURE / SYSTEM LONG,High
2025-11-26 01:00:00+00:00,-384.59,-104.67765380934028,0,0,0.35916113129491994,SELL PRESSURE / SYSTEM LONG,Medium
2025-11-26 01:30:00+00:00,-323.02,-379.85799719596935,0,0,0.08276739866750309,SELL PRESSURE / SYSTEM LONG,High
2025-11-26 02:00:00+00:00,-380.87,-361.6770070379199,0,0,0.08044127233828084,SELL PRESSURE / SYSTEM LONG,High
2025-11-26 02:30:00+00:00,54.4,-144.77593492703784,1,0,0.3525898339035969,SELL PRESSURE / SYSTEM LONG,Medium
2025-11-26 03:00:00+00:00,397.34,271.91856956602135,1,1,0.9121417996341763,BUY PRESSURE / SYSTEM SHORT,High
2025-11-26 03:30:00+00:00,88.81,201.38438342740153,1,1,0.8938361750913606,BUY PRESSURE / SYSTEM SHORT,High
2025-11-26 04:00:00+00:00,588.43,386.79245320721225,1,1,0.9557173460040126,BUY PRESSURE / SYSTEM SHORT,High
2025-11-26 04:30:00+00:00,4.02,9.65009753017939,1,1,0.5885288201269007,BUY PRESSURE / SYSTEM SHORT,Medium
2025-11-26 05:00:00+00:00,-362.85,-116.38538359369628,0,0,0.3460498050795166,SELL PRESSURE / SYSTEM LONG,Medium
2025-11-26 05:30:00+00:00,-418.03,-515.8416817253944,0,0,0.073457568904507,SELL PRESSURE / SYSTEM LONG,High
2025-11-26 06:00:00+00:00,-100.35,61.31943226180842,0,1,0.7060915291285802,BUY PRESSURE / SYSTEM SHORT,High
2025-11-26 06:30:00+00:00,-140.52,-117.31415267683997,0,0,0.35495017274568597,SELL PRESSURE / SYSTEM LONG,Medium
2025-11-26 07:00:00+00:00,-285.94,-505.62133495384893,0,0,0.08563752505228976,SELL PRESSURE / SYSTEM LONG,High
2025-11-26 07:30:00+00:00,-660.74,-360.3633825089796,0,0,0.08449985969388893,SELL PRESSURE / SYSTEM LONG,High
2025-11-26 08:00:00+00:00,-147.55,-201.79848427821423,0,0,0.1723840584729108,SELL PRESSURE / SYSTEM LONG,High
2025-11-26 08:30:00+00:00,247.64,48.841270892261335,1,1,0.6050571225811421,BUY PRESSURE / SYSTEM SHORT,Medium
2025-11-26 09:00:00+00:00,689.01,443.670152307216,1,1,0.9560262285779184,BUY PRESSURE / SYSTEM SHORT,High
2025-11-26 09:30:00+00:00,336.03,282.46274673315344,1,1,0.9340299425045512,BUY PRESSURE / SYSTEM SHORT,High
2025-11-26 10:00:00+00:00,-78.12,-10.238523899786763,0,0,0.48990638926017077,SELL PRESSURE / SYSTEM LONG,Low
2025-11-26 10:30:00+00:00,256.18,241.95208633066713,1,1,0.893119656182367,BUY PRESSURE / SYSTEM SHORT,High
2025-11-26 11:00:00+00:00,-49.13,-198.76508044101186,0,0,0.21142078162236147,SELL PRESSURE / SYSTEM LONG,High
2025-11-26 11:30:00+00:00,-203.01,-254.94758204725076,0,0,0.08815579015240535,SELL PRESSURE / SYSTEM LONG,High
2025-11-26 12:00:00+00:00,141.71,67.79860862293953,1,1,0.7667979303722815,BUY PRESSURE / SYSTEM SHORT,High
2025-11-26 12:30:00+00:00,-297.74,-198.5550690809562,0,0,0.15190719345055256,SELL PRESSURE / SYSTEM LONG,High
2025-11-26 13:00:00+00:00,-663.93,-351.3760330345598,0,0,0.07367925417446966,SELL PRESSURE / SYSTEM LONG,High
2025-11-26 13:30:00+00:00,-1016.6,-787.388066660008,0,0,0.026344773348711832,SELL PRESSURE / SYSTEM LONG,High
2025-11-26 14:00:00+00:00,-495.43,-462.5457004963353,0,0,0.029151680687836738,SELL PRESSURE / SYSTEM LONG,High
2025-11-26 14:30:00+00:00,-27.94,49.260399550634936,0,1,0.6592704912412133,BUY PRESSURE / SYSTEM SHORT,Medium
2025-11-26 15:00:00+00:00,-248.34,-198.34200296781728,0,0,0.21347283870676623,SELL PRESSURE / SYSTEM LONG,High
2025-11-26 15:30:00+00:00,84.01,152.51036025476864,1,1,0.7878081477043203,BUY PRESSURE / SYSTEM SHORT,High
2025-11-26 16:00:00+00:00,-6.7,-112.02019910633571,0,0,0.35505717976317575,SELL PRESSURE / SYSTEM LONG,Medium
2025-11-26 16:30:00+00:00,-353.77,-328.5025366305022,0,0,0.1161384664696758,SELL PRESSURE / SYSTEM LONG,High
2025-11-26 17:00:00+00:00,-178.01,28.269014318989022,0,1,0.7146737915859807,BUY PRESSURE / SYSTEM SHORT,High
2025-11-26 17:30:00+00:00,148.54,92.17197268835952,1,1,0.6075232621554458,BUY PRESSURE / SYSTEM SHORT,Medium
2025-11-26 18:00:00+00:00,-23.23,-26.674785562142628,0,1,0.5223374124901095,BUY PRESSURE / SYSTEM SHORT,Low
2025-11-26 18:30:00+00:00,-566.96,-412.1901516820836,0,0,0.11585885827199092,SELL PRESSURE / SYSTEM LONG,High
2025-11-26 19:00:00+00:00,-138.45,65.79807742369444,0,1,0.6267129470466756,BUY PRESSURE / SYSTEM SHORT,Medium
2025-11-26 19:30:00+00:00,239.84,279.1359086309413,1,1,0.9117074904710303,BUY PRESSURE / SYSTEM SHORT,High
2025-11-26 20:00:00+00:00,97.61,194.57275333524848,1,1,0.8552938768325131,BUY PRESSURE / SYSTEM SHORT,High
2025-11-26 20:30:00+00:00,436.78,352.73463941803146,1,1,0.9468981895446852,BUY PRESSURE / SYSTEM SHORT,High
2025-11-26 21:00:00+00:00,496.29,250.80926952168318,1,1,0.8980846401800475,BUY PRESSURE / SYSTEM SHORT,High
2025-11-26 21:30:00+00:00,322.52,121.57760977671771,1,1,0.7750745725191345,BUY PRESSURE / SYSTEM SHORT,High
2025-11-26 22:00:00+00:00,99.78,76.91257003726386,1,1,0.6992969084892442,BUY PRESSURE / SYSTEM SHORT,Medium
2025-11-26 22:30:00+00:00,123.86,129.96470996398926,1,1,0.821016154036386,BUY PRESSURE / SYSTEM SHORT,High
2025-11-26 23:00:00+00:00,145.37,123.97901750215425,1,1,0.7971884243370023,BUY PRESSURE / SYSTEM SHORT,High
2025-11-26 23:30:00+00:00,-89.87,90.12180178675636,0,1,0.7912196536697751,BUY PRESSURE / SYSTEM SHORT,High
2025-11-27 00:00:00+00:00,455.93,237.39663756126706,1,1,0.9075372785094123,BUY PRESSURE / SYSTEM SHORT,High
2025-11-27 00:30:00+00:00,3.64,181.9048172237627,1,1,0.853018690457092,BUY PRESSURE / SYSTEM SHORT,High
2025-11-27 01:00:00+00:00,-827.68,-562.9250216419362,0,0,0.10258311962240152,SELL PRESSURE / SYSTEM LONG,High
2025-11-27 01:30:00+00:00,-476.44,-433.0000713691984,0,0,0.05061919988103827,SELL PRESSURE / SYSTEM LONG,High
2025-11-27 02:00:00+00:00,-1053.01,-746.805068994695,0,0,0.05603925371462417,SELL PRESSURE / SYSTEM LONG,High
2025-11-27 02:30:00+00:00,-1173.21,-857.3369793151783,0,0,0.018191836100130743,SELL PRESSURE / SYSTEM LONG,High
2025-11-27 03:00:00+00:00,-736.11,-532.966942083324,0,0,0.0193259709120741,SELL PRESSURE / SYSTEM LONG,High
2025-11-27 03:30:00+00:00,-11.25,-342.50909528285337,0,0,0.06129053282727774,SELL PRESSURE / SYSTEM LONG,High
2025-11-27 04:00:00+00:00,307.85,224.56312689082347,1,1,0.854678570407872,BUY PRESSURE / SYSTEM SHORT,High
2025-11-27 04:30:00+00:00,557.08,447.95360862470676,1,1,0.9504172099762936,BUY PRESSURE / SYSTEM SHORT,High
2025-11-27 05:00:00+00:00,469.11,418.15627341008616,1,1,0.9451304320552458,BUY PRESSURE / SYSTEM SHORT,High
2025-11-27 05:30:00+00:00,674.72,599.0567359122692,1,1,0.9593272512811433,BUY PRESSURE / SYSTEM SHORT,High
2025-11-27 06:00:00+00:00,1063.85,685.882936983339,1,1,0.9761961163408232,BUY PRESSURE / SYSTEM SHORT,High
2025-11-27 06:30:00+00:00,815.47,701.3664506684287,1,1,0.9778929642603762,BUY PRESSURE / SYSTEM SHORT,High
2025-11-27 07:00:00+00:00,-88.23,-181.40287622107797,0,0,0.27809813612233547,SELL PRESSURE / SYSTEM LONG,High
2025-11-27 07:30:00+00:00,496.89,350.69708304374996,1,1,0.8631602083671498,BUY PRESSURE / SYSTEM SHORT,High
2025-11-27 08:00:00+00:00,445.45,246.33067899859253,1,1,0.9198608761732288,BUY PRESSURE / SYSTEM SHORT,High
2025-11-27 08:30:00+00:00,252.67,146.84038747820077,1,1,0.7501123438351027,BUY PRESSURE / SYSTEM SHORT,High
2025-11-27 09:00:00+00:00,370.43,48.46127492226817,1,1,0.5935702908004414,BUY PRESSURE / SYSTEM SHORT,Medium
2025-11-27 09:30:00+00:00,468.4,303.762817701065,1,1,0.9305614329192182,BUY PRESSURE / SYSTEM SHORT,High
2025-11-27 10:00:00+00:00,-482.31,-168.19425001460098,0,0,0.25308577726125175,SELL PRESSURE / SYSTEM LONG,High
2025-11-27 10:30:00+00:00,-524.02,-250.1777611505685,0,0,0.14634283543781054,SELL PRESSURE / SYSTEM LONG,High
2025-11-27 11:00:00+00:00,-447.69,-276.9761160009814,0,0,0.12561137317221843,SELL PRESSURE / SYSTEM LONG,High
2025-11-27 11:30:00+00:00,-591.22,-488.4029289061466,0,0,0.022616762731807002,SELL PRESSURE / SYSTEM LONG,High
2025-11-27 12:00:00+00:00,-590.94,-446.92420043164145,0,0,0.047226782713465816,SELL PRESSURE / SYSTEM LONG,High
2025-11-27 12:30:00+00:00,-312.52,-404.35800644078415,0,0,0.053258222520220985,SELL PRESSURE / SYSTEM LONG,High
2025-11-27 13:00:00+00:00,-324.91,-43.126907116515284,0,1,0.5318747689654962,BUY PRESSURE / SYSTEM SHORT,Low
2025-11-27 13:30:00+00:00,341.55,147.71736028179708,1,1,0.8133727072554453,BUY PRESSURE / SYSTEM SHORT,High
2025-11-27 14:00:00+00:00,429.35,397.08205270227523,1,1,0.9485329986698615,BUY PRESSURE / SYSTEM SHORT,High
2025-11-27 14:30:00+00:00,464.91,352.62002434781846,1,1,0.9285598270765324,BUY PRESSURE / SYSTEM SHORT,High
2025-11-27 15:00:00+00:00,-45.86,-140.1763564896282,0,0,0.22726428662126844,SELL PRESSURE / SYSTEM LONG,High
2025-11-27 15:30:00+00:00,-540.09,-337.0088034288032,0,0,0.11583697607392208,SELL PRESSURE / SYSTEM LONG,High
2025-11-27 16:00:00+00:00,-250.48,-399.40700583401986,0,0,0.06213690626363804,SELL PRESSURE / SYSTEM LONG,High
2025-11-27 16:30:00+00:00,-217.08,-277.85873554575954,0,0,0.11440950181873115,SELL PRESSURE / SYSTEM LONG,High
2025-11-27 17:00:00+00:00,-181.42,-212.78815474342719,0,0,0.13434473402900493,SELL PRESSURE / SYSTEM LONG,High
2025-11-27 17:30:00+00:00,362.75,183.39109531688865,1,1,0.8294878465322353,BUY PRESSURE / SYSTEM SHORT,High
2025-11-27 18:00:00+00:00,322.78,154.170465281743,1,1,0.8105381560628713,BUY PRESSURE / SYSTEM SHORT,High
2025-11-27 18:30:00+00:00,403.09,177.61191702356814,1,1,0.7931370006622217,BUY PRESSURE / SYSTEM SHORT,High
2025-11-27 19:00:00+00:00,479.56,271.16592230869605,1,1,0.9067538066901604,BUY PRESSURE / SYSTEM SHORT,High
2025-11-27 19:30:00+00:00,537.72,510.5406776381218,1,1,0.9634411794344945,BUY PRESSURE / SYSTEM SHORT,High
2025-11-27 20:00:00+00:00,243.51,489.3931409692493,1,1,0.9751996160862916,BUY PRESSURE / SYSTEM SHORT,High
2025-11-27 20:30:00+00:00,-128.34,64.09680345300261,0,1,0.6905617895281293,BUY PRESSURE / SYSTEM SHORT,Medium
2025-11-27 21:00:00+00:00,-259.68,-35.21194659492949,0,0,0.4482626721674128,SELL PRESSURE / SYSTEM LONG,Medium
2025-11-27 21:30:00+00:00,256.39,174.7861701861014,1,1,0.789166692991438,BUY PRESSURE / SYSTEM SHORT,High
2025-11-27 22:00:00+00:00,200.34,107.92043121615734,1,1,0.8147613192238063,BUY PRESSURE / SYSTEM SHORT,High
2025-11-27 22:30:00+00:00,-476.03,-198.13311036478902,0,0,0.16530311500419817,SELL PRESSURE / SYSTEM LONG,High
2025-11-27 23:00:00+00:00,286.45,142.67621318846832,1,1,0.781431885389614,BUY PRESSURE / SYSTEM SHORT,High
2025-11-27 23:30:00+00:00,-5.7,72.13751711821325,0,1,0.7052034491900347,BUY PRESSURE / SYSTEM SHORT,High
2025-11-28 00:00:00+00:00,-106.84,-203.2277334768691,0,0,0.1437176754746744,SELL PRESSURE / SYSTEM LONG,High
2025-11-28 00:30:00+00:00,105.14,259.3362226347236,1,1,0.9218680680841307,BUY PRESSURE / SYSTEM SHORT,High
2025-11-28 01:00:00+00:00,-218.09,-102.42594021441559,0,0,0.3692287132335309,SELL PRESSURE / SYSTEM LONG,Medium
2025-11-28 01:30:00+00:00,627.43,206.64674326863135,1,1,0.8806452098193778,BUY PRESSURE / SYSTEM SHORT,High
2025-11-28 02:00:00+00:00,211.71,159.78909427991803,1,1,0.7896475168890756,BUY PRESSURE / SYSTEM SHORT,High
2025-11-28 02:30:00+00:00,-117.62,78.89704537104595,0,1,0.7920091023107158,BUY PRESSURE / SYSTEM SHORT,High
2025-11-28 03:00:00+00:00,-883.35,-561.3301917202666,0,0,0.05653334824912845,SELL PRESSURE / SYSTEM LONG,High
2025-11-28 03:30:00+00:00,-466.27,-168.1792525990741,0,0,0.2955049362077268,SELL PRESSURE / SYSTEM LONG,High
2025-11-28 04:00:00+00:00,-362.85,-437.9388886129636,0,0,0.04599287735411852,SELL PRESSURE / SYSTEM LONG,High
2025-11-28 04:30:00+00:00,-378.37,-323.61741576391034,0,0,0.06289438024007005,SELL PRESSURE / SYSTEM LONG,High
2025-11-28 05:00:00+00:00,111.93,202.32972608133232,1,1,0.8119813041401704,BUY PRESSURE / SYSTEM SHORT,High
2025-11-28 05:30:00+00:00,105.0,142.6891610100202,1,1,0.8315685920891029,BUY PRESSURE / SYSTEM SHORT,High
2025-11-28 06:00:00+00:00,208.92,224.12477011930446,1,1,0.9181785130256068,BUY PRESSURE / SYSTEM SHORT,High
2025-11-28 06:30:00+00:00,82.01,288.8411174189709,1,1,0.9287887425472015,BUY PRESSURE / SYSTEM SHORT,High
2025-11-28 07:00:00+00:00,-230.17,162.6785222855853,0,1,0.8324833531143995,BUY PRESSURE / SYSTEM SHORT,High
2025-11-28 07:30:00+00:00,-754.43,-474.68182641922255,0,0,0.03276126805874528,SELL PRESSURE / SYSTEM LONG,High
2025-11-28 08:00:00+00:00,-435.99,-489.2763965681545,0,0,0.061001333209609473,SELL PRESSURE / SYSTEM LONG,High
2025-11-28 08:30:00+00:00,-256.79,-351.2933975915109,0,0,0.05255671593961841,SELL PRESSURE / SYSTEM LONG,High
2025-11-28 09:00:00+00:00,-448.64,-355.541765397195,0,0,0.06124106994491067,SELL PRESSURE / SYSTEM LONG,High
2025-11-28 09:30:00+00:00,-618.12,-559.6527712407811,0,0,0.01892282649464957,SELL PRESSURE / SYSTEM LONG,High
2025-11-28 10:00:00+00:00,-858.28,-579.1104552920979,0,0,0.028540967879044872,SELL PRESSURE / SYSTEM LONG,High
2025-11-28 10:30:00+00:00,-670.35,-561.6858336266328,0,0,0.03658342360534479,SELL PRESSURE / SYSTEM LONG,High
2025-11-28 11:00:00+00:00,-933.95,-780.1900504264406,0,0,0.020423489776970314,SELL PRESSURE / SYSTEM LONG,High
2025-11-28 11:30:00+00:00,-944.18,-767.0502898372549,0,0,0.017583733728196084,SELL PRESSURE / SYSTEM LONG,High
2025-11-28 12:00:00+00:00,-1106.14,-812.8825861982416,0,0,0.01528380154584754,SELL PRESSURE / SYSTEM LONG,High
2025-11-28 12:30:00+00:00,-866.75,-1005.3111563311693,0,0,0.009211985693524062,SELL PRESSURE / SYSTEM LONG,High
2025-11-28 13:00:00+00:00,-363.39,-327.16287651005564,0,0,0.13736548678772853,SELL PRESSURE / SYSTEM LONG,High
2025-11-28 13:30:00+00:00,-554.23,-525.2572180998316,0,0,0.021601224811304425,SELL PRESSURE / SYSTEM LONG,High
2025-11-28 14:00:00+00:00,-353.92,-383.1046403103834,0,0,0.0446223305928785,SELL PRESSURE / SYSTEM LONG,High
2025-11-28 14:30:00+00:00,-490.16,-405.6936506553804,0,0,0.046069662290804655,SELL PRESSURE / SYSTEM LONG,High
2025-11-28 15:00:00+00:00,-634.05,-727.0209241707175,0,0,0.026872568440109726,SELL PRESSURE / SYSTEM LONG,High
2025-11-28 15:30:00+00:00,-413.2,-390.51712044886824,0,0,0.06034449778361037,SELL PRESSURE / SYSTEM LONG,High
2025-11-28 16:00:00+00:00,-272.71,-429.7020237217881,0,0,0.04411529960708684,SELL PRESSURE / SYSTEM LONG,High
2025-11-28 16:30:00+00:00,-451.1,-186.8703038505846,0,0,0.24701024740644262,SELL PRESSURE / SYSTEM LONG,High
2025-11-28 17:00:00+00:00,-239.21,-91.48712720586644,0,0,0.39247199430291313,SELL PRESSURE / SYSTEM LONG,Medium
2025-11-28 17:30:00+00:00,-342.52,-224.97187837883604,0,0,0.19626584172571163,SELL PRESSURE / SYSTEM LONG,High
2025-11-28 18:00:00+00:00,254.32,284.2241906357749,1,1,0.8469819749843817,BUY PRESSURE / SYSTEM SHORT,High
2025-11-28 18:30:00+00:00,-0.46,-122.56130088556894,0,0,0.34195437006839235,SELL PRESSURE / SYSTEM LONG,Medium
2025-11-28 19:00:00+00:00,83.81,142.9105595152619,1,1,0.7944409439362694,BUY PRESSURE / SYSTEM SHORT,High
2025-11-28 19:30:00+00:00,729.13,565.1781862183518,1,1,0.939572635734326,BUY PRESSURE / SYSTEM SHORT,High
2025-11-28 20:00:00+00:00,655.72,537.0946035246035,1,1,0.9505859772239839,BUY PRESSURE / SYSTEM SHORT,High
2025-11-28 20:30:00+00:00,244.2,441.47748455587765,1,1,0.9250655997616137,BUY PRESSURE / SYSTEM SHORT,High
2025-11-28 21:00:00+00:00,-13.22,27.907815752301502,0,1,0.6033124380623427,BUY PRESSURE / SYSTEM SHORT,Medium
2025-11-28 21:30:00+00:00,-506.28,-263.2074210673767,0,0,0.14978127160735247,SELL PRESSURE / SYSTEM LONG,High
2025-11-28 22:00:00+00:00,-235.23,-44.178556556763226,0,1,0.5344655841871266,BUY PRESSURE / SYSTEM SHORT,Low
2025-11-28 22:30:00+00:00,-85.39,-205.9132766835688,0,0,0.15860836351734195,SELL PRESSURE / SYSTEM LONG,High
2025-11-28 23:00:00+00:00,-66.02,251.77835876939463,0,1,0.8049826652638084,BUY PRESSURE / SYSTEM SHORT,High
2025-11-28 23:30:00+00:00,-315.55,-186.3131200187145,0,0,0.17589244030427711,SELL PRESSURE / SYSTEM LONG,High
2025-11-29 00:00:00+00:00,-488.34,-300.8413913042002,0,0,0.06943144564818733,SELL PRESSURE / SYSTEM LONG,High
2025-11-29 00:30:00+00:00,-51.73,-66.68525078478996,0,0,0.3697426965946192,SELL PRESSURE / SYSTEM LONG,Medium
2025-11-29 01:00:00+00:00,-509.24,-420.4023056018987,0,0,0.12034700899160482,SELL PRESSURE / SYSTEM LONG,High
2025-11-29 01:30:00+00:00,-629.4,-520.6974681949242,0,0,0.07884771346175573,SELL PRESSURE / SYSTEM LONG,High
2025-11-29 02:00:00+00:00,-613.5,-617.7792036046693,0,0,0.05285541744863265,SELL PRESSURE / SYSTEM LONG,High
2025-11-29 02:30:00+00:00,-602.33,-637.9391414484844,0,0,0.01890946096824654,SELL PRESSURE / SYSTEM LONG,High
2025-11-29 03:00:00+00:00,-1129.28,-703.6099025449772,0,0,0.021796823312427906,SELL PRESSURE / SYSTEM LONG,High
2025-11-29 03:30:00+00:00,-190.99,-316.27603679051396,0,0,0.11740965381619319,SELL PRESSURE / SYSTEM LONG,High
2025-11-29 04:00:00+00:00,-132.5,-293.5118594224387,0,0,0.07925155838827172,SELL PRESSURE / SYSTEM LONG,High
2025-11-29 04:30:00+00:00,134.49,222.3535872819816,1,1,0.89107680193746,BUY PRESSURE / SYSTEM SHORT,High
2025-11-29 05:00:00+00:00,302.98,338.7798288247401,1,1,0.9313406439339416,BUY PRESSURE / SYSTEM SHORT,High
2025-11-29 05:30:00+00:00,-186.97,-3.2748022058857464,0,1,0.6058543281923972,BUY PRESSURE / SYSTEM SHORT,Medium
2025-11-29 06:00:00+00:00,309.0,343.3059687736238,1,1,0.8739830571791645,BUY PRESSURE / SYSTEM SHORT,High
2025-11-29 06:30:00+00:00,-44.91,-39.78332086822198,0,0,0.4370770023714319,SELL PRESSURE / SYSTEM LONG,Medium
2025-11-29 07:00:00+00:00,167.24,205.81464252261125,1,1,0.8781938474444263,BUY PRESSURE / SYSTEM SHORT,High
2025-11-29 07:30:00+00:00,388.42,121.6548065354786,1,1,0.7747366952712674,BUY PRESSURE / SYSTEM SHORT,High
2025-11-29 08:00:00+00:00,-240.25,-214.86249426717958,0,0,0.25629615484789336,SELL PRESSURE / SYSTEM LONG,High
2025-11-29 08:30:00+00:00,-324.89,-88.31413019784993,0,0,0.3487653382616436,SELL PRESSURE / SYSTEM LONG,Medium
2025-11-29 09:00:00+00:00,-533.07,-265.28899522443777,0,0,0.09312601660014522,SELL PRESSURE / SYSTEM LONG,High
2025-11-29 09:30:00+00:00,-499.14,-568.3514065067833,0,0,0.027973796066750146,SELL PRESSURE / SYSTEM LONG,High
2025-11-29 10:00:00+00:00,-815.31,-709.8973700470435,0,0,0.02077002057500431,SELL PRESSURE / SYSTEM LONG,High
2025-11-29 10:30:00+00:00,-638.6,-600.6144168391193,0,0,0.03991031297341118,SELL PRESSURE / SYSTEM LONG,High
2025-11-29 11:00:00+00:00,-112.6,-246.3277209653314,0,0,0.15671445665416492,SELL PRESSURE / SYSTEM LONG,High
2025-11-29 11:30:00+00:00,-456.25,-558.7348776860478,0,0,0.08576785885165165,SELL PRESSURE / SYSTEM LONG,High
2025-11-29 12:00:00+00:00,-219.71,-332.51994896688143,0,0,0.09048172410273483,SELL PRESSURE / SYSTEM LONG,High
2025-11-29 12:30:00+00:00,-180.24,-124.1919528760382,0,0,0.2341478139945651,SELL PRESSURE / SYSTEM LONG,High
2025-11-29 13:00:00+00:00,-326.99,-163.8140344992244,0,0,0.2535076904985259,SELL PRESSURE / SYSTEM LONG,High
2025-11-29 13:30:00+00:00,-38.0,-238.74164342592968,0,0,0.10877387595872828,SELL PRESSURE / SYSTEM LONG,High
2025-11-29 14:00:00+00:00,-478.23,-431.86398202665043,0,0,0.056099803586103614,SELL PRESSURE / SYSTEM LONG,High
2025-11-29 14:30:00+00:00,-703.23,-680.3389863358447,0,0,0.024799717018132373,SELL PRESSURE / SYSTEM LONG,High
2025-11-29 15:00:00+00:00,44.59,-119.36939723617277,1,0,0.42419041922705814,SELL PRESSURE / SYSTEM LONG,Medium
2025-11-29 15:30:00+00:00,-364.54,-301.99297816874144,0,0,0.08850141635030816,SELL PRESSURE / SYSTEM LONG,High
2025-11-29 16:00:00+00:00,-371.62,-439.69450900474135,0,0,0.028448663055811254,SELL PRESSURE / SYSTEM LONG,High
2025-11-29 16:30:00+00:00,-383.62,-314.5071192028973,0,0,0.06604719333067138,SELL PRESSURE / SYSTEM LONG,High
2025-11-29 17:00:00+00:00,-541.61,-452.33577520369136,0,0,0.04987928249106297,SELL PRESSURE / SYSTEM LONG,High
2025-11-29 17:30:00+00:00,302.69,168.63683183330681,1,1,0.6793578454424596,BUY PRESSURE / SYSTEM SHORT,Medium
2025-11-29 18:00:00+00:00,178.82,96.87848356565941,1,1,0.749575936707168,BUY PRESSURE / SYSTEM SHORT,High
2025-11-29 18:30:00+00:00,-105.52,138.1727118135285,0,1,0.7745379008505947,BUY PRESSURE / SYSTEM SHORT,High
2025-11-29 19:00:00+00:00,-116.22,103.72999479695838,0,1,0.7880757029192231,BUY PRESSURE / SYSTEM SHORT,High
2025-11-29 19:30:00+00:00,-306.02,-149.5205528739028,0,0,0.2603589756683791,SELL PRESSURE / SYSTEM LONG,High
2025-11-29 20:00:00+00:00,231.72,109.58838490226515,1,1,0.7709803275739411,BUY PRESSURE / SYSTEM SHORT,High
2025-11-29 20:30:00+00:00,301.63,231.326183432696,1,1,0.871215410968324,BUY PRESSURE / SYSTEM SHORT,High
2025-11-29 21:00:00+00:00,73.62,62.64349647447184,1,1,0.682089179732789,BUY PRESSURE / SYSTEM SHORT,Medium
2025-11-29 21:30:00+00:00,-423.66,-525.1386883014338,0,0,0.09161870332280059,SELL PRESSURE / SYSTEM LONG,High
2025-11-29 22:00:00+00:00,-455.55,-345.1280467982999,0,0,0.060622437300866625,SELL PRESSURE / SYSTEM LONG,High
2025-11-29 22:30:00+00:00,-253.27,-273.2364578764093,0,0,0.09176858820298732,SELL PRESSURE / SYSTEM LONG,High
2025-11-29 23:00:00+00:00,-915.9,-563.1156249014928,0,0,0.05873336128615336,SELL PRESSURE / SYSTEM LONG,High
2025-11-29 23:30:00+00:00,-893.41,-756.4314445793815,0,0,0.020481772198211033,SELL PRESSURE / SYSTEM LONG,High
2025-11-30 00:00:00+00:00,-527.83,-525.3793119566868,0,0,0.03507413398836669,SELL PRESSURE / SYSTEM LONG,High
2025-11-30 00:30:00+00:00,-355.34,-663.2958038460544,0,0,0.030754952833413684,SELL PRESSURE / SYSTEM LONG,High
2025-11-30 01:00:00+00:00,-409.32,-356.31556751253817,0,0,0.041605247907146,SELL PRESSURE / SYSTEM LONG,High
2025-11-30 01:30:00+00:00,37.65,-31.262169829789215,1,1,0.5861156115832881,BUY PRESSURE / SYSTEM SHORT,Medium
2025-11-30 02:00:00+00:00,-493.52,-525.4306639898175,0,0,0.07247830975232954,SELL PRESSURE / SYSTEM LONG,High
2025-11-30 02:30:00+00:00,-836.74,-616.40705561348,0,0,0.02480946475067966,SELL PRESSURE / SYSTEM LONG,High
2025-11-30 03:00:00+00:00,-1010.18,-683.9895551540446,0,0,0.022297792500974786,SELL PRESSURE / SYSTEM LONG,High
2025-11-30 03:30:00+00:00,-645.91,-901.3359094111938,0,0,0.02606625731027954,SELL PRESSURE / SYSTEM LONG,High
2025-11-30 04:00:00+00:00,-519.98,-157.28765433668676,0,0,0.21820973163201762,SELL PRESSURE / SYSTEM LONG,High
2025-11-30 04:30:00+00:00,-862.27,-612.3604359025603,0,0,0.025488534610381107,SELL PRESSURE / SYSTEM LONG,High
2025-11-30 05:00:00+00:00,-774.54,-616.0531106003267,0,0,0.021743664334762686,SELL PRESSURE / SYSTEM LONG,High
2025-11-30 05:30:00+00:00,-939.94,-851.9028452486104,0,0,0.017938170571782482,SELL PRESSURE / SYSTEM LONG,High
2025-11-30 06:00:00+00:00,-393.2,-557.901538968201,0,0,0.055245560733023495,SELL PRESSURE / SYSTEM LONG,High
2025-11-30 06:30:00+00:00,-321.97,-302.0616773845183,0,0,0.07338608871243357,SELL PRESSURE / SYSTEM LONG,High
2025-11-30 07:00:00+00:00,-190.56,-4.403400405972111,0,0,0.4994844830205234,SELL PRESSURE / SYSTEM LONG,Low
2025-11-30 07:30:00+00:00,453.76,37.510323283799075,1,1,0.6603236384470758,BUY PRESSURE / SYSTEM SHORT,Medium
2025-11-30 08:00:00+00:00,-18.87,123.89700238962251,0,1,0.7707075204319961,BUY PRESSURE / SYSTEM SHORT,High
2025-11-30 08:30:00+00:00,210.9,94.52862431510745,1,1,0.8153552510232831,BUY PRESSURE / SYSTEM SHORT,High
2025-11-30 09:00:00+00:00,-561.22,-308.43887457916225,0,0,0.15646514974965606,SELL PRESSURE / SYSTEM LONG,High
2025-11-30 09:30:00+00:00,-476.57,-221.8906789481476,0,0,0.17659520015607014,SELL PRESSURE / SYSTEM LONG,High
2025-11-30 10:00:00+00:00,-581.73,-455.75409718424424,0,0,0.03223919017698723,SELL PRESSURE / SYSTEM LONG,High
2025-11-30 10:30:00+00:00,-588.64,-394.8854881481959,0,0,0.058263097703552036,SELL PRESSURE / SYSTEM LONG,High
2025-11-30 11:00:00+00:00,-373.39,-374.9112022710319,0,0,0.03652274891308752,SELL PRESSURE / SYSTEM LONG,High
2025-11-30 11:30:00+00:00,-1025.63,-848.9530272675704,0,0,0.022517456585413962,SELL PRESSURE / SYSTEM LONG,High
2025-11-30 12:00:00+00:00,-753.35,-819.6286760447126,0,0,0.016843086983829633,SELL PRESSURE / SYSTEM LONG,High
2025-11-30 12:30:00+00:00,-1139.14,-864.9322992534145,0,0,0.024357248892416833,SELL PRESSURE / SYSTEM LONG,High
2025-11-30 13:00:00+00:00,-891.09,-873.9145335702077,0,0,0.015232826915189054,SELL PRESSURE / SYSTEM LONG,High
2025-11-30 13:30:00+00:00,-699.21,-629.4392122558543,0,0,0.03229671135566134,SELL PRESSURE / SYSTEM LONG,High
2025-11-30 14:00:00+00:00,-849.09,-655.9477436834741,0,0,0.016501933265020738,SELL PRESSURE / SYSTEM LONG,High
2025-11-30 14:30:00+00:00,-1046.88,-974.346837005951,0,0,0.012903501344841115,SELL PRESSURE / SYSTEM LONG,High
2025-11-30 15:00:00+00:00,254.13,-139.2277191212191,1,0,0.3582691348739705,SELL PRESSURE / SYSTEM LONG,Medium
2025-11-30 15:30:00+00:00,-127.06,-102.0486168497698,0,0,0.34323515637768126,SELL PRESSURE / SYSTEM LONG,Medium
2025-11-30 16:00:00+00:00,-211.23,-278.9435968552725,0,0,0.1037343306704525,SELL PRESSURE / SYSTEM LONG,High
2025-11-30 16:30:00+00:00,-840.7,-650.2594406894578,0,0,0.060788806060698614,SELL PRESSURE / SYSTEM LONG,High
2025-11-30 17:00:00+00:00,-732.3,-504.512707407262,0,0,0.04422952513771459,SELL PRESSURE / SYSTEM LONG,High
2025-11-30 17:30:00+00:00,-274.31,-293.3759994538086,0,0,0.07863759484202269,SELL PRESSURE / SYSTEM LONG,High
2025-11-30 18:00:00+00:00,-373.12,-400.88861037211143,0,0,0.06381923083088446,SELL PRESSURE / SYSTEM LONG,High
2025-11-30 18:30:00+00:00,-1007.1,-433.9026307512258,0,0,0.059823370464295096,SELL PRESSURE / SYSTEM LONG,High
2025-11-30 19:00:00+00:00,-771.14,-400.05624342519127,0,0,0.067107008939889,SELL PRESSURE / SYSTEM LONG,High
2025-11-30 19:30:00+00:00,-251.46,-59.088393961584536,0,0,0.36279463936657036,SELL PRESSURE / SYSTEM LONG,Medium
2025-11-30 20:00:00+00:00,-236.03,-333.5162563475543,0,0,0.0878610399202339,SELL PRESSURE / SYSTEM LONG,High
2025-11-30 20:30:00+00:00,134.55,29.150143640441062,1,1,0.6018457033593115,BUY PRESSURE / SYSTEM SHORT,Medium
2025-11-30 21:00:00+00:00,244.24,-157.03659984468857,1,0,0.26062657846788007,SELL PRESSURE / SYSTEM LONG,High
2025-11-30 21:30:00+00:00,-76.13,56.05370993687442,0,1,0.6587906658091233,BUY PRESSURE / SYSTEM SHORT,Medium
2025-11-30 22:00:00+00:00,-3.77,230.12746321661808,0,1,0.9003669380339967,BUY PRESSURE / SYSTEM SHORT,High
2025-11-30 22:30:00+00:00,17.04,-81.4414866492844,1,0,0.3949972750124802,SELL PRESSURE / SYSTEM LONG,Medium
2025-11-30 23:00:00+00:00,-379.42,-323.07801253052656,0,0,0.16424475425156174,SELL PRESSURE / SYSTEM LONG,High
2025-11-30 23:30:00+00:00,-15.11,-191.7686229074997,0,0,0.1727181479744083,SELL PRESSURE / SYSTEM LONG,High
2025-12-01 00:00:00+00:00,338.96,270.68868970928537,1,1,0.8962310821082511,BUY PRESSURE / SYSTEM SHORT,High
2025-12-01 00:30:00+00:00,-100.09,135.31993804764522,0,1,0.8248241894001127,BUY PRESSURE / SYSTEM SHORT,High
2025-12-01 01:00:00+00:00,162.44,320.9351441790549,1,1,0.8997187040724204,BUY PRESSURE / SYSTEM SHORT,High
2025-12-01 01:30:00+00:00,-74.42,-40.37345566666831,0,0,0.477194760254186,SELL PRESSURE / SYSTEM LONG,Low
2025-12-01 02:00:00+00:00,-222.57,-335.2832136881632,0,0,0.15951923292122008,SELL PRESSURE / SYSTEM LONG,High
2025-12-01 02:30:00+00:00,-469.98,-190.70445301184415,0,0,0.2069122532002152,SELL PRESSURE / SYSTEM LONG,High
2025-12-01 03:00:00+00:00,-912.89,-678.7158310677389,0,0,0.04870867005675346,SELL PRESSURE / SYSTEM LONG,High
2025-12-01 03:30:00+00:00,-409.93,-437.14565173893055,0,0,0.03448530583574603,SELL PRESSURE / SYSTEM LONG,High
2025-12-01 04:00:00+00:00,-554.6,-350.61217802862285,0,0,0.07326067305682576,SELL PRESSURE / SYSTEM LONG,High
2025-12-01 04:30:00+00:00,540.3,109.110753946663,1,1,0.677349955053499,BUY PRESSURE / SYSTEM SHORT,Medium
2025-12-01 05:00:00+00:00,417.86,431.99261104347966,1,1,0.9354325380262339,BUY PRESSURE / SYSTEM SHORT,High
2025-12-01 05:30:00+00:00,945.05,749.0806572297286,1,1,0.9620568764441699,BUY PRESSURE / SYSTEM SHORT,High
2025-12-01 06:00:00+00:00,385.48,398.72805635366086,1,1,0.9562455432744865,BUY PRESSURE / SYSTEM SHORT,High
2025-12-01 06:30:00+00:00,-134.63,-34.079166002473016,0,0,0.4196380415585378,SELL PRESSURE / SYSTEM LONG,Medium
2025-12-01 07:00:00+00:00,358.29,384.39176887898486,1,1,0.9024813381564849,BUY PRESSURE / SYSTEM SHORT,High
2025-12-01 07:30:00+00:00,822.52,648.9447494776467,1,1,0.9464472643980174,BUY PRESSURE / SYSTEM SHORT,High
2025-12-01 08:00:00+00:00,964.11,806.0074906951126,1,1,0.9806926821848669,BUY PRESSURE / SYSTEM SHORT,High
2025-12-01 08:30:00+00:00,259.34,479.22596279229236,1,1,0.9586115330255819,BUY PRESSURE / SYSTEM SHORT,High
2025-12-01 09:00:00+00:00,65.06,384.5746953118588,1,1,0.9244676709143174,BUY PRESSURE / SYSTEM SHORT,High
2025-12-01 09:30:00+00:00,55.61,73.87362335168781,1,1,0.7478771969411814,BUY PRESSURE / SYSTEM SHORT,High
2025-12-01 10:00:00+00:00,-48.66,-119.55747677072783,0,0,0.33205524001292824,SELL PRESSURE / SYSTEM LONG,Medium
2025-12-01 10:30:00+00:00,219.02,244.5177226868232,1,1,0.9226281792145629,BUY PRESSURE / SYSTEM SHORT,High
2025-12-01 11:00:00+00:00,-93.52,-3.8550773987224063,0,1,0.5255930084311953,BUY PRESSURE / SYSTEM SHORT,Low
2025-12-01 11:30:00+00:00,290.42,192.11682402589767,1,1,0.8461154094507259,BUY PRESSURE / SYSTEM SHORT,High
2025-12-01 12:00:00+00:00,-243.49,-153.3572554047283,0,0,0.2521941671303264,SELL PRESSURE / SYSTEM LONG,High
2025-12-01 12:30:00+00:00,27.85,115.46730537768197,1,1,0.7781002052883939,BUY PRESSURE / SYSTEM SHORT,High
2025-12-01 13:00:00+00:00,115.49,-34.2622728807462,1,0,0.4780379497544567,SELL PRESSURE / SYSTEM LONG,Low
2025-12-01 13:30:00+00:00,11.5,-105.29208784097682,1,0,0.31074977578619806,SELL PRESSURE / SYSTEM LONG,Medium
2025-12-01 14:00:00+00:00,-222.03,-393.49248011075827,0,0,0.056483991059014166,SELL PRESSURE / SYSTEM LONG,High
2025-12-01 14:30:00+00:00,200.74,63.17716678645998,1,1,0.761705755000931,BUY PRESSURE / SYSTEM SHORT,High
2025-12-01 15:00:00+00:00,722.56,544.7936809990041,1,1,0.9342746207770146,BUY PRESSURE / SYSTEM SHORT,High
2025-12-01 15:30:00+00:00,219.11,235.6505345124711,1,1,0.9208085018667198,BUY PRESSURE / SYSTEM SHORT,High
2025-12-01 16:00:00+00:00,367.77,333.75940264066963,1,1,0.9574619360148036,BUY PRESSURE / SYSTEM SHORT,High
2025-12-01 16:30:00+00:00,281.45,347.87784434242354,1,1,0.9505418576150177,BUY PRESSURE / SYSTEM SHORT,High
2025-12-01 17:00:00+00:00,306.2,193.41677977894793,1,1,0.8133969957827187,BUY PRESSURE / SYSTEM SHORT,High
2025-12-01 17:30:00+00:00,839.31,647.5411559891714,1,1,0.959999650725204,BUY PRESSURE / SYSTEM SHORT,High
2025-12-01 18:00:00+00:00,700.73,552.8502075072786,1,1,0.9742419385737707,BUY PRESSURE / SYSTEM SHORT,High
2025-12-01 18:30:00+00:00,-118.33,171.1405053241313,0,1,0.7966886360114311,BUY PRESSURE / SYSTEM SHORT,High
2025-12-01 19:00:00+00:00,-239.78,-48.987318925952465,0,0,0.4569054251433017,SELL PRESSURE / SYSTEM LONG,Low
2025-12-01 19:30:00+00:00,-134.64,-121.37305359203994,0,0,0.3497489091892359,SELL PRESSURE / SYSTEM LONG,Medium
2025-12-01 20:00:00+00:00,577.54,418.09837544826246,1,1,0.8930538293464033,BUY PRESSURE / SYSTEM SHORT,High
2025-12-01 20:30:00+00:00,-308.27,-208.84868853453338,0,0,0.3096834402490991,SELL PRESSURE / SYSTEM LONG,Medium
2025-12-01 21:00:00+00:00,-198.96,-47.00461245551407,0,0,0.480511011211862,SELL PRESSURE / SYSTEM LONG,Low
2025-12-01 21:30:00+00:00,-314.51,-219.6842519664738,0,0,0.1514184123938853,SELL PRESSURE / SYSTEM LONG,High
2025-12-01 22:00:00+00:00,14.63,60.30646563620092,1,1,0.6916790770528225,BUY PRESSURE / SYSTEM SHORT,Medium
2025-12-01 22:30:00+00:00,382.43,196.11609494573275,1,1,0.8712179753970498,BUY PRESSURE / SYSTEM SHORT,High
2025-12-01 23:00:00+00:00,-255.75,-28.40719173759008,0,0,0.43237849276265644,SELL PRESSURE / SYSTEM LONG,Medium
2025-12-01 23:30:00+00:00,42.58,-25.231362847371866,1,1,0.5214705673092331,BUY PRESSURE / SYSTEM SHORT,Low
2025-12-02 00:00:00+00:00,-87.67,-135.8775834715219,0,0,0.25190251345649917,SELL PRESSURE / SYSTEM LONG,High
2025-12-02 00:30:00+00:00,49.24,4.6897205536867785,1,1,0.5869976061270833,BUY PRESSURE / SYSTEM SHORT,Medium
2025-12-02 01:00:00+00:00,-622.31,-340.3236968650468,0,0,0.11089962621436329,SELL PRESSURE / SYSTEM LONG,High
2025-12-02 01:30:00+00:00,-559.91,-384.2320242598828,0,0,0.04427865567995033,SELL PRESSURE / SYSTEM LONG,High
2025-12-02 02:00:00+00:00,-631.6,-659.7385354813341,0,0,0.03656579341491685,SELL PRESSURE / SYSTEM LONG,High
2025-12-02 02:30:00+00:00,-469.85,-590.1599470473564,0,0,0.030886091278101026,SELL PRESSURE / SYSTEM LONG,High
2025-12-02 03:00:00+00:00,333.28,268.6672978036271,1,1,0.8084644317815678,BUY PRESSURE / SYSTEM SHORT,High
2025-12-02 03:30:00+00:00,-167.63,-141.7413176060254,0,0,0.32178222845965865,SELL PRESSURE / SYSTEM LONG,Medium
2025-12-02 04:00:00+00:00,94.86,116.75419101044997,1,1,0.8232848371535896,BUY PRESSURE / SYSTEM SHORT,High
2025-12-02 04:30:00+00:00,-56.25,96.7112288772389,0,1,0.775654984154121,BUY PRESSURE / SYSTEM SHORT,High
2025-12-02 05:00:00+00:00,70.25,3.648172670261191,1,1,0.6274756263569694,BUY PRESSURE / SYSTEM SHORT,Medium
2025-12-02 05:30:00+00:00,-296.08,-250.82218785713317,0,0,0.12265710520582675,SELL PRESSURE / SYSTEM LONG,High
2025-12-02 06:00:00+00:00,-174.4,-127.70542046806082,0,0,0.38907851137400173,SELL PRESSURE / SYSTEM LONG,Medium
2025-12-02 06:30:00+00:00,-685.19,-506.33743069974616,0,0,0.0792008586856023,SELL PRESSURE / SYSTEM LONG,High
2025-12-02 07:00:00+00:00,-399.72,-117.82718492647994,0,0,0.32721541426634404,SELL PRESSURE / SYSTEM LONG,Medium
2025-12-02 07:30:00+00:00,-99.74,48.66427335023113,0,1,0.5507682916251909,BUY PRESSURE / SYSTEM SHORT,Medium
2025-12-02 08:00:00+00:00,-753.88,-477.5603894091756,0,0,0.05693384308043419,SELL PRESSURE / SYSTEM LONG,High
2025-12-02 08:30:00+00:00,-630.13,-409.75292613836723,0,0,0.04222815879677394,SELL PRESSURE / SYSTEM LONG,High
2025-12-02 09:00:00+00:00,-631.82,-514.8038540182631,0,0,0.06613345497682159,SELL PRESSURE / SYSTEM LONG,High
2025-12-02 09:30:00+00:00,168.23,33.427790806567764,1,1,0.5957567838226475,BUY PRESSURE / SYSTEM SHORT,Medium
2025-12-02 10:00:00+00:00,517.28,228.52901374039928,1,1,0.9074350410391182,BUY PRESSURE / SYSTEM SHORT,High
2025-12-02 10:30:00+00:00,824.52,535.2381690570099,1,1,0.9589805873752821,BUY PRESSURE / SYSTEM SHORT,High
2025-12-02 11:00:00+00:00,525.26,554.3268753554701,1,1,0.9487005654012122,BUY PRESSURE / SYSTEM SHORT,High
2025-12-02 11:30:00+00:00,678.96,493.9918107538196,1,1,0.9432418873946716,BUY PRESSURE / SYSTEM SHORT,High
2025-12-02 12:00:00+00:00,84.04,161.8002956837529,1,1,0.8127050723823166,BUY PRESSURE / SYSTEM SHORT,High
2025-12-02 12:30:00+00:00,-105.6,-21.471732124210252,0,0,0.4128063173490924,SELL PRESSURE / SYSTEM LONG,Medium
2025-12-02 13:00:00+00:00,-206.05,-88.05644286870285,0,0,0.3826227793269686,SELL PRESSURE / SYSTEM LONG,Medium
2025-12-02 13:30:00+00:00,227.71,-9.711015230560642,1,0,0.4751225969851769,SELL PRESSURE / SYSTEM LONG,Low
2025-12-02 14:00:00+00:00,-257.47,-155.29525010419874,0,0,0.2093459703409129,SELL PRESSURE / SYSTEM LONG,High
2025-12-02 14:30:00+00:00,-370.09,-349.83711774023027,0,0,0.041030448859208125,SELL PRESSURE / SYSTEM LONG,High
2025-12-02 15:00:00+00:00,170.37,82.66847438884079,1,1,0.7616001923444451,BUY PRESSURE / SYSTEM SHORT,High
2025-12-02 15:30:00+00:00,312.2,191.46610106111683,1,1,0.8830884582098887,BUY PRESSURE / SYSTEM SHORT,High
2025-12-02 16:00:00+00:00,487.2,268.18096894163887,1,1,0.9432896485633495,BUY PRESSURE / SYSTEM SHORT,High
2025-12-02 16:30:00+00:00,-354.3,-2.8566317317254253,0,1,0.5137704734146232,BUY PRESSURE / SYSTEM SHORT,Low
2025-12-02 17:00:00+00:00,-274.08,-157.492211466071,0,0,0.3116722105591325,SELL PRESSURE / SYSTEM LONG,Medium
2025-12-02 17:30:00+00:00,-440.55,-368.5509746404452,0,0,0.07798413495701903,SELL PRESSURE / SYSTEM LONG,High
2025-12-02 18:00:00+00:00,-178.91,-233.53580578474674,0,0,0.16049527540235786,SELL PRESSURE / SYSTEM LONG,High
2025-12-02 18:30:00+00:00,-265.82,55.84455004583707,0,1,0.7082549534981407,BUY PRESSURE / SYSTEM SHORT,High
2025-12-02 19:00:00+00:00,-96.94,-185.34007938017956,0,0,0.20756391757913475,SELL PRESSURE / SYSTEM LONG,High
2025-12-02 19:30:00+00:00,440.25,345.53136933829154,1,1,0.9281855673136105,BUY PRESSURE / SYSTEM SHORT,High
2025-12-02 20:00:00+00:00,217.1,351.68484152545903,1,1,0.8892540868346097,BUY PRESSURE / SYSTEM SHORT,High
2025-12-02 20:30:00+00:00,-926.95,-326.8447952767692,0,0,0.13925079261178328,SELL PRESSURE / SYSTEM LONG,High
2025-12-02 21:00:00+00:00,19.94,-279.97822570588124,1,0,0.12280569260154195,SELL PRESSURE / SYSTEM LONG,High
2025-12-02 21:30:00+00:00,-194.83,-221.93509086887158,0,0,0.22458913367378255,SELL PRESSURE / SYSTEM LONG,High
2025-12-02 22:00:00+00:00,-254.82,-235.59851147356076,0,0,0.11428076734883405,SELL PRESSURE / SYSTEM LONG,High
2025-12-02 22:30:00+00:00,-417.73,-190.17406896388613,0,0,0.1627719300692139,SELL PRESSURE / SYSTEM LONG,High
2025-12-02 23:00:00+00:00,-46.31,55.52438016115908,0,1,0.7396305927887795,BUY PRESSURE / SYSTEM SHORT,High
2025-12-02 23:30:00+00:00,-141.02,-318.48692982744365,0,0,0.1484776594518917,SELL PRESSURE / SYSTEM LONG,High
2025-12-03 00:00:00+00:00,116.66,70.92020618685952,1,1,0.8079187895817934,BUY PRESSURE / SYSTEM SHORT,High
2025-12-03 00:30:00+00:00,-76.19,-111.5259306169508,0,0,0.28225703010791126,SELL PRESSURE / SYSTEM LONG,High
2025-12-03 01:00:00+00:00,-371.18,-164.1841524281059,0,0,0.16627743338153084,SELL PRESSURE / SYSTEM LONG,High
2025-12-03 01:30:00+00:00,-168.4,28.876214586423313,0,1,0.6672643224774208,BUY PRESSURE / SYSTEM SHORT,Medium
2025-12-03 02:00:00+00:00,81.51,-4.873939660870989,1,1,0.5722945135146452,BUY PRESSURE / SYSTEM SHORT,Medium
2025-12-03 02:30:00+00:00,-599.93,-400.99425340269585,0,0,0.09595776152612501,SELL PRESSURE / SYSTEM LONG,High
2025-12-03 03:00:00+00:00,-391.02,-260.19159153417866,0,0,0.1639677466075635,SELL PRESSURE / SYSTEM LONG,High
2025-12-03 03:30:00+00:00,-211.03,-224.42602910310353,0,0,0.19000481171120176,SELL PRESSURE / SYSTEM LONG,High
2025-12-03 04:00:00+00:00,-140.64,11.355312862605672,0,1,0.5226101964100001,BUY PRESSURE / SYSTEM SHORT,Low
2025-12-03 04:30:00+00:00,-439.57,-359.27657023011557,0,0,0.07830258113377313,SELL PRESSURE / SYSTEM LONG,High
2025-12-03 05:00:00+00:00,-303.26,-325.62921817288725,0,0,0.055551906504598916,SELL PRESSURE / SYSTEM LONG,High
2025-12-03 05:30:00+00:00,-323.72,-59.66360574286122,0,0,0.4170146255933866,SELL PRESSURE / SYSTEM LONG,Medium
2025-12-03 06:00:00+00:00,127.11,165.69925831010187,1,1,0.8052431922270243,BUY PRESSURE / SYSTEM SHORT,High
2025-12-03 06:30:00+00:00,523.8,496.0822323841727,1,1,0.9111799697449849,BUY PRESSURE / SYSTEM SHORT,High
2025-12-03 07:00:00+00:00,343.24,369.31444173697025,1,1,0.9586548339572198,BUY PRESSURE / SYSTEM SHORT,High
2025-12-03 07:30:00+00:00,-305.04,26.20805944770082,0,0,0.44513731050629857,SELL PRESSURE / SYSTEM LONG,Medium
2025-12-03 08:00:00+00:00,-119.99,-316.32591413255784,0,0,0.17366201767192288,SELL PRESSURE / SYSTEM LONG,High
2025-12-03 08:30:00+00:00,-758.11,-503.50213091584476,0,0,0.062780344541322,SELL PRESSURE / SYSTEM LONG,High
2025-12-03 09:00:00+00:00,-170.12,-142.12664490726337,0,0,0.36778160730086285,SELL PRESSURE / SYSTEM LONG,Medium
2025-12-03 09:30:00+00:00,-599.82,-435.4852983377833,0,0,0.1052230473617716,SELL PRESSURE / SYSTEM LONG,High
2025-12-03 10:00:00+00:00,-408.96,-307.7321188068159,0,0,0.07471224149032299,SELL PRESSURE / SYSTEM LONG,High
2025-12-03 10:30:00+00:00,76.59,-100.36908700380886,1,0,0.3403060238183826,SELL PRESSURE / SYSTEM LONG,Medium
2025-12-03 11:00:00+00:00,-42.66,-97.39543914669918,0,0,0.37529593391100846,SELL PRESSURE / SYSTEM LONG,Medium
2025-12-03 11:30:00+00:00,-318.77,-361.13099065080416,0,0,0.09808852248091268,SELL PRESSURE / SYSTEM LONG,High
2025-12-03 12:00:00+00:00,-372.84,-498.1770284224691,0,0,0.03964804877226151,SELL PRESSURE / SYSTEM LONG,High
2025-12-03 12:30:00+00:00,-43.09,-312.2136719034087,0,0,0.09894135901343859,SELL PRESSURE / SYSTEM LONG,High
2025-12-03 13:00:00+00:00,-268.71,-114.98598105678731,0,0,0.31596109040797127,SELL PRESSURE / SYSTEM LONG,Medium
2025-12-03 13:30:00+00:00,-338.0,-171.23107203436942,0,0,0.15585964981216832,SELL PRESSURE / SYSTEM LONG,High
2025-12-03 14:00:00+00:00,-270.89,-247.5551827244286,0,0,0.1379510559229854,SELL PRESSURE / SYSTEM LONG,High
2025-12-03 14:30:00+00:00,-459.65,-240.30786542369447,0,0,0.13490374513824013,SELL PRESSURE / SYSTEM LONG,High
2025-12-03 15:00:00+00:00,299.83,195.862744945726,1,1,0.8003000589622686,BUY PRESSURE / SYSTEM SHORT,High
2025-12-03 15:30:00+00:00,255.23,380.1217455045907,1,1,0.9382512612107903,BUY PRESSURE / SYSTEM SHORT,High
2025-12-03 16:00:00+00:00,-366.33,-248.4523730555705,0,0,0.14887679320744385,SELL PRESSURE / SYSTEM LONG,High
2025-12-03 16:30:00+00:00,-61.94,-108.79998722137945,0,0,0.36279593911750707,SELL PRESSURE / SYSTEM LONG,Medium
2025-12-03 17:00:00+00:00,-186.52,-148.45507708966448,0,0,0.3040316224710282,SELL PRESSURE / SYSTEM LONG,Medium
2025-12-03 17:30:00+00:00,-305.46,-120.0997026639252,0,0,0.33248702451342976,SELL PRESSURE / SYSTEM LONG,Medium
2025-12-03 18:00:00+00:00,-455.6,-420.5687058192718,0,0,0.0795858423660709,SELL PRESSURE / SYSTEM LONG,High
2025-12-03 18:30:00+00:00,-484.95,-287.72604526729015,0,0,0.17552917711078467,SELL PRESSURE / SYSTEM LONG,High
2025-12-03 19:00:00+00:00,-528.11,-542.3948102159467,0,0,0.07828001437632341,SELL PRESSURE / SYSTEM LONG,High
2025-12-03 19:30:00+00:00,77.63,74.97403428714043,1,1,0.6573056289540556,BUY PRESSURE / SYSTEM SHORT,Medium
2025-12-03 20:00:00+00:00,-620.62,-462.7066924941763,0,0,0.11148415731775095,SELL PRESSURE / SYSTEM LONG,High
2025-12-03 20:30:00+00:00,-310.54,-349.89467692100595,0,0,0.12964192502526603,SELL PRESSURE / SYSTEM LONG,High
2025-12-03 21:00:00+00:00,-763.72,-642.591382297454,0,0,0.06878583854410618,SELL PRESSURE / SYSTEM LONG,High
2025-12-03 21:30:00+00:00,-612.63,-220.9140805218897,0,0,0.2175491214430896,SELL PRESSURE / SYSTEM LONG,High
2025-12-03 22:00:00+00:00,-293.11,-242.4744112047009,0,0,0.11433661365801204,SELL PRESSURE / SYSTEM LONG,High
2025-12-03 22:30:00+00:00,-213.32,-239.71452698919424,0,0,0.19476175900129727,SELL PRESSURE / SYSTEM LONG,High
2025-12-03 23:00:00+00:00,-285.35,-362.4826521579398,0,0,0.08226269867426261,SELL PRESSURE / SYSTEM LONG,High
2025-12-03 23:30:00+00:00,527.01,349.55223227184723,1,1,0.8859647032960946,BUY PRESSURE / SYSTEM SHORT,High
2025-12-04 00:00:00+00:00,76.52,-23.178347495392515,1,0,0.45645316617294135,SELL PRESSURE / SYSTEM LONG,Low
2025-12-04 00:30:00+00:00,296.4,137.18674014693,1,1,0.8036926520697827,BUY PRESSURE / SYSTEM SHORT,High
2025-12-04 01:00:00+00:00,101.55,44.35922691794979,1,1,0.660862953621716,BUY PRESSURE / SYSTEM SHORT,Medium
2025-12-04 01:30:00+00:00,-241.98,-177.2062570888932,0,0,0.20263346091145715,SELL PRESSURE / SYSTEM LONG,High
2025-12-04 02:00:00+00:00,55.48,-23.861014318543447,1,1,0.5164652414274391,BUY PRESSURE / SYSTEM SHORT,Low
2025-12-04 02:30:00+00:00,-1833.44,-557.2513374065318,0,0,0.0685566060532159,SELL PRESSURE / SYSTEM LONG,High
2025-12-04 03:00:00+00:00,-1179.3,-722.1479365554428,0,0,0.03970574464461309,SELL PRESSURE / SYSTEM LONG,High
2025-12-04 03:30:00+00:00,-770.36,-561.2124400023805,0,0,0.07320899782017777,SELL PRESSURE / SYSTEM LONG,High
2025-12-04 04:00:00+00:00,-651.04,-410.14050436173517,0,0,0.05902451865773273,SELL PRESSURE / SYSTEM LONG,High
2025-12-04 04:30:00+00:00,-885.83,-607.1118656939037,0,0,0.03749190569342991,SELL PRESSURE / SYSTEM LONG,High
2025-12-04 05:00:00+00:00,-249.09,-297.5563438647963,0,0,0.16984565256584752,SELL PRESSURE / SYSTEM LONG,High
2025-12-04 05:30:00+00:00,-527.75,-319.1088500990922,0,0,0.0708883030508602,SELL PRESSURE / SYSTEM LONG,High
2025-12-04 06:00:00+00:00,-584.55,-569.6250747785442,0,0,0.017902809191569658,SELL PRESSURE / SYSTEM LONG,High
2025-12-04 06:30:00+00:00,-200.49,-305.5612912464823,0,0,0.09534597793853068,SELL PRESSURE / SYSTEM LONG,High
2025-12-04 07:00:00+00:00,-545.5,-318.493607120201,0,0,0.053371038690601724,SELL PRESSURE / SYSTEM LONG,High
2025-12-04 07:30:00+00:00,16.85,-293.31690831010735,1,0,0.10231938088544033,SELL PRESSURE / SYSTEM LONG,High
2025-12-04 08:00:00+00:00,-297.76,-212.71164828202396,0,0,0.180219331987502,SELL PRESSURE / SYSTEM LONG,High
2025-12-04 08:30:00+00:00,-419.49,-383.54395092021616,0,0,0.06279265476463465,SELL PRESSURE / SYSTEM LONG,High
2025-12-04 09:00:00+00:00,-5.15,-109.36156810856428,0,0,0.32303795221091136,SELL PRESSURE / SYSTEM LONG,Medium
2025-12-04 09:30:00+00:00,-56.25,-40.74744123209541,0,0,0.48571135445554586,SELL PRESSURE / SYSTEM LONG,Low
2025-12-04 10:00:00+00:00,-244.2,-330.91014733412675,0,0,0.18827267339093642,SELL PRESSURE / SYSTEM LONG,High
2025-12-04 10:30:00+00:00,13.42,241.4861462257977,1,1,0.8657042517624679,BUY PRESSURE / SYSTEM SHORT,High
2025-12-04 11:00:00+00:00,80.92,-87.61480654217704,1,0,0.42351393795546316,SELL PRESSURE / SYSTEM LONG,Medium
2025-12-04 11:30:00+00:00,186.03,-1.382196900491794,1,1,0.6369092189515994,BUY PRESSURE / SYSTEM SHORT,Medium
2025-12-04 12:00:00+00:00,110.68,44.98214599266004,1,1,0.628865664641243,BUY PRESSURE / SYSTEM SHORT,Medium
2025-12-04 12:30:00+00:00,714.99,490.0350949561227,1,1,0.9114500411425697,BUY PRESSURE / SYSTEM SHORT,High
2025-12-04 13:00:00+00:00,-459.81,-138.54321036490165,0,0,0.2456510263480317,SELL PRESSURE / SYSTEM LONG,High
2025-12-04 13:30:00+00:00,-660.79,-385.8878408703866,0,0,0.07766152305016574,SELL PRESSURE / SYSTEM LONG,High
2025-12-04 14:00:00+00:00,-845.39,-754.1922045057705,0,0,0.02221778373990253,SELL PRESSURE / SYSTEM LONG,High
2025-12-04 14:30:00+00:00,-386.24,-410.0989727833252,0,0,0.04740368917880313,SELL PRESSURE / SYSTEM LONG,High
2025-12-04 15:00:00+00:00,-222.38,-212.20189703630638,0,0,0.11525195679675818,SELL PRESSURE / SYSTEM LONG,High
2025-12-04 15:30:00+00:00,-505.71,-287.1056665553943,0,0,0.1277239955257814,SELL PRESSURE / SYSTEM LONG,High
2025-12-04 16:00:00+00:00,-41.06,45.70748759822786,0,1,0.6533914606215526,BUY PRESSURE / SYSTEM SHORT,Medium
2025-12-04 16:30:00+00:00,-554.37,-306.7475287434424,0,0,0.11999993155328427,SELL PRESSURE / SYSTEM LONG,High
2025-12-04 17:00:00+00:00,48.79,-88.14207986756723,1,0,0.38875614583632784,SELL PRESSURE / SYSTEM LONG,Medium
2025-12-04 17:30:00+00:00,225.12,90.23294825939642,1,1,0.7615897195273663,BUY PRESSURE / SYSTEM SHORT,High
2025-12-04 18:00:00+00:00,-291.56,-235.35705275510577,0,0,0.16450830383592546,SELL PRESSURE / SYSTEM LONG,High
2025-12-04 18:30:00+00:00,-261.99,-245.61478945581658,0,0,0.15507456627813043,SELL PRESSURE / SYSTEM LONG,High
2025-12-04 19:00:00+00:00,-492.49,-292.9138886707313,0,0,0.08846946486895799,SELL PRESSURE / SYSTEM LONG,High
2025-12-04 19:30:00+00:00,172.24,191.23500228556858,1,1,0.7468034579515911,BUY PRESSURE / SYSTEM SHORT,High
2025-12-04 20:00:00+00:00,-425.31,51.62712414369337,0,1,0.6664150431747926,BUY PRESSURE / SYSTEM SHORT,Medium
2025-12-04 20:30:00+00:00,129.58,144.68838058964906,1,1,0.7983980813355886,BUY PRESSURE / SYSTEM SHORT,High
2025-12-04 21:00:00+00:00,-117.11,95.60958034728465,0,1,0.7196380356230175,BUY PRESSURE / SYSTEM SHORT,High
2025-12-04 21:30:00+00:00,322.23,84.78988883911974,1,1,0.7669037938361444,BUY PRESSURE / SYSTEM SHORT,High
2025-12-04 22:00:00+00:00,440.37,272.98559207920243,1,1,0.9237391925860307,BUY PRESSURE / SYSTEM SHORT,High
2025-12-04 22:30:00+00:00,-166.98,-211.27086801782949,0,0,0.2268403031047559,SELL PRESSURE / SYSTEM LONG,High
2025-12-04 23:00:00+00:00,-50.46,-2.213097971468408,0,1,0.5679504870838763,BUY PRESSURE / SYSTEM SHORT,Medium
2025-12-04 23:30:00+00:00,-788.15,-428.28934672113706,0,0,0.06675106515454698,SELL PRESSURE / SYSTEM LONG,High
2025-12-05 00:00:00+00:00,-590.15,-637.3503842054342,0,0,0.033940154966742936,SELL PRESSURE / SYSTEM LONG,High
2025-12-05 00:30:00+00:00,-56.21,-214.26524434703174,0,0,0.18525892986610934,SELL PRESSURE / SYSTEM LONG,High
2025-12-05 01:00:00+00:00,-125.4,-71.7230243495671,0,0,0.39542546839479475,SELL PRESSURE / SYSTEM LONG,Medium
2025-12-05 01:30:00+00:00,-349.73,-36.83036161338203,0,0,0.47148091528621977,SELL PRESSURE / SYSTEM LONG,Low
2025-12-05 02:00:00+00:00,-102.81,8.658130245811583,0,1,0.6329205456186968,BUY PRESSURE / SYSTEM SHORT,Medium
2025-12-05 02:30:00+00:00,281.89,191.0384887239978,1,1,0.8098576350122603,BUY PRESSURE / SYSTEM SHORT,High
2025-12-05 03:00:00+00:00,467.74,433.06037570725186,1,1,0.9347276482135052,BUY PRESSURE / SYSTEM SHORT,High
2025-12-05 03:30:00+00:00,444.44,466.7875783722516,1,1,0.9514479626236941,BUY PRESSURE / SYSTEM SHORT,High
2025-12-05 04:00:00+00:00,-143.26,0.15103930164481427,0,1,0.5303030278441683,BUY PRESSURE / SYSTEM SHORT,Low
2025-12-05 04:30:00+00:00,521.07,251.1157468623998,1,1,0.911588569904711,BUY PRESSURE / SYSTEM SHORT,High
2025-12-05 05:00:00+00:00,810.19,576.9148860935625,1,1,0.9593541754352823,BUY PRESSURE / SYSTEM SHORT,High
2025-12-05 05:30:00+00:00,560.82,449.1879488683014,1,1,0.9763524679857757,BUY PRESSURE / SYSTEM SHORT,High
2025-12-05 06:00:00+00:00,489.34,309.6393364891478,1,1,0.939530797795589,BUY PRESSURE / SYSTEM SHORT,High
2025-12-05 06:30:00+00:00,514.03,494.18720737958205,1,1,0.9669644468886982,BUY PRESSURE / SYSTEM SHORT,High
2025-12-05 07:00:00+00:00,293.93,351.47798673770046,1,1,0.9494749954775993,BUY PRESSURE / SYSTEM SHORT,High
2025-12-05 07:30:00+00:00,-278.25,-147.9000044556451,0,0,0.2181720922509423,SELL PRESSURE / SYSTEM LONG,High
2025-12-05 08:00:00+00:00,381.6,327.30125655120145,1,1,0.8574296253072721,BUY PRESSURE / SYSTEM SHORT,High
2025-12-05 08:30:00+00:00,442.25,302.8671887146688,1,1,0.9204368332043177,BUY PRESSURE / SYSTEM SHORT,High
2025-12-05 09:00:00+00:00,-2.67,-54.44761372199387,0,0,0.34251483100708,SELL PRESSURE / SYSTEM LONG,Medium
2025-12-05 09:30:00+00:00,-382.57,-387.6184307012255,0,0,0.08234063657230596,SELL PRESSURE / SYSTEM LONG,High
2025-12-05 10:00:00+00:00,-352.0,-187.48100551561515,0,0,0.20360683569030458,SELL PRESSURE / SYSTEM LONG,High
2025-12-05 10:30:00+00:00,174.3,55.90567072697769,1,1,0.6956784816138486,BUY PRESSURE / SYSTEM SHORT,Medium
2025-12-05 11:00:00+00:00,-395.14,-449.6050556277735,0,0,0.1284792287871834,SELL PRESSURE / SYSTEM LONG,High
2025-12-05 11:30:00+00:00,-695.21,-567.3156980585311,0,0,0.021717802317134955,SELL PRESSURE / SYSTEM LONG,High
2025-12-05 12:00:00+00:00,241.1,-150.84130713568845,1,0,0.25529908635733906,SELL PRESSURE / SYSTEM LONG,High
2025-12-05 12:30:00+00:00,163.63,-218.96061089460184,1,0,0.22872318638072486,SELL PRESSURE / SYSTEM LONG,High
2025-12-05 13:00:00+00:00,127.58,114.44336981523715,1,1,0.8183843593726459,BUY PRESSURE / SYSTEM SHORT,High
2025-12-05 13:30:00+00:00,-885.14,-553.4483488846545,0,0,0.07300325854772252,SELL PRESSURE / SYSTEM LONG,High
2025-12-05 14:00:00+00:00,-687.91,-419.69441283012077,0,0,0.044606515919818596,SELL PRESSURE / SYSTEM LONG,High
2025-12-05 14:30:00+00:00,-560.15,-515.8777381735065,0,0,0.033254728626274044,SELL PRESSURE / SYSTEM LONG,High
2025-12-05 15:00:00+00:00,-842.15,-645.1227804857276,0,0,0.01698648472210645,SELL PRESSURE / SYSTEM LONG,High
2025-12-05 15:30:00+00:00,357.57,172.48618527116778,1,1,0.7308883724462649,BUY PRESSURE / SYSTEM SHORT,High
2025-12-05 16:00:00+00:00,-264.5,-244.01313411415697,0,0,0.1947294488361294,SELL PRESSURE / SYSTEM LONG,High
2025-12-05 16:30:00+00:00,299.92,138.06511506091923,1,1,0.8192480775899392,BUY PRESSURE / SYSTEM SHORT,High
2025-12-05 17:00:00+00:00,354.76,362.2884485108053,1,1,0.929753516918536,BUY PRESSURE / SYSTEM SHORT,High
2025-12-05 17:30:00+00:00,10.49,90.33834358729163,1,1,0.6903065809733873,BUY PRESSURE / SYSTEM SHORT,Medium
2025-12-05 18:00:00+00:00,-77.45,88.78697510838167,0,1,0.7293396232583553,BUY PRESSURE / SYSTEM SHORT,High
2025-12-05 18:30:00+00:00,-19.17,175.8319885281758,0,1,0.8079670404399729,BUY PRESSURE / SYSTEM SHORT,High
2025-12-05 19:00:00+00:00,-124.73,-107.62501057218842,0,0,0.3665014130592749,SELL PRESSURE / SYSTEM LONG,Medium
2025-12-05 19:30:00+00:00,-474.05,-374.192528293581,0,0,0.15084910926577838,SELL PRESSURE / SYSTEM LONG,High
2025-12-05 20:00:00+00:00,-366.77,-238.61684383483436,0,0,0.12964009703912943,SELL PRESSURE / SYSTEM LONG,High
2025-12-05 20:30:00+00:00,-379.02,-144.84434556239387,0,0,0.33182440833233345,SELL PRESSURE / SYSTEM LONG,Medium
2025-12-05 21:00:00+00:00,454.03,171.20338670298239,1,1,0.8313926322224422,BUY PRESSURE / SYSTEM SHORT,High
2025-12-05 21:30:00+00:00,404.25,234.01343148881483,1,1,0.8613230842092898,BUY PRESSURE / SYSTEM SHORT,High
2025-12-05 22:00:00+00:00,-193.55,-114.27506835663516,0,0,0.277421252137885,SELL PRESSURE / SYSTEM LONG,High
2025-12-05 22:30:00+00:00,-452.8,-268.16445565837074,0,0,0.0736462246243959,SELL PRESSURE / SYSTEM LONG,High
2025-12-05 23:00:00+00:00,-1014.44,-695.4403820990898,0,0,0.03845935252798162,SELL PRESSURE / SYSTEM LONG,High
2025-12-05 23:30:00+00:00,-629.8,-626.9447541189759,0,0,0.04481436206363531,SELL PRESSURE / SYSTEM LONG,High
2025-12-06 00:00:00+00:00,-110.19,-305.6928973669799,0,0,0.07370421957685538,SELL PRESSURE / SYSTEM LONG,High
2025-12-06 00:30:00+00:00,-264.42,-158.10485592230154,0,0,0.17167714265669345,SELL PRESSURE / SYSTEM LONG,High
2025-12-06 01:00:00+00:00,-71.34,-78.7716070264351,0,0,0.36539038148362607,SELL PRESSURE / SYSTEM LONG,Medium
2025-12-06 01:30:00+00:00,313.05,327.47669728677937,1,1,0.8588488825533173,BUY PRESSURE / SYSTEM SHORT,High
2025-12-06 02:00:00+00:00,-145.7,-37.31255721839212,0,0,0.34529623961022343,SELL PRESSURE / SYSTEM LONG,Medium
2025-12-06 02:30:00+00:00,110.83,181.07050898572655,1,1,0.8288778583404591,BUY PRESSURE / SYSTEM SHORT,High
2025-12-06 03:00:00+00:00,-79.59,-179.90184917608076,0,0,0.19074892374623573,SELL PRESSURE / SYSTEM LONG,High
2025-12-06 03:30:00+00:00,-108.28,-132.28549360178167,0,0,0.23851701968285924,SELL PRESSURE / SYSTEM LONG,High
2025-12-06 04:00:00+00:00,-409.57,-287.07144977262345,0,0,0.07777227238595805,SELL PRESSURE / SYSTEM LONG,High
2025-12-06 04:30:00+00:00,-675.41,-630.6671340258576,0,0,0.029122751775279006,SELL PRESSURE / SYSTEM LONG,High
2025-12-06 05:00:00+00:00,-910.87,-546.7749257857467,0,0,0.024355708858033624,SELL PRESSURE / SYSTEM LONG,High
2025-12-06 05:30:00+00:00,-897.86,-785.6268046441832,0,0,0.027273065066301356,SELL PRESSURE / SYSTEM LONG,High
2025-12-06 06:00:00+00:00,-602.35,-278.20230003516934,0,0,0.1364590215164856,SELL PRESSURE / SYSTEM LONG,High
2025-12-06 06:30:00+00:00,-574.6,-658.474809492774,0,0,0.02540556911837617,SELL PRESSURE / SYSTEM LONG,High
2025-12-06 07:00:00+00:00,-523.71,-316.8705990039588,0,0,0.0819721950517996,SELL PRESSURE / SYSTEM LONG,High
2025-12-06 07:30:00+00:00,-773.22,-554.5772430006077,0,0,0.015018711133114203,SELL PRESSURE / SYSTEM LONG,High
2025-12-06 08:00:00+00:00,-41.81,-108.33664171893511,0,0,0.36863781420761366,SELL PRESSURE / SYSTEM LONG,Medium
2025-12-06 08:30:00+00:00,-283.43,-84.18259350392046,0,0,0.260981891850306,SELL PRESSURE / SYSTEM LONG,High
2025-12-06 09:00:00+00:00,-165.41,-214.33479689984867,0,0,0.15854948606210215,SELL PRESSURE / SYSTEM LONG,High
2025-12-06 09:30:00+00:00,-306.76,-407.6461924599404,0,0,0.03247653184550824,SELL PRESSURE / SYSTEM LONG,High
2025-12-06 10:00:00+00:00,116.42,-177.05849723018332,1,0,0.19239669771003626,SELL PRESSURE / SYSTEM LONG,High
2025-12-06 10:30:00+00:00,-824.88,-599.9795777742302,0,0,0.05584974695252317,SELL PRESSURE / SYSTEM LONG,High
2025-12-06 11:00:00+00:00,-919.53,-736.4295087588835,0,0,0.0178083891333008,SELL PRESSURE / SYSTEM LONG,High
2025-12-06 11:30:00+00:00,-627.7,-676.698238910009,0,0,0.023792648817829484,SELL PRESSURE / SYSTEM LONG,High
2025-12-06 12:00:00+00:00,-347.41,-839.0745931315074,0,0,0.015039659656728335,SELL PRESSURE / SYSTEM LONG,High
2025-12-06 12:30:00+00:00,-292.8,-364.54884110253056,0,0,0.08207062461142695,SELL PRESSURE / SYSTEM LONG,High
2025-12-06 13:00:00+00:00,-740.37,-504.2581549142049,0,0,0.03400023167803944,SELL PRESSURE / SYSTEM LONG,High
2025-12-06 13:30:00+00:00,-905.07,-701.5111439596976,0,0,0.01513331984900225,SELL PRESSURE / SYSTEM LONG,High
2025-12-06 14:00:00+00:00,-846.72,-942.3641157148576,0,0,0.017531880034173476,SELL PRESSURE / SYSTEM LONG,High
2025-12-06 14:30:00+00:00,151.43,-140.27946121453996,1,0,0.4059273231617832,SELL PRESSURE / SYSTEM LONG,Medium
2025-12-06 15:00:00+00:00,309.85,-48.33536181466973,1,1,0.5044084573749233,BUY PRESSURE / SYSTEM SHORT,Low
2025-12-06 15:30:00+00:00,247.1,-7.1042289910265275,1,1,0.5906219471176273,BUY PRESSURE / SYSTEM SHORT,Medium
2025-12-06 16:00:00+00:00,338.8,290.7305939275391,1,1,0.9179924960808283,BUY PRESSURE / SYSTEM SHORT,High
2025-12-06 16:30:00+00:00,-54.5,-158.02830275569025,0,0,0.225807350998669,SELL PRESSURE / SYSTEM LONG,High
2025-12-06 17:00:00+00:00,-256.54,-265.51394046954124,0,0,0.12286302075943434,SELL PRESSURE / SYSTEM LONG,High
2025-12-06 17:30:00+00:00,-909.01,-596.2582451646994,0,0,0.04266370234569067,SELL PRESSURE / SYSTEM LONG,High
2025-12-06 18:00:00+00:00,-816.59,-551.7239500077745,0,0,0.04867191267947679,SELL PRESSURE / SYSTEM LONG,High
2025-12-06 18:30:00+00:00,-672.4,-435.6578342011073,0,0,0.05790339297131239,SELL PRESSURE / SYSTEM LONG,High
2025-12-06 19:00:00+00:00,-700.98,-620.3807005496182,0,0,0.0239912325438498,SELL PRESSURE / SYSTEM LONG,High
2025-12-06 19:30:00+00:00,-222.38,-252.3394732043642,0,0,0.19384353457872913,SELL PRESSURE / SYSTEM LONG,High
2025-12-06 20:00:00+00:00,-40.38,-96.2987713764104,0,0,0.3236932599326068,SELL PRESSURE / SYSTEM LONG,Medium
2025-12-06 20:30:00+00:00,-252.8,-99.55562366099706,0,0,0.37194459062638,SELL PRESSURE / SYSTEM LONG,Medium
2025-12-06 21:00:00+00:00,-274.97,-409.80729551613155,0,0,0.05458443280986518,SELL PRESSURE / SYSTEM LONG,High
2025-12-06 21:30:00+00:00,185.65,-83.14692914232221,1,0,0.32309640901671594,SELL PRESSURE / SYSTEM LONG,Medium
2025-12-06 22:00:00+00:00,-126.54,-212.96623609095167,0,0,0.18333522742423614,SELL PRESSURE / SYSTEM LONG,High
2025-12-06 22:30:00+00:00,-400.47,-304.1147441540692,0,0,0.12080437353330993,SELL PRESSURE / SYSTEM LONG,High
2025-12-06 23:00:00+00:00,-390.05,-391.1873244517859,0,0,0.06062382422575719,SELL PRESSURE / SYSTEM LONG,High
2025-12-06 23:30:00+00:00,-139.96,-231.6571065270797,0,0,0.1782048792214407,SELL PRESSURE / SYSTEM LONG,High
2025-12-07 00:00:00+00:00,-308.84,-232.3908538501446,0,0,0.09155032856182771,SELL PRESSURE / SYSTEM LONG,High
2025-12-07 00:30:00+00:00,-695.15,-375.7895551571303,0,0,0.07143364626694311,SELL PRESSURE / SYSTEM LONG,High
2025-12-07 01:00:00+00:00,-739.75,-611.3525609688114,0,0,0.019443995366651708,SELL PRESSURE / SYSTEM LONG,High
2025-12-07 01:30:00+00:00,-438.63,-533.5007205366334,0,0,0.019710734919897707,SELL PRESSURE / SYSTEM LONG,High
2025-12-07 02:00:00+00:00,-171.28,-248.00232055918383,0,0,0.15089110784666268,SELL PRESSURE / SYSTEM LONG,High
2025-12-07 02:30:00+00:00,-137.0,-319.58326608321147,0,0,0.08396067908707548,SELL PRESSURE / SYSTEM LONG,High
2025-12-07 03:00:00+00:00,-215.49,-241.84851194168434,0,0,0.09154732947966286,SELL PRESSURE / SYSTEM LONG,High
2025-12-07 03:30:00+00:00,20.72,61.09796520644697,1,1,0.6870192538280118,BUY PRESSURE / SYSTEM SHORT,Medium
2025-12-07 04:00:00+00:00,-681.5,-313.49638320994416,0,0,0.1089161287545977,SELL PRESSURE / SYSTEM LONG,High
2025-12-07 04:30:00+00:00,120.66,66.7310954316153,1,1,0.6767308437484053,BUY PRESSURE / SYSTEM SHORT,Medium
2025-12-07 05:00:00+00:00,216.32,98.33524148012373,1,1,0.7371901018070807,BUY PRESSURE / SYSTEM SHORT,High
2025-12-07 05:30:00+00:00,-62.34,130.82954663779003,0,1,0.8129337793320992,BUY PRESSURE / SYSTEM SHORT,High
2025-12-07 06:00:00+00:00,180.76,47.809733369271896,1,1,0.6565651128062736,BUY PRESSURE / SYSTEM SHORT,Medium
2025-12-07 06:30:00+00:00,531.91,91.50051134008187,1,1,0.7858055850870066,BUY PRESSURE / SYSTEM SHORT,High
2025-12-07 07:00:00+00:00,84.29,86.48450303802201,1,1,0.579798864731617,BUY PRESSURE / SYSTEM SHORT,Medium
2025-12-07 07:30:00+00:00,205.72,95.85641710933078,1,1,0.7627337770431185,BUY PRESSURE / SYSTEM SHORT,High
2025-12-07 08:00:00+00:00,395.81,396.0330302457225,1,1,0.9014308680721266,BUY PRESSURE / SYSTEM SHORT,High
2025-12-07 08:30:00+00:00,434.23,187.20437135403114,1,1,0.856976047790697,BUY PRESSURE / SYSTEM SHORT,High
2025-12-07 09:00:00+00:00,476.23,476.51250759205186,1,1,0.9499306719724286,BUY PRESSURE / SYSTEM SHORT,High
2025-12-07 09:30:00+00:00,-676.06,-270.29479446395203,0,0,0.19888746574577396,SELL PRESSURE / SYSTEM LONG,High
2025-12-07 10:00:00+00:00,-94.04,-300.3306790319124,0,0,0.082754067616908,SELL PRESSURE / SYSTEM LONG,High
2025-12-07 10:30:00+00:00,25.72,-72.245856156613,1,0,0.46261587769622536,SELL PRESSURE / SYSTEM LONG,Low
2025-12-07 11:00:00+00:00,-198.0,-156.2373345982857,0,0,0.21310188963698345,SELL PRESSURE / SYSTEM LONG,High
2025-12-07 11:30:00+00:00,-85.32,-163.76307631330704,0,0,0.2243449783339391,SELL PRESSURE / SYSTEM LONG,High
2025-12-07 12:00:00+00:00,158.34,122.18729663116807,1,1,0.8082077481664285,BUY PRESSURE / SYSTEM SHORT,High
2025-12-07 12:30:00+00:00,-298.96,-159.93482706245396,0,0,0.22894913170362474,SELL PRESSURE / SYSTEM LONG,High
2025-12-07 13:00:00+00:00,-322.28,-267.6014844520061,0,0,0.06643329276160802,SELL PRESSURE / SYSTEM LONG,High
2025-12-07 13:30:00+00:00,-711.62,-674.6917062432558,0,0,0.027952957628616368,SELL PRESSURE / SYSTEM LONG,High
2025-12-07 14:00:00+00:00,-291.94,-330.96375112458765,0,0,0.09062174345289341,SELL PRESSURE / SYSTEM LONG,High
2025-12-07 14:30:00+00:00,-554.49,-696.0033456132638,0,0,0.02543553096173303,SELL PRESSURE / SYSTEM LONG,High
2025-12-07 15:00:00+00:00,-185.7,-62.24184657052041,0,0,0.32605137398730333,SELL PRESSURE / SYSTEM LONG,Medium
2025-12-07 15:30:00+00:00,829.39,328.0476729940563,1,1,0.8804366474160515,BUY PRESSURE / SYSTEM SHORT,High
2025-12-07 16:00:00+00:00,648.81,571.4809854705294,1,1,0.9568453396411747,BUY PRESSURE / SYSTEM SHORT,High
2025-12-07 16:30:00+00:00,969.24,725.5215892757528,1,1,0.9789257533155447,BUY PRESSURE / SYSTEM SHORT,High
2025-12-07 17:00:00+00:00,193.05,286.12801161248865,1,1,0.9379424854316202,BUY PRESSURE / SYSTEM SHORT,High
2025-12-07 17:30:00+00:00,333.7,265.9491975089638,1,1,0.883388238997094,BUY PRESSURE / SYSTEM SHORT,High
2025-12-07 18:00:00+00:00,-475.24,-225.60396601587422,0,0,0.22797727555586916,SELL PRESSURE / SYSTEM LONG,High
2025-12-07 18:30:00+00:00,-655.81,-393.2208206592823,0,0,0.11294848975771701,SELL PRESSURE / SYSTEM LONG,High
2025-12-07 19:00:00+00:00,-313.03,-189.5122372656981,0,0,0.30278387014560953,SELL PRESSURE / SYSTEM LONG,Medium
2025-12-07 19:30:00+00:00,-731.22,-616.4804141512186,0,0,0.06528121439036022,SELL PRESSURE / SYSTEM LONG,High
2025-12-07 20:00:00+00:00,-14.05,-96.19290547493927,0,0,0.3911308798214511,SELL PRESSURE / SYSTEM LONG,Medium
2025-12-07 20:30:00+00:00,-631.88,-389.37095340372537,0,0,0.1409545245049237,SELL PRESSURE / SYSTEM LONG,High
2025-12-07 21:00:00+00:00,-436.98,-309.1854464070084,0,0,0.0649065785616264,SELL PRESSURE / SYSTEM LONG,High
2025-12-07 21:30:00+00:00,-735.91,-672.6875169350793,0,0,0.05595130007046109,SELL PRESSURE / SYSTEM LONG,High
2025-12-07 22:00:00+00:00,-64.23,-72.58594593390748,0,0,0.475571411689299,SELL PRESSURE / SYSTEM LONG,Low
2025-12-07 22:30:00+00:00,-88.08,-50.254166145184406,0,0,0.3868311811346302,SELL PRESSURE / SYSTEM LONG,Medium
2025-12-07 23:00:00+00:00,-982.94,-605.3841768982896,0,0,0.058882944762750175,SELL PRESSURE / SYSTEM LONG,High
2025-12-07 23:30:00+00:00,-573.74,-548.3842963734594,0,0,0.02014677103437793,SELL PRESSURE / SYSTEM LONG,High
2025-12-08 00:00:00+00:00,-593.25,-472.40897932417306,0,0,0.06066159738042045,SELL PRESSURE / SYSTEM LONG,High
2025-12-08 00:30:00+00:00,-842.09,-568.6339245205124,0,0,0.03506212284258832,SELL PRESSURE / SYSTEM LONG,High
2025-12-08 01:00:00+00:00,-202.14,-329.44752965995895,0,0,0.06849543346438457,SELL PRESSURE / SYSTEM LONG,High
2025-12-08 01:30:00+00:00,-47.11,-85.37756783302983,0,0,0.4259767907398872,SELL PRESSURE / SYSTEM LONG,Medium
2025-12-08 02:00:00+00:00,513.36,343.98703193470357,1,1,0.9207927447229106,BUY PRESSURE / SYSTEM SHORT,High
2025-12-08 02:30:00+00:00,228.47,273.60938412949207,1,1,0.9101403845448943,BUY PRESSURE / SYSTEM SHORT,High
2025-12-08 03:00:00+00:00,356.37,397.7036153401332,1,1,0.9380083680099743,BUY PRESSURE / SYSTEM SHORT,High
2025-12-08 03:30:00+00:00,-270.02,-52.51593725812537,0,0,0.3536547651225364,SELL PRESSURE / SYSTEM LONG,Medium
2025-12-08 04:00:00+00:00,-142.11,-324.740214513139,0,0,0.09961591873043048,SELL PRESSURE / SYSTEM LONG,High
2025-12-08 04:30:00+00:00,-117.94,-120.3418717100538,0,0,0.33240952791112294,SELL PRESSURE / SYSTEM LONG,Medium
2025-12-08 05:00:00+00:00,-68.2,22.184950994353347,0,1,0.6283894459772303,BUY PRESSURE / SYSTEM SHORT,Medium
2025-12-08 05:30:00+00:00,-269.55,-249.47843675510077,0,0,0.13143107461815118,SELL PRESSURE / SYSTEM LONG,High
2025-12-08 06:00:00+00:00,-44.13,-115.99396103882573,0,0,0.30312220125498196,SELL PRESSURE / SYSTEM LONG,Medium
2025-12-08 06:30:00+00:00,140.58,71.02306145081319,1,1,0.7496772019550915,BUY PRESSURE / SYSTEM SHORT,High
2025-12-08 07:00:00+00:00,628.55,280.34814470751013,1,1,0.9228975989132208,BUY PRESSURE / SYSTEM SHORT,High
2025-12-08 07:30:00+00:00,537.1,494.55208672693993,1,1,0.9664428583779626,BUY PRESSURE / SYSTEM SHORT,High
2025-12-08 08:00:00+00:00,1075.02,748.9990791335772,1,1,0.9779704596754284,BUY PRESSURE / SYSTEM SHORT,High
2025-12-08 08:30:00+00:00,706.69,434.1316375521224,1,1,0.9700674726976714,BUY PRESSURE / SYSTEM SHORT,High
2025-12-08 09:00:00+00:00,203.69,-11.79222847620718,1,0,0.36544273526730137,SELL PRESSURE / SYSTEM LONG,Medium
2025-12-08 09:30:00+00:00,612.9,455.29630888881474,1,1,0.9399391399961523,BUY PRESSURE / SYSTEM SHORT,High
2025-12-08 10:00:00+00:00,184.36,350.48039939524693,1,1,0.9471284870794284,BUY PRESSURE / SYSTEM SHORT,High
2025-12-08 10:30:00+00:00,-140.08,-76.1322756804852,0,0,0.4017191298264352,SELL PRESSURE / SYSTEM LONG,Medium
2025-12-08 11:00:00+00:00,-364.58,-406.1428833060447,0,0,0.07692329196244012,SELL PRESSURE / SYSTEM LONG,High
2025-12-08 11:30:00+00:00,-149.36,-188.82268068477927,0,0,0.22629102286623798,SELL PRESSURE / SYSTEM LONG,High
2025-12-08 12:00:00+00:00,-653.16,-630.9028313302553,0,0,0.060752590827559586,SELL PRESSURE / SYSTEM LONG,High
2025-12-08 12:30:00+00:00,-445.0,-406.95219814237066,0,0,0.028108959077560246,SELL PRESSURE / SYSTEM LONG,High
2025-12-08 13:00:00+00:00,-661.47,-520.2110304106995,0,0,0.026717626386009562,SELL PRESSURE / SYSTEM LONG,High
2025-12-08 13:30:00+00:00,-310.39,-405.49902471678456,0,0,0.039335349232572016,SELL PRESSURE / SYSTEM LONG,High
2025-12-08 14:00:00+00:00,-761.0,-643.5939996288558,0,0,0.033259264879979496,SELL PRESSURE / SYSTEM LONG,High
2025-12-08 14:30:00+00:00,-709.37,-528.7940876090518,0,0,0.024818272692816286,SELL PRESSURE / SYSTEM LONG,High
2025-12-08 15:00:00+00:00,-736.69,-676.7792708702555,0,0,0.025538195927607248,SELL PRESSURE / SYSTEM LONG,High
2025-12-08 15:30:00+00:00,-417.63,-676.5656762045298,0,0,0.02902400397693264,SELL PRESSURE / SYSTEM LONG,High
2025-12-08 16:00:00+00:00,-920.81,-722.3468590183242,0,0,0.033999040846606425,SELL PRESSURE / SYSTEM LONG,High
2025-12-08 16:30:00+00:00,-978.29,-838.8444514484338,0,0,0.040695819948037844,SELL PRESSURE / SYSTEM LONG,High
2025-12-08 17:00:00+00:00,-501.43,-550.8183752884725,0,0,0.03850240930060187,SELL PRESSURE / SYSTEM LONG,High
2025-12-08 17:30:00+00:00,-186.9,-285.16194321765187,0,0,0.09862291065182738,SELL PRESSURE / SYSTEM LONG,High
2025-12-08 18:00:00+00:00,545.56,264.5167995156287,1,1,0.8813675797364401,BUY PRESSURE / SYSTEM SHORT,High
2025-12-08 18:30:00+00:00,628.07,550.9348610821938,1,1,0.957986279218355,BUY PRESSURE / SYSTEM SHORT,High
2025-12-08 19:00:00+00:00,614.91,584.8118630507665,1,1,0.9467907873163989,BUY PRESSURE / SYSTEM SHORT,High
2025-12-08 19:30:00+00:00,-163.91,83.00803667379222,0,1,0.577919633814125,BUY PRESSURE / SYSTEM SHORT,Medium
2025-12-08 20:00:00+00:00,241.16,229.7994326219319,1,1,0.8383912762212404,BUY PRESSURE / SYSTEM SHORT,High
2025-12-08 20:30:00+00:00,857.87,604.0234223965481,1,1,0.9464864839104716,BUY PRESSURE / SYSTEM SHORT,High
2025-12-08 21:00:00+00:00,803.54,639.8133815784959,1,1,0.9701452136420916,BUY PRESSURE / SYSTEM SHORT,High
2025-12-08 21:30:00+00:00,565.32,476.8110004238268,1,1,0.9650504262735268,BUY PRESSURE / SYSTEM SHORT,High
2025-12-08 22:00:00+00:00,276.3,302.6878815077291,1,1,0.9501454160000676,BUY PRESSURE / SYSTEM SHORT,High
2025-12-08 22:30:00+00:00,-316.57,-7.690638039121405,0,1,0.5626071894420552,BUY PRESSURE / SYSTEM SHORT,Medium
2025-12-08 23:00:00+00:00,207.16,241.8984830835963,1,1,0.8354577357048864,BUY PRESSURE / SYSTEM SHORT,High
2025-12-08 23:30:00+00:00,-95.24,11.825696831636035,0,1,0.5446290741823229,BUY PRESSURE / SYSTEM SHORT,Low
2025-12-09 00:00:00+00:00,-578.53,-497.2277694436722,0,0,0.07344910928762934,SELL PRESSURE / SYSTEM LONG,High
2025-12-09 00:30:00+00:00,67.5,-21.02471903645406,1,1,0.6564093210891845,BUY PRESSURE / SYSTEM SHORT,Medium
2025-12-09 01:00:00+00:00,-743.68,-478.53329342057367,0,0,0.09435681666383627,SELL PRESSURE / SYSTEM LONG,High
2025-12-09 01:30:00+00:00,-993.21,-859.2150067573946,0,0,0.022072772696249684,SELL PRESSURE / SYSTEM LONG,High
2025-12-09 02:00:00+00:00,-505.31,-452.52485484660167,0,0,0.02694931266001932,SELL PRESSURE / SYSTEM LONG,High
2025-12-09 02:30:00+00:00,-221.13,-405.51834405382726,0,0,0.061672709054008824,SELL PRESSURE / SYSTEM LONG,High
2025-12-09 03:00:00+00:00,-554.1,-355.516883455821,0,0,0.04795612836201253,SELL PRESSURE / SYSTEM LONG,High
2025-12-09 03:30:00+00:00,-581.22,-663.5834502409883,0,0,0.022217798937925845,SELL PRESSURE / SYSTEM LONG,High
2025-12-09 04:00:00+00:00,-383.37,-304.60131358629513,0,0,0.08235417209975156,SELL PRESSURE / SYSTEM LONG,High
2025-12-09 04:30:00+00:00,-567.48,-209.4520636561565,0,0,0.17116920058563642,SELL PRESSURE / SYSTEM LONG,High
2025-12-09 05:00:00+00:00,-691.34,-683.1165444189968,0,0,0.021298872722084656,SELL PRESSURE / SYSTEM LONG,High
2025-12-09 05:30:00+00:00,-734.4,-529.7736761629342,0,0,0.027250560008287964,SELL PRESSURE / SYSTEM LONG,High
2025-12-09 06:00:00+00:00,-730.88,-696.7193301577447,0,0,0.034262526830994136,SELL PRESSURE / SYSTEM LONG,High
2025-12-09 06:30:00+00:00,-289.43,-351.778941681129,0,0,0.09207308550915139,SELL PRESSURE / SYSTEM LONG,High
2025-12-09 07:00:00+00:00,-63.96,-267.1123276416628,0,0,0.1329286225686584,SELL PRESSURE / SYSTEM LONG,High
2025-12-09 07:30:00+00:00,88.88,-102.06425100043178,1,0,0.3867131011037007,SELL PRESSURE / SYSTEM LONG,Medium
2025-12-09 08:00:00+00:00,37.9,166.98291292869078,1,1,0.8096676533983758,BUY PRESSURE / SYSTEM SHORT,High
2025-12-09 08:30:00+00:00,68.27,220.57928634319163,1,1,0.8845910352540999,BUY PRESSURE / SYSTEM SHORT,High
2025-12-09 09:00:00+00:00,425.45,363.9951354176235,1,1,0.9039091986365223,BUY PRESSURE / SYSTEM SHORT,High
2025-12-09 09:30:00+00:00,-444.95,-309.8139527999641,0,0,0.16762155016712213,SELL PRESSURE / SYSTEM LONG,High
2025-12-09 10:00:00+00:00,-287.95,-426.17703842996866,0,0,0.08393939878694608,SELL PRESSURE / SYSTEM LONG,High
2025-12-09 10:30:00+00:00,-231.94,-86.37798295346337,0,0,0.4235343351545406,SELL PRESSURE / SYSTEM LONG,Medium
2025-12-09 11:00:00+00:00,-302.72,-208.7981560463096,0,0,0.13247963013827588,SELL PRESSURE / SYSTEM LONG,High
2025-12-09 11:30:00+00:00,-93.2,-116.48189149064336,0,0,0.3331810423868468,SELL PRESSURE / SYSTEM LONG,Medium
2025-12-09 12:00:00+00:00,-142.43,-120.30434345525633,0,0,0.22755756113227005,SELL PRESSURE / SYSTEM LONG,High
2025-12-09 12:30:00+00:00,-402.45,-243.12988554610635,0,0,0.09332964619950143,SELL PRESSURE / SYSTEM LONG,High
2025-12-09 13:00:00+00:00,-667.35,-685.3748375545988,0,0,0.029457650875604785,SELL PRESSURE / SYSTEM LONG,High
2025-12-09 13:30:00+00:00,-828.03,-706.5176700613479,0,0,0.024813467687264796,SELL PRESSURE / SYSTEM LONG,High
2025-12-09 14:00:00+00:00,-715.13,-639.4392628604525,0,0,0.021435055133766586,SELL PRESSURE / SYSTEM LONG,High
2025-12-09 14:30:00+00:00,-263.14,-442.6672800332754,0,0,0.03359916822145785,SELL PRESSURE / SYSTEM LONG,High
2025-12-09 15:00:00+00:00,-851.97,-741.994690576786,0,0,0.030870219494606305,SELL PRESSURE / SYSTEM LONG,High
2025-12-09 15:30:00+00:00,-933.45,-877.8942049447415,0,0,0.019419345592732798,SELL PRESSURE / SYSTEM LONG,High
2025-12-09 16:00:00+00:00,-1174.1,-962.0671696321655,0,0,0.02615489866486736,SELL PRESSURE / SYSTEM LONG,High
2025-12-09 16:30:00+00:00,-824.31,-601.7208615777262,0,0,0.040722152330836876,SELL PRESSURE / SYSTEM LONG,High
2025-12-09 17:00:00+00:00,-662.27,-357.99888900885156,0,0,0.07686801136167495,SELL PRESSURE / SYSTEM LONG,High
2025-12-09 17:30:00+00:00,-1061.29,-650.4349982135467,0,0,0.03561415638395671,SELL PRESSURE / SYSTEM LONG,High
2025-12-09 18:00:00+00:00,-693.41,-508.8805818476144,0,0,0.054718055807905994,SELL PRESSURE / SYSTEM LONG,High
2025-12-09 18:30:00+00:00,-831.16,-504.5451282708335,0,0,0.052936985734576954,SELL PRESSURE / SYSTEM LONG,High
2025-12-09 19:00:00+00:00,-364.66,-413.4244579638039,0,0,0.08000613036133904,SELL PRESSURE / SYSTEM LONG,High
2025-12-09 19:30:00+00:00,-127.8,-142.4449736496354,0,0,0.3047399737275823,SELL PRESSURE / SYSTEM LONG,Medium
2025-12-09 20:00:00+00:00,-185.86,-134.9430953753548,0,0,0.3783769884231976,SELL PRESSURE / SYSTEM LONG,Medium
2025-12-09 20:30:00+00:00,-394.6,-148.5741802264006,0,0,0.2970580428340492,SELL PRESSURE / SYSTEM LONG,High
2025-12-09 21:00:00+00:00,-436.07,-129.44897559614117,0,0,0.3329870731338767,SELL PRESSURE / SYSTEM LONG,Medium
2025-12-09 21:30:00+00:00,298.01,107.1158846306104,1,1,0.7006229337259748,BUY PRESSURE / SYSTEM SHORT,High
2025-12-09 22:00:00+00:00,734.18,425.04106990131623,1,1,0.9502696820082933,BUY PRESSURE / SYSTEM SHORT,High
2025-12-09 22:30:00+00:00,-31.51,-50.302620147072574,0,0,0.4160359607178692,SELL PRESSURE / SYSTEM LONG,Medium
2025-12-09 23:00:00+00:00,-111.38,174.64395725441236,0,1,0.788976519722733,BUY PRESSURE / SYSTEM SHORT,High
2025-12-09 23:30:00+00:00,-101.95,-287.7084911591,0,0,0.1362850644560236,SELL PRESSURE / SYSTEM LONG,High
2025-12-10 00:00:00+00:00,-145.65,-59.35045268408332,0,0,0.3770625399864067,SELL PRESSURE / SYSTEM LONG,Medium
2025-12-10 00:30:00+00:00,103.47,49.0436160997952,1,1,0.7251065795814619,BUY PRESSURE / SYSTEM SHORT,High
2025-12-10 01:00:00+00:00,-127.78,-223.32934682988045,0,0,0.17750657041575402,SELL PRESSURE / SYSTEM LONG,High
2025-12-10 01:30:00+00:00,-198.22,-0.549904261169315,0,1,0.6309709919388543,BUY PRESSURE / SYSTEM SHORT,Medium
2025-12-10 02:00:00+00:00,-4.8,-72.9610210423991,0,0,0.39285252322190567,SELL PRESSURE / SYSTEM LONG,Medium
2025-12-10 02:30:00+00:00,-363.89,-426.43235023911524,0,0,0.09925008192322349,SELL PRESSURE / SYSTEM LONG,High
2025-12-10 03:00:00+00:00,-637.37,-419.8575480051911,0,0,0.03426462460427325,SELL PRESSURE / SYSTEM LONG,High
2025-12-10 03:30:00+00:00,-708.51,-582.4879917650691,0,0,0.0597634348817924,SELL PRESSURE / SYSTEM LONG,High
2025-12-10 04:00:00+00:00,-377.0,-310.6211259847014,0,0,0.07339046118718219,SELL PRESSURE / SYSTEM LONG,High
2025-12-10 04:30:00+00:00,-1103.49,-691.5326139257382,0,0,0.029139172290565677,SELL PRESSURE / SYSTEM LONG,High
2025-12-10 05:00:00+00:00,-658.89,-370.9539369303418,0,0,0.07101123120861473,SELL PRESSURE / SYSTEM LONG,High
2025-12-10 05:30:00+00:00,-557.63,-349.74307106564413,0,0,0.06758282922651895,SELL PRESSURE / SYSTEM LONG,High
2025-12-10 06:00:00+00:00,-911.1,-637.4740948920459,0,0,0.025759467007620614,SELL PRESSURE / SYSTEM LONG,High
2025-12-10 06:30:00+00:00,-1186.39,-940.8981125876808,0,0,0.010100498556345879,SELL PRESSURE / SYSTEM LONG,High
2025-12-10 07:00:00+00:00,-583.02,-604.3791100166814,0,0,0.031321640800488805,SELL PRESSURE / SYSTEM LONG,High
2025-12-10 07:30:00+00:00,-999.45,-926.7845680141663,0,0,0.015159643880618743,SELL PRESSURE / SYSTEM LONG,High
2025-12-10 08:00:00+00:00,-811.72,-717.6251614526988,0,0,0.015379070158455249,SELL PRESSURE / SYSTEM LONG,High
2025-12-10 08:30:00+00:00,-569.3,-619.9459363169901,0,0,0.024376664699034874,SELL PRESSURE / SYSTEM LONG,High
2025-12-10 09:00:00+00:00,-314.95,-332.1447784353965,0,0,0.045622297960029624,SELL PRESSURE / SYSTEM LONG,High
2025-12-10 09:30:00+00:00,-522.31,-500.3561917946201,0,0,0.020632254001043224,SELL PRESSURE / SYSTEM LONG,High
2025-12-10 10:00:00+00:00,-1081.66,-735.6957961910682,0,0,0.024145613821576668,SELL PRESSURE / SYSTEM LONG,High
2025-12-10 10:30:00+00:00,-993.94,-953.758228083912,0,0,0.0174779921377544,SELL PRESSURE / SYSTEM LONG,High
2025-12-10 11:00:00+00:00,-1003.02,-935.3140260866373,0,0,0.021403494876930246,SELL PRESSURE / SYSTEM LONG,High
2025-12-10 11:30:00+00:00,-632.11,-805.6829210317237,0,0,0.02348952606378489,SELL PRESSURE / SYSTEM LONG,High
2025-12-10 12:00:00+00:00,-499.42,-618.4968132881522,0,0,0.023193100965844385,SELL PRESSURE / SYSTEM LONG,High
2025-12-10 12:30:00+00:00,25.75,-210.09040185937323,1,0,0.24168275819206728,SELL PRESSURE / SYSTEM LONG,High
2025-12-10 13:00:00+00:00,398.34,177.17525981008544,1,1,0.8663811582728781,BUY PRESSURE / SYSTEM SHORT,High
2025-12-10 13:30:00+00:00,-741.34,-455.7265480801783,0,0,0.14406072122260422,SELL PRESSURE / SYSTEM LONG,High
2025-12-10 14:00:00+00:00,-925.39,-803.867777343459,0,0,0.02364693362251274,SELL PRESSURE / SYSTEM LONG,High
2025-12-10 14:30:00+00:00,-343.2,-326.85041114570674,0,0,0.06901202295558169,SELL PRESSURE / SYSTEM LONG,High
2025-12-10 15:00:00+00:00,-337.9,-458.1390626516379,0,0,0.03802426130450233,SELL PRESSURE / SYSTEM LONG,High
2025-12-10 15:30:00+00:00,-444.74,-450.8088331740405,0,0,0.04134699797131283,SELL PRESSURE / SYSTEM LONG,High
2025-12-10 16:00:00+00:00,-527.13,-475.4831463002869,0,0,0.06061921764003617,SELL PRESSURE / SYSTEM LONG,High
2025-12-10 16:30:00+00:00,547.58,239.62557785098048,1,1,0.7692819185307275,BUY PRESSURE / SYSTEM SHORT,High
2025-12-10 17:00:00+00:00,674.21,444.1419294343195,1,1,0.9127474753042827,BUY PRESSURE / SYSTEM SHORT,High
2025-12-10 17:30:00+00:00,733.14,588.3433346885396,1,1,0.9431520416173766,BUY PRESSURE / SYSTEM SHORT,High
2025-12-10 18:00:00+00:00,730.6,686.1628979835897,1,1,0.9610537458624043,BUY PRESSURE / SYSTEM SHORT,High
2025-12-10 18:30:00+00:00,175.05,357.75025985125353,1,1,0.9258719568004516,BUY PRESSURE / SYSTEM SHORT,High
2025-12-10 19:00:00+00:00,191.6,333.5948022154157,1,1,0.9240844463239436,BUY PRESSURE / SYSTEM SHORT,High
2025-12-10 19:30:00+00:00,139.35,125.21073674154098,1,1,0.7739196776742987,BUY PRESSURE / SYSTEM SHORT,High
2025-12-10 20:00:00+00:00,171.37,176.92367861821955,1,1,0.7977959151519287,BUY PRESSURE / SYSTEM SHORT,High
2025-12-10 20:30:00+00:00,326.97,183.7131919199445,1,1,0.8402808754767745,BUY PRESSURE / SYSTEM SHORT,High
2025-12-10 21:00:00+00:00,632.38,337.4440126720004,1,1,0.9460581093126875,BUY PRESSURE / SYSTEM SHORT,High
2025-12-10 21:30:00+00:00,-79.27,215.18115536786007,0,1,0.9093449941348986,BUY PRESSURE / SYSTEM SHORT,High
2025-12-10 22:00:00+00:00,-639.29,-294.72255086100466,0,0,0.11362477652374738,SELL PRESSURE / SYSTEM LONG,High
2025-12-10 22:30:00+00:00,-155.61,-253.1595153992664,0,0,0.20486072166900385,SELL PRESSURE / SYSTEM LONG,High
2025-12-10 23:00:00+00:00,-231.17,-399.8660061690274,0,0,0.09436446299785059,SELL PRESSURE / SYSTEM LONG,High
2025-12-10 23:30:00+00:00,271.69,114.97107485064316,1,1,0.7662525646642107,BUY PRESSURE / SYSTEM SHORT,High
2025-12-11 00:00:00+00:00,856.34,529.4043246141601,1,1,0.9298802594839951,BUY PRESSURE / SYSTEM SHORT,High
2025-12-11 00:30:00+00:00,2.49,-59.97930994960286,1,0,0.44247515658746844,SELL PRESSURE / SYSTEM LONG,Medium
2025-12-11 01:00:00+00:00,-171.55,81.25879251127937,0,1,0.7092417889046048,BUY PRESSURE / SYSTEM SHORT,High
2025-12-11 01:30:00+00:00,453.29,234.7559860807144,1,1,0.8878408836546238,BUY PRESSURE / SYSTEM SHORT,High
2025-12-11 02:00:00+00:00,46.93,227.44389729970032,1,1,0.8754123746224924,BUY PRESSURE / SYSTEM SHORT,High
2025-12-11 02:30:00+00:00,54.16,388.11049484936973,1,1,0.925962648334095,BUY PRESSURE / SYSTEM SHORT,High
2025-12-11 03:00:00+00:00,-547.18,-456.38374176185187,0,0,0.09855683823380351,SELL PRESSURE / SYSTEM LONG,High
2025-12-11 03:30:00+00:00,-90.76,-101.38672545210835,0,0,0.31378366686580483,SELL PRESSURE / SYSTEM LONG,Medium
2025-12-11 04:00:00+00:00,-848.17,-640.2505549873077,0,0,0.08040764747516409,SELL PRESSURE / SYSTEM LONG,High
2025-12-11 04:30:00+00:00,-554.96,-328.5903128292767,0,0,0.10582351148310379,SELL PRESSURE / SYSTEM LONG,High
2025-12-11 05:00:00+00:00,-518.61,-411.5100755579203,0,0,0.05121086538237516,SELL PRESSURE / SYSTEM LONG,High
2025-12-11 05:30:00+00:00,-664.29,-600.8088121285563,0,0,0.030904796174482777,SELL PRESSURE / SYSTEM LONG,High
2025-12-11 06:00:00+00:00,-701.7,-640.0720512853827,0,0,0.042868384942050135,SELL PRESSURE / SYSTEM LONG,High
2025-12-11 06:30:00+00:00,-724.23,-491.4459642107343,0,0,0.0431496746184653,SELL PRESSURE / SYSTEM LONG,High
2025-12-11 07:00:00+00:00,-960.0,-709.7547747599706,0,0,0.03334386150213779,SELL PRESSURE / SYSTEM LONG,High
2025-12-11 07:30:00+00:00,-586.87,-528.0068419505892,0,0,0.038630855066712474,SELL PRESSURE / SYSTEM LONG,High
2025-12-11 08:00:00+00:00,117.5,96.1090364978139,1,1,0.7317928603524132,BUY PRESSURE / SYSTEM SHORT,High
2025-12-11 08:30:00+00:00,443.61,21.892669198336847,1,1,0.5606234745413545,BUY PRESSURE / SYSTEM SHORT,Medium
2025-12-11 09:00:00+00:00,147.97,167.98081570917645,1,1,0.720165355243585,BUY PRESSURE / SYSTEM SHORT,High
2025-12-11 09:30:00+00:00,365.91,492.05982439104895,1,1,0.9417054255386561,BUY PRESSURE / SYSTEM SHORT,High
2025-12-11 10:00:00+00:00,127.03,115.15499338405878,1,1,0.782589150029024,BUY PRESSURE / SYSTEM SHORT,High
2025-12-11 10:30:00+00:00,215.14,36.74262415503303,1,1,0.6621254037536276,BUY PRESSURE / SYSTEM SHORT,Medium
2025-12-11 11:00:00+00:00,171.59,53.999202462290725,1,1,0.7233482984271693,BUY PRESSURE / SYSTEM SHORT,High
2025-12-11 11:30:00+00:00,56.84,206.2833324726774,1,1,0.8654283069591786,BUY PRESSURE / SYSTEM SHORT,High
2025-12-11 12:00:00+00:00,-514.44,-400.55745396795226,0,0,0.08057258778988646,SELL PRESSURE / SYSTEM LONG,High
2025-12-11 12:30:00+00:00,43.99,-21.61057975231722,1,1,0.5621050037144092,BUY PRESSURE / SYSTEM SHORT,Medium
2025-12-11 13:00:00+00:00,-383.43,-368.50047980089744,0,0,0.085801079447971,SELL PRESSURE / SYSTEM LONG,High
2025-12-11 13:30:00+00:00,-836.63,-481.43344956452313,0,0,0.02614842224631938,SELL PRESSURE / SYSTEM LONG,High
2025-12-11 14:00:00+00:00,-641.62,-636.8148385748318,0,0,0.024924656274591693,SELL PRESSURE / SYSTEM LONG,High
2025-12-11 14:30:00+00:00,-301.65,-418.8101651255969,0,0,0.03626930788145728,SELL PRESSURE / SYSTEM LONG,High
2025-12-11 15:00:00+00:00,313.61,107.32974900823305,1,1,0.7440419456126597,BUY PRESSURE / SYSTEM SHORT,High
2025-12-11 15:30:00+00:00,364.68,366.4578168040343,1,1,0.926921258780234,BUY PRESSURE / SYSTEM SHORT,High
2025-12-11 16:00:00+00:00,282.31,269.5763031709464,1,1,0.9153629082594719,BUY PRESSURE / SYSTEM SHORT,High
2025-12-11 16:30:00+00:00,-863.61,-258.43848364559864,0,0,0.19070854867429815,SELL PRESSURE / SYSTEM LONG,High
2025-12-11 17:00:00+00:00,-176.31,-147.54945773203386,0,0,0.29686520593611,SELL PRESSURE / SYSTEM LONG,High
2025-12-11 17:30:00+00:00,160.09,110.17924286689055,1,1,0.7607389390226497,BUY PRESSURE / SYSTEM SHORT,High
2025-12-11 18:00:00+00:00,-298.2,-184.5346147048819,0,0,0.219537387854068,SELL PRESSURE / SYSTEM LONG,High
2025-12-11 18:30:00+00:00,-219.62,-152.18297792597187,0,0,0.28110132381149167,SELL PRESSURE / SYSTEM LONG,High
2025-12-11 19:00:00+00:00,-444.19,-376.74468921599254,0,0,0.06943648051935711,SELL PRESSURE / SYSTEM LONG,High
2025-12-11 19:30:00+00:00,-242.46,-302.0675115295317,0,0,0.09935503797083331,SELL PRESSURE / SYSTEM LONG,High
2025-12-11 20:00:00+00:00,-158.0,-110.27145194443308,0,0,0.3390020192604144,SELL PRESSURE / SYSTEM LONG,Medium
2025-12-11 20:30:00+00:00,-484.97,-362.29824851461024,0,0,0.0897631255981214,SELL PRESSURE / SYSTEM LONG,High
2025-12-11 21:00:00+00:00,19.26,-211.81502960969317,1,0,0.20639148115748854,SELL PRESSURE / SYSTEM LONG,High
2025-12-11 21:30:00+00:00,-448.54,-300.80496134167834,0,0,0.10105128917387335,SELL PRESSURE / SYSTEM LONG,High
2025-12-11 22:00:00+00:00,-730.77,-478.6195007109264,0,0,0.06192557364194336,SELL PRESSURE / SYSTEM LONG,High
2025-12-11 22:30:00+00:00,-1007.41,-763.8214131986675,0,0,0.022251344183546864,SELL PRESSURE / SYSTEM LONG,High
2025-12-11 23:00:00+00:00,-1012.56,-866.3775116715332,0,0,0.0247576925164997,SELL PRESSURE / SYSTEM LONG,High
2025-12-11 23:30:00+00:00,-874.49,-712.8155841530316,0,0,0.03581985348800469,SELL PRESSURE / SYSTEM LONG,High
2025-12-12 00:00:00+00:00,-448.67,-501.05367813331185,0,0,0.024185607723968175,SELL PRESSURE / SYSTEM LONG,High
2025-12-12 00:30:00+00:00,-723.93,-798.7520062243373,0,0,0.02262670924523731,SELL PRESSURE / SYSTEM LONG,High
2025-12-12 01:00:00+00:00,-287.92,-147.18312973146345,0,0,0.35246347545766016,SELL PRESSURE / SYSTEM LONG,Medium
2025-12-12 01:30:00+00:00,-174.67,-286.27292239331985,0,0,0.06204417144183696,SELL PRESSURE / SYSTEM LONG,High
2025-12-12 02:00:00+00:00,-257.57,-205.84635261329808,0,0,0.10028713864231069,SELL PRESSURE / SYSTEM LONG,High
2025-12-12 02:30:00+00:00,-411.23,-273.2382266419993,0,0,0.07773210506561776,SELL PRESSURE / SYSTEM LONG,High
2025-12-12 03:00:00+00:00,-694.04,-291.77745374504383,0,0,0.0583921449223833,SELL PRESSURE / SYSTEM LONG,High
2025-12-12 03:30:00+00:00,-1303.5,-754.8563791321749,0,0,0.025941467323568706,SELL PRESSURE / SYSTEM LONG,High
2025-12-12 04:00:00+00:00,-1638.13,-1040.6854205537354,0,0,0.012306652062505086,SELL PRESSURE / SYSTEM LONG,High
2025-12-12 04:30:00+00:00,-968.02,-752.3281206645688,0,0,0.016023997559963487,SELL PRESSURE / SYSTEM LONG,High
2025-12-12 05:00:00+00:00,-642.27,-455.9526860760506,0,0,0.03782733928189828,SELL PRESSURE / SYSTEM LONG,High
2025-12-12 05:30:00+00:00,-246.15,-291.69343529362084,0,0,0.08758852461276735,SELL PRESSURE / SYSTEM LONG,High
2025-12-12 06:00:00+00:00,-211.14,-307.7251391658729,0,0,0.08148358551728871,SELL PRESSURE / SYSTEM LONG,High
2025-12-12 06:30:00+00:00,1.33,-170.49902978331752,1,0,0.19415035739534964,SELL PRESSURE / SYSTEM LONG,High
2025-12-12 07:00:00+00:00,295.06,176.92602553961677,1,1,0.8860359199135819,BUY PRESSURE / SYSTEM SHORT,High
2025-12-12 07:30:00+00:00,871.95,563.0732551686395,1,1,0.9420675099622747,BUY PRESSURE / SYSTEM SHORT,High
2025-12-12 08:00:00+00:00,236.27,165.5170806841873,1,1,0.8163317325745532,BUY PRESSURE / SYSTEM SHORT,High
2025-12-12 08:30:00+00:00,23.16,217.81430751594664,1,1,0.8729696051495711,BUY PRESSURE / SYSTEM SHORT,High
2025-12-12 09:00:00+00:00,310.99,232.92433937674957,1,1,0.8560749270739139,BUY PRESSURE / SYSTEM SHORT,High
2025-12-12 09:30:00+00:00,-521.5,-413.4532743811815,0,0,0.17203910566333794,SELL PRESSURE / SYSTEM LONG,High
2025-12-12 10:00:00+00:00,-718.69,-422.12114164309895,0,0,0.04878123097867989,SELL PRESSURE / SYSTEM LONG,High
2025-12-12 10:30:00+00:00,-213.71,-242.83330254155274,0,0,0.16146665488790707,SELL PRESSURE / SYSTEM LONG,High
2025-12-12 11:00:00+00:00,322.87,4.057259412420522,1,1,0.5116155556852315,BUY PRESSURE / SYSTEM SHORT,Low
2025-12-12 11:30:00+00:00,-468.19,-313.36068508646355,0,0,0.09785367942397392,SELL PRESSURE / SYSTEM LONG,High
2025-12-12 12:00:00+00:00,-39.25,-310.8121353755192,0,0,0.13777265517847917,SELL PRESSURE / SYSTEM LONG,High
2025-12-12 12:30:00+00:00,371.99,248.20973148044345,1,1,0.921201447890109,BUY PRESSURE / SYSTEM SHORT,High
2025-12-12 13:00:00+00:00,245.22,188.42669561728135,1,1,0.8669335230954671,BUY PRESSURE / SYSTEM SHORT,High
2025-12-12 13:30:00+00:00,470.46,458.06320976455027,1,1,0.9536291059213318,BUY PRESSURE / SYSTEM SHORT,High
2025-12-12 14:00:00+00:00,365.61,220.11680657080527,1,1,0.8879037410706607,BUY PRESSURE / SYSTEM SHORT,High
2025-12-12 14:30:00+00:00,-64.96,143.38523341652643,0,1,0.8043001525341914,BUY PRESSURE / SYSTEM SHORT,High
2025-12-12 15:00:00+00:00,-162.59,-118.52521236401803,0,0,0.2876347367755821,SELL PRESSURE / SYSTEM LONG,High
2025-12-12 15:30:00+00:00,342.18,218.57408606366423,1,1,0.8571154124202129,BUY PRESSURE / SYSTEM SHORT,High
2025-12-12 16:00:00+00:00,-2.89,162.89200710639676,0,1,0.8786881296502504,BUY PRESSURE / SYSTEM SHORT,High
2025-12-12 16:30:00+00:00,296.25,334.1041760549109,1,1,0.923869170451707,BUY PRESSURE / SYSTEM SHORT,High
2025-12-12 17:00:00+00:00,174.96,74.18014510748186,1,1,0.7508846989023229,BUY PRESSURE / SYSTEM SHORT,High
2025-12-12 17:30:00+00:00,590.09,308.23141581052903,1,1,0.9468155108626967,BUY PRESSURE / SYSTEM SHORT,High
2025-12-12 18:00:00+00:00,139.93,320.18030441653013,1,1,0.8924147827986505,BUY PRESSURE / SYSTEM SHORT,High
2025-12-12 18:30:00+00:00,179.38,245.38886055182851,1,1,0.8805017976989095,BUY PRESSURE / SYSTEM SHORT,High
2025-12-12 19:00:00+00:00,503.59,101.29197935079063,1,1,0.7818831589500591,BUY PRESSURE / SYSTEM SHORT,High
2025-12-12 19:30:00+00:00,685.27,373.85645158026716,1,1,0.9576634290042625,BUY PRESSURE / SYSTEM SHORT,High
2025-12-12 20:00:00+00:00,654.6,539.2353057116027,1,1,0.9493910922768035,BUY PRESSURE / SYSTEM SHORT,High
2025-12-12 20:30:00+00:00,387.1,368.9031922630206,1,1,0.9668569787530268,BUY PRESSURE / SYSTEM SHORT,High
2025-12-12 21:00:00+00:00,582.58,557.3726299997393,1,1,0.9755014190053737,BUY PRESSURE / SYSTEM SHORT,High
2025-12-12 21:30:00+00:00,695.91,335.19037110192295,1,1,0.9505944247475325,BUY PRESSURE / SYSTEM SHORT,High
2025-12-12 22:00:00+00:00,438.65,561.6120521838897,1,1,0.9441324279631083,BUY PRESSURE / SYSTEM SHORT,High
2025-12-12 22:30:00+00:00,276.48,350.8548079864375,1,1,0.9255069263694569,BUY PRESSURE / SYSTEM SHORT,High
2025-12-12 23:00:00+00:00,247.66,199.1514928707611,1,1,0.8390482352658282,BUY PRESSURE / SYSTEM SHORT,High
2025-12-12 23:30:00+00:00,-177.72,-38.87495217858483,0,0,0.4993186651968744,SELL PRESSURE / SYSTEM LONG,Low
2025-12-13 00:00:00+00:00,-397.64,-83.24643661988316,0,0,0.40245106525997804,SELL PRESSURE / SYSTEM LONG,Medium
2025-12-13 00:30:00+00:00,-916.98,-614.7753744281,0,0,0.06268272416289512,SELL PRESSURE / SYSTEM LONG,High
2025-12-13 01:00:00+00:00,-1188.77,-772.4639307145892,0,0,0.028765895499075208,SELL PRESSURE / SYSTEM LONG,High
2025-12-13 01:30:00+00:00,-647.47,-715.470320933948,0,0,0.04199693031586009,SELL PRESSURE / SYSTEM LONG,High
2025-12-13 02:00:00+00:00,-286.41,-466.8590803104219,0,0,0.07485952883823957,SELL PRESSURE / SYSTEM LONG,High
2025-12-13 02:30:00+00:00,-549.65,-305.12565416854864,0,0,0.08494315412100883,SELL PRESSURE / SYSTEM LONG,High
2025-12-13 03:00:00+00:00,-1074.64,-814.0607498469169,0,0,0.0290992638967375,SELL PRESSURE / SYSTEM LONG,High
2025-12-13 03:30:00+00:00,-767.28,-722.5023112233274,0,0,0.03423974040282362,SELL PRESSURE / SYSTEM LONG,High
2025-12-13 04:00:00+00:00,-926.21,-941.4001724898526,0,0,0.029572991354138937,SELL PRESSURE / SYSTEM LONG,High
2025-12-13 04:30:00+00:00,-871.74,-870.7388856742799,0,0,0.013682918520459237,SELL PRESSURE / SYSTEM LONG,High
2025-12-13 05:00:00+00:00,-196.2,-324.76607951271563,0,0,0.09249301654561409,SELL PRESSURE / SYSTEM LONG,High
2025-12-13 05:30:00+00:00,-428.97,-175.18820972952403,0,0,0.1973394184132135,SELL PRESSURE / SYSTEM LONG,High
2025-12-13 06:00:00+00:00,-123.18,44.6815386073074,0,1,0.6724549881367472,BUY PRESSURE / SYSTEM SHORT,Medium
2025-12-13 06:30:00+00:00,-288.93,-242.19710944086603,0,0,0.16119201911185196,SELL PRESSURE / SYSTEM LONG,High
2025-12-13 07:00:00+00:00,-149.3,-215.31341405714335,0,0,0.15953212929658744,SELL PRESSURE / SYSTEM LONG,High
2025-12-13 07:30:00+00:00,543.95,332.59037445466413,1,1,0.8989412099737693,BUY PRESSURE / SYSTEM SHORT,High
2025-12-13 08:00:00+00:00,326.56,481.10205726808965,1,1,0.9513022672986331,BUY PRESSURE / SYSTEM SHORT,High
2025-12-13 08:30:00+00:00,48.17,47.59204692332254,1,1,0.6182445695615879,BUY PRESSURE / SYSTEM SHORT,Medium
2025-12-13 09:00:00+00:00,-529.19,-366.4745139961935,0,0,0.13564143518209978,SELL PRESSURE / SYSTEM LONG,High
2025-12-13 09:30:00+00:00,-432.26,-394.9191080643756,0,0,0.05021303749086093,SELL PRESSURE / SYSTEM LONG,High
2025-12-13 10:00:00+00:00,-287.82,-183.50074689996242,0,0,0.19426011142561223,SELL PRESSURE / SYSTEM LONG,High
2025-12-13 10:30:00+00:00,-656.85,-665.5640510740155,0,0,0.03532199122529179,SELL PRESSURE / SYSTEM LONG,High
2025-12-13 11:00:00+00:00,-1028.3,-840.2614924919551,0,0,0.02013351789171218,SELL PRESSURE / SYSTEM LONG,High
2025-12-13 11:30:00+00:00,-1125.62,-829.2991796975034,0,0,0.011484871752267747,SELL PRESSURE / SYSTEM LONG,High
2025-12-13 12:00:00+00:00,-520.81,-548.0454325310011,0,0,0.03171221558267099,SELL PRESSURE / SYSTEM LONG,High
2025-12-13 12:30:00+00:00,-599.6,-638.688760230423,0,0,0.020381449364764933,SELL PRESSURE / SYSTEM LONG,High
2025-12-13 13:00:00+00:00,-698.02,-676.0858910875214,0,0,0.02107194614602548,SELL PRESSURE / SYSTEM LONG,High
2025-12-13 13:30:00+00:00,-838.86,-798.9454744099885,0,0,0.016078860004071233,SELL PRESSURE / SYSTEM LONG,High
2025-12-13 14:00:00+00:00,-983.66,-613.0051630808298,0,0,0.02125288542449342,SELL PRESSURE / SYSTEM LONG,High
2025-12-13 14:30:00+00:00,-1050.17,-686.8536824146051,0,0,0.03290196406071104,SELL PRESSURE / SYSTEM LONG,High
2025-12-13 15:00:00+00:00,-1454.64,-1003.4073448030585,0,0,0.016775197672773853,SELL PRESSURE / SYSTEM LONG,High
2025-12-13 15:30:00+00:00,-1058.73,-848.8760874371551,0,0,0.02598925831952686,SELL PRESSURE / SYSTEM LONG,High
2025-12-13 16:00:00+00:00,-477.0,-422.1811406432839,0,0,0.0659590729448122,SELL PRESSURE / SYSTEM LONG,High
2025-12-13 16:30:00+00:00,-488.32,-579.446913160055,0,0,0.04837366151586437,SELL PRESSURE / SYSTEM LONG,High
2025-12-13 17:00:00+00:00,46.84,-176.05526009027662,1,0,0.27002042297825457,SELL PRESSURE / SYSTEM LONG,High
2025-12-13 17:30:00+00:00,-71.19,-108.62913401013385,0,0,0.40537088047433767,SELL PRESSURE / SYSTEM LONG,Medium
2025-12-13 18:00:00+00:00,-462.96,-353.3592441296483,0,0,0.16788940222642817,SELL PRESSURE / SYSTEM LONG,High
2025-12-13 18:30:00+00:00,-660.67,-544.7460043758007,0,0,0.06982659078390731,SELL PRESSURE / SYSTEM LONG,High
2025-12-13 19:00:00+00:00,444.82,198.67283952474065,1,1,0.7340177459297546,BUY PRESSURE / SYSTEM SHORT,High
2025-12-13 19:30:00+00:00,464.08,337.8946637880222,1,1,0.8604207365069767,BUY PRESSURE / SYSTEM SHORT,High
2025-12-13 20:00:00+00:00,457.42,340.4586684712942,1,1,0.9357247862863752,BUY PRESSURE / SYSTEM SHORT,High
2025-12-13 20:30:00+00:00,541.45,533.7196777558444,1,1,0.9543253221542805,BUY PRESSURE / SYSTEM SHORT,High
2025-12-13 21:00:00+00:00,1127.25,802.9864775205345,1,1,0.9698329237932833,BUY PRESSURE / SYSTEM SHORT,High
2025-12-13 21:30:00+00:00,415.56,469.9881602587527,1,1,0.9608962392380022,BUY PRESSURE / SYSTEM SHORT,High
2025-12-13 22:00:00+00:00,-28.94,162.91013935363205,0,1,0.7665212111893854,BUY PRESSURE / SYSTEM SHORT,High
2025-12-13 22:30:00+00:00,-187.16,34.33591311337314,0,1,0.6496734511471608,BUY PRESSURE / SYSTEM SHORT,Medium
2025-12-13 23:00:00+00:00,-69.01,61.93793070058777,0,1,0.7365074401860329,BUY PRESSURE / SYSTEM SHORT,High
2025-12-13 23:30:00+00:00,-24.11,-92.85566551570201,0,0,0.3284368100973212,SELL PRESSURE / SYSTEM LONG,Medium
2025-12-14 00:00:00+00:00,239.84,274.10295240077556,1,1,0.896593594188757,BUY PRESSURE / SYSTEM SHORT,High
2025-12-14 00:30:00+00:00,-256.91,-161.77948861731286,0,0,0.24137860862626595,SELL PRESSURE / SYSTEM LONG,High
2025-12-14 01:00:00+00:00,-548.62,-225.8319975704997,0,0,0.1277210188944821,SELL PRESSURE / SYSTEM LONG,High
2025-12-14 01:30:00+00:00,-640.65,-594.1443792695192,0,0,0.031541230788599876,SELL PRESSURE / SYSTEM LONG,High
2025-12-14 02:00:00+00:00,-759.49,-437.95059481666084,0,0,0.06504675630835438,SELL PRESSURE / SYSTEM LONG,High
2025-12-14 02:30:00+00:00,-936.93,-890.7779949998906,0,0,0.016609700220826952,SELL PRESSURE / SYSTEM LONG,High
2025-12-14 03:00:00+00:00,-449.75,-391.33908872123374,0,0,0.1069842735306904,SELL PRESSURE / SYSTEM LONG,High
2025-12-14 03:30:00+00:00,-124.52,-214.3296339070062,0,0,0.24271753408326366,SELL PRESSURE / SYSTEM LONG,High
2025-12-14 04:00:00+00:00,-460.59,-542.0240261391295,0,0,0.074723684686068,SELL PRESSURE / SYSTEM LONG,High
2025-12-14 04:30:00+00:00,-0.51,-25.18978309889193,0,0,0.49314639727671455,SELL PRESSURE / SYSTEM LONG,Low
2025-12-14 05:00:00+00:00,-246.06,-304.7842277399595,0,0,0.1299694657481847,SELL PRESSURE / SYSTEM LONG,High
2025-12-14 05:30:00+00:00,-36.38,35.887822879436314,0,0,0.49772458204843373,SELL PRESSURE / SYSTEM LONG,Low
2025-12-14 06:00:00+00:00,357.83,134.23466177847192,1,1,0.7648905554231706,BUY PRESSURE / SYSTEM SHORT,High
2025-12-14 06:30:00+00:00,209.85,-7.188201040309966,1,0,0.4782091342366081,SELL PRESSURE / SYSTEM LONG,Low
2025-12-14 07:00:00+00:00,77.78,-52.05084054562541,1,0,0.39045177544824733,SELL PRESSURE / SYSTEM LONG,Medium
2025-12-14 07:30:00+00:00,-39.57,-141.24828622465552,0,0,0.22340579491281173,SELL PRESSURE / SYSTEM LONG,High
2025-12-14 08:00:00+00:00,-105.32,-234.0143379263752,0,0,0.10082333819395135,SELL PRESSURE / SYSTEM LONG,High
2025-12-14 08:30:00+00:00,-127.22,-65.27484123034773,0,0,0.38151388642364664,SELL PRESSURE / SYSTEM LONG,Medium
2025-12-14 09:00:00+00:00,-186.05,-44.43452177166665,0,0,0.4175980271577951,SELL PRESSURE / SYSTEM LONG,Medium
2025-12-14 09:30:00+00:00,-94.16,-344.5778342445741,0,0,0.12873769560149217,SELL PRESSURE / SYSTEM LONG,High
2025-12-14 10:00:00+00:00,-132.77,-199.45211084465188,0,0,0.2350471283420051,SELL PRESSURE / SYSTEM LONG,High
2025-12-14 10:30:00+00:00,-769.03,-477.5047201914769,0,0,0.0740593997355619,SELL PRESSURE / SYSTEM LONG,High
2025-12-14 11:00:00+00:00,-562.09,-547.9054617692846,0,0,0.041693840687624995,SELL PRESSURE / SYSTEM LONG,High
2025-12-14 11:30:00+00:00,-306.46,-228.71789333188252,0,0,0.20473808036492447,SELL PRESSURE / SYSTEM LONG,High
2025-12-14 12:00:00+00:00,-104.79,-331.37656265733983,0,0,0.04867599451025942,SELL PRESSURE / SYSTEM LONG,High
2025-12-14 12:30:00+00:00,-676.98,-404.59126653264184,0,0,0.04415752693991693,SELL PRESSURE / SYSTEM LONG,High
2025-12-14 13:00:00+00:00,-548.29,-416.08716348742183,0,0,0.02619422506016646,SELL PRESSURE / SYSTEM LONG,High
2025-12-14 13:30:00+00:00,-751.42,-727.5025268850611,0,0,0.01642293159333582,SELL PRESSURE / SYSTEM LONG,High
2025-12-14 14:00:00+00:00,-430.19,-526.7270805192435,0,0,0.045190292000583616,SELL PRESSURE / SYSTEM LONG,High
2025-12-14 14:30:00+00:00,-991.94,-734.8876279898265,0,0,0.01824218011677116,SELL PRESSURE / SYSTEM LONG,High
2025-12-14 15:00:00+00:00,-593.29,-716.337347836153,0,0,0.011941859383141436,SELL PRESSURE / SYSTEM LONG,High
2025-12-14 15:30:00+00:00,-540.8,-558.033714645291,0,0,0.02279107809585708,SELL PRESSURE / SYSTEM LONG,High
2025-12-14 16:00:00+00:00,-352.82,-197.88546443862043,0,0,0.13196874495895705,SELL PRESSURE / SYSTEM LONG,High
2025-12-14 16:30:00+00:00,-513.43,-525.3235153620259,0,0,0.030286116357195973,SELL PRESSURE / SYSTEM LONG,High
2025-12-14 17:00:00+00:00,397.6,94.9850735214359,1,1,0.6947198114794491,BUY PRESSURE / SYSTEM SHORT,Medium
2025-12-14 17:30:00+00:00,479.86,258.26101060971166,1,1,0.8739582834179704,BUY PRESSURE / SYSTEM SHORT,High
2025-12-14 18:00:00+00:00,597.64,450.5858474856015,1,1,0.9485183527236896,BUY PRESSURE / SYSTEM SHORT,High
2025-12-14 18:30:00+00:00,339.37,393.2658582531252,1,1,0.9584976489705265,BUY PRESSURE / SYSTEM SHORT,High
2025-12-14 19:00:00+00:00,190.01,352.52135909727076,1,1,0.95930917537443,BUY PRESSURE / SYSTEM SHORT,High
2025-12-14 19:30:00+00:00,-147.2,212.11790659382757,0,1,0.8542712525182169,BUY PRESSURE / SYSTEM SHORT,High
2025-12-14 20:00:00+00:00,-362.95,-81.30700515230826,0,0,0.35734364186862755,SELL PRESSURE / SYSTEM LONG,Medium
2025-12-14 20:30:00+00:00,-169.57,-16.292638529275795,0,1,0.5693585498877939,BUY PRESSURE / SYSTEM SHORT,Medium
2025-12-14 21:00:00+00:00,66.92,-199.63485300199747,1,0,0.147439068179779,SELL PRESSURE / SYSTEM LONG,High
2025-12-14 21:30:00+00:00,-124.13,-170.88514813668868,0,0,0.2479212794405295,SELL PRESSURE / SYSTEM LONG,High
2025-12-14 22:00:00+00:00,-126.61,-0.5088945114029834,0,1,0.587488893107638,BUY PRESSURE / SYSTEM SHORT,Medium
2025-12-14 22:30:00+00:00,349.54,38.20003635585967,1,1,0.6293553986540829,BUY PRESSURE / SYSTEM SHORT,Medium
2025-12-14 23:00:00+00:00,205.19,303.5228460235398,1,1,0.8742239726044315,BUY PRESSURE / SYSTEM SHORT,High
2025-12-14 23:30:00+00:00,326.0,-24.54909859529165,1,1,0.5286428222010942,BUY PRESSURE / SYSTEM SHORT,Low
2025-12-15 00:00:00+00:00,-339.73,-190.760980201187,0,0,0.23680153071982787,SELL PRESSURE / SYSTEM LONG,High
2025-12-15 00:30:00+00:00,-627.93,-560.690318379263,0,0,0.060610993682293016,SELL PRESSURE / SYSTEM LONG,High
2025-12-15 01:00:00+00:00,-503.24,-607.3992403171828,0,0,0.03802043600010886,SELL PRESSURE / SYSTEM LONG,High
2025-12-15 01:30:00+00:00,-134.42,41.833970445660455,0,1,0.6439854491347464,BUY PRESSURE / SYSTEM SHORT,Medium
2025-12-15 02:00:00+00:00,-124.43,-107.54210496542284,0,0,0.30160099906624327,SELL PRESSURE / SYSTEM LONG,Medium
2025-12-15 02:30:00+00:00,77.76,8.103318892175649,1,1,0.6066716079175204,BUY PRESSURE / SYSTEM SHORT,Medium
2025-12-15 03:00:00+00:00,381.78,373.91470169005333,1,1,0.9124314531768464,BUY PRESSURE / SYSTEM SHORT,High
2025-12-15 03:30:00+00:00,296.51,317.4197902067892,1,1,0.9291098919077938,BUY PRESSURE / SYSTEM SHORT,High
2025-12-15 04:00:00+00:00,317.8,147.95968527983325,1,1,0.8204479317421796,BUY PRESSURE / SYSTEM SHORT,High
2025-12-15 04:30:00+00:00,86.74,328.17813400149805,1,1,0.9057920089749267,BUY PRESSURE / SYSTEM SHORT,High
2025-12-15 05:00:00+00:00,-575.72,-352.5622944262663,0,0,0.07011522959864928,SELL PRESSURE / SYSTEM LONG,High
2025-12-15 05:30:00+00:00,48.02,-229.07644197405585,1,0,0.20477907506419094,SELL PRESSURE / SYSTEM LONG,High
2025-12-15 06:00:00+00:00,218.07,-190.0376123110423,1,0,0.27234483629757267,SELL PRESSURE / SYSTEM LONG,High
2025-12-15 06:30:00+00:00,895.44,572.923479176143,1,1,0.9468854388284043,BUY PRESSURE / SYSTEM SHORT,High
2025-12-15 07:00:00+00:00,692.65,781.3642061432837,1,1,0.96781078685983,BUY PRESSURE / SYSTEM SHORT,High
2025-12-15 07:30:00+00:00,142.85,361.7691030654642,1,1,0.9391597010199496,BUY PRESSURE / SYSTEM SHORT,High
2025-12-15 08:00:00+00:00,-133.78,-14.979862120016053,0,0,0.4720895556178359,SELL PRESSURE / SYSTEM LONG,Low
2025-12-15 08:30:00+00:00,-323.74,-377.12474494958224,0,0,0.09163926692231811,SELL PRESSURE / SYSTEM LONG,High
2025-12-15 09:00:00+00:00,-253.3,-287.1905066635681,0,0,0.18309720285231582,SELL PRESSURE / SYSTEM LONG,High
2025-12-15 09:30:00+00:00,29.2,-284.03397673018935,1,0,0.19022845599295785,SELL PRESSURE / SYSTEM LONG,High
2025-12-15 10:00:00+00:00,-338.01,-220.0017279643418,0,0,0.19735185836466002,SELL PRESSURE / SYSTEM LONG,High
2025-12-15 10:30:00+00:00,-886.14,-529.6429026172049,0,0,0.09026952929352662,SELL PRESSURE / SYSTEM LONG,High
2025-12-15 11:00:00+00:00,-584.25,-528.906856121932,0,0,0.01827185067547286,SELL PRESSURE / SYSTEM LONG,High
2025-12-15 11:30:00+00:00,-337.19,-434.8662167882819,0,0,0.04781138875691302,SELL PRESSURE / SYSTEM LONG,High
2025-12-15 12:00:00+00:00,-415.76,-370.72851928553825,0,0,0.041250318150209964,SELL PRESSURE / SYSTEM LONG,High
2025-12-15 12:30:00+00:00,-579.02,-394.1631191901865,0,0,0.09826264070974573,SELL PRESSURE / SYSTEM LONG,High
2025-12-15 13:00:00+00:00,-1199.4,-779.6489859665069,0,0,0.022899600897253597,SELL PRESSURE / SYSTEM LONG,High
2025-12-15 13:30:00+00:00,-709.65,-522.5298001432413,0,0,0.033929188514221505,SELL PRESSURE / SYSTEM LONG,High
2025-12-15 14:00:00+00:00,-861.26,-917.8362792696416,0,0,0.01446596268875648,SELL PRESSURE / SYSTEM LONG,High
2025-12-15 14:30:00+00:00,-705.51,-661.3987213141929,0,0,0.02537080160998403,SELL PRESSURE / SYSTEM LONG,High
2025-12-15 15:00:00+00:00,-695.57,-452.4454251539847,0,0,0.05054877331030056,SELL PRESSURE / SYSTEM LONG,High
2025-12-15 15:30:00+00:00,-877.51,-701.8606482344367,0,0,0.01804106409456871,SELL PRESSURE / SYSTEM LONG,High
2025-12-15 16:00:00+00:00,-846.53,-797.4968796312082,0,0,0.025873052829929195,SELL PRESSURE / SYSTEM LONG,High
2025-12-15 16:30:00+00:00,-425.64,-95.0060557607323,0,0,0.3783740191482037,SELL PRESSURE / SYSTEM LONG,Medium
2025-12-15 17:00:00+00:00,87.49,-49.35548742432873,1,0,0.361646442713198,SELL PRESSURE / SYSTEM LONG,Medium
2025-12-15 17:30:00+00:00,120.19,1.6800484727626006,1,1,0.5785198714315235,BUY PRESSURE / SYSTEM SHORT,Medium
2025-12-15 18:00:00+00:00,281.56,304.88412594583644,1,1,0.9426562841776459,BUY PRESSURE / SYSTEM SHORT,High
2025-12-15 18:30:00+00:00,-439.73,-129.09859624115012,0,0,0.35312805428684546,SELL PRESSURE / SYSTEM LONG,Medium
2025-12-15 19:00:00+00:00,-274.29,-394.5507239719076,0,0,0.11060569137674509,SELL PRESSURE / SYSTEM LONG,High
2025-12-15 19:30:00+00:00,294.45,260.90870622644184,1,1,0.8990977601924635,BUY PRESSURE / SYSTEM SHORT,High
2025-12-15 20:00:00+00:00,474.93,477.9921794582487,1,1,0.9536048256702556,BUY PRESSURE / SYSTEM SHORT,High
2025-12-15 20:30:00+00:00,276.86,411.5259823569951,1,1,0.9609516743464346,BUY PRESSURE / SYSTEM SHORT,High
2025-12-15 21:00:00+00:00,-349.64,-119.31187541411286,0,0,0.2873460952809038,SELL PRESSURE / SYSTEM LONG,High
2025-12-15 21:30:00+00:00,-221.0,-311.8123662882497,0,0,0.1503167396876681,SELL PRESSURE / SYSTEM LONG,High
2025-12-15 22:00:00+00:00,-336.71,-306.9244660917143,0,0,0.08076436242872868,SELL PRESSURE / SYSTEM LONG,High
2025-12-15 22:30:00+00:00,80.56,223.9802785875484,1,1,0.8484660579960753,BUY PRESSURE / SYSTEM SHORT,High
2025-12-15 23:00:00+00:00,602.33,439.52739102384317,1,1,0.9381360153936074,BUY PRESSURE / SYSTEM SHORT,High
2025-12-15 23:30:00+00:00,272.71,314.8445147412031,1,1,0.9437059840082127,BUY PRESSURE / SYSTEM SHORT,High
2025-12-16 00:00:00+00:00,419.43,221.24478189262075,1,1,0.884550214419604,BUY PRESSURE / SYSTEM SHORT,High
2025-12-16 00:30:00+00:00,-76.7,62.90863897288613,0,1,0.6514986210492262,BUY PRESSURE / SYSTEM SHORT,Medium
2025-12-16 01:00:00+00:00,-179.16,-169.41982799210538,0,0,0.1897611291635533,SELL PRESSURE / SYSTEM LONG,High
2025-12-16 01:30:00+00:00,-549.51,-326.35131171528985,0,0,0.0405785408974652,SELL PRESSURE / SYSTEM LONG,High
2025-12-16 02:00:00+00:00,-510.72,-292.69269995966386,0,0,0.13488923098072358,SELL PRESSURE / SYSTEM LONG,High
2025-12-16 02:30:00+00:00,-66.66,-158.06765052973992,0,0,0.2865279254207563,SELL PRESSURE / SYSTEM LONG,High
2025-12-16 03:00:00+00:00,-320.26,-115.15391608317108,0,0,0.300609898020641,SELL PRESSURE / SYSTEM LONG,Medium
2025-12-16 03:30:00+00:00,218.98,143.21347321944356,1,1,0.8524069507173513,BUY PRESSURE / SYSTEM SHORT,High
2025-12-16 04:00:00+00:00,298.18,264.09354583168454,1,1,0.901424640825716,BUY PRESSURE / SYSTEM SHORT,High
2025-12-16 04:30:00+00:00,-431.1,-101.06153318567483,0,0,0.34653612687913066,SELL PRESSURE / SYSTEM LONG,Medium
2025-12-16 05:00:00+00:00,-1164.55,-656.6769423980707,0,0,0.0525164248621134,SELL PRESSURE / SYSTEM LONG,High
2025-12-16 05:30:00+00:00,-875.26,-704.4185519659284,0,0,0.02885041322531742,SELL PRESSURE / SYSTEM LONG,High
2025-12-16 06:00:00+00:00,-483.08,-412.6958564899823,0,0,0.04972294330099232,SELL PRESSURE / SYSTEM LONG,High
2025-12-16 06:30:00+00:00,-108.96,-113.99684936897269,0,0,0.30963187759443545,SELL PRESSURE / SYSTEM LONG,Medium
2025-12-16 07:00:00+00:00,99.76,147.3892514945069,1,1,0.8307041107299439,BUY PRESSURE / SYSTEM SHORT,High
2025-12-16 07:30:00+00:00,704.27,517.3623244225191,1,1,0.9302199734886254,BUY PRESSURE / SYSTEM SHORT,High
2025-12-16 08:00:00+00:00,-264.75,-49.18587818529026,0,0,0.40062405896428943,SELL PRESSURE / SYSTEM LONG,Medium
2025-12-16 08:30:00+00:00,-528.35,-355.4114618976705,0,0,0.12301625182072112,SELL PRESSURE / SYSTEM LONG,High
2025-12-16 09:00:00+00:00,-121.93,-424.97780218336715,0,0,0.04531687426534016,SELL PRESSURE / SYSTEM LONG,High
2025-12-16 09:30:00+00:00,-240.09,-16.58037753134582,0,1,0.5372696832758836,BUY PRESSURE / SYSTEM SHORT,Low
2025-12-16 10:00:00+00:00,-318.73,-327.2340416508447,0,0,0.12209498140266352,SELL PRESSURE / SYSTEM LONG,High
2025-12-16 10:30:00+00:00,-279.91,-256.1648143949852,0,0,0.08057031282778065,SELL PRESSURE / SYSTEM LONG,High
2025-12-16 11:00:00+00:00,-110.72,104.94134170284741,0,1,0.7071104431413925,BUY PRESSURE / SYSTEM SHORT,High
2025-12-16 11:30:00+00:00,-67.06,-222.86650151019552,0,0,0.18296826865654536,SELL PRESSURE / SYSTEM LONG,High
2025-12-16 12:00:00+00:00,-255.3,-122.29386679682179,0,0,0.340623297023974,SELL PRESSURE / SYSTEM LONG,Medium
2025-12-16 12:30:00+00:00,-17.6,130.958792802989,0,1,0.845199618131025,BUY PRESSURE / SYSTEM SHORT,High
2025-12-16 13:00:00+00:00,47.58,-41.669989009922,1,1,0.5052720549790167,BUY PRESSURE / SYSTEM SHORT,Low
2025-12-16 13:30:00+00:00,-289.94,-165.7873343072732,0,0,0.19761452410593439,SELL PRESSURE / SYSTEM LONG,High
2025-12-16 14:00:00+00:00,-745.88,-682.3071441940149,0,0,0.03768703618957138,SELL PRESSURE / SYSTEM LONG,High
2025-12-16 14:30:00+00:00,17.45,-24.533623667732012,1,0,0.49185037854189434,SELL PRESSURE / SYSTEM LONG,Low
2025-12-16 15:00:00+00:00,416.05,279.3647856557187,1,1,0.902171389221181,BUY PRESSURE / SYSTEM SHORT,High
2025-12-16 15:30:00+00:00,653.35,558.4992203126338,1,1,0.9684609864769429,BUY PRESSURE / SYSTEM SHORT,High
2025-12-16 16:00:00+00:00,547.56,320.45786923216673,1,1,0.9577576187397357,BUY PRESSURE / SYSTEM SHORT,High
2025-12-16 16:30:00+00:00,683.71,661.2841296116665,1,1,0.9799051503906483,BUY PRESSURE / SYSTEM SHORT,High
2025-12-16 17:00:00+00:00,-144.37,-69.01209908981063,0,1,0.5262369251652038,BUY PRESSURE / SYSTEM SHORT,Low
2025-12-16 17:30:00+00:00,-106.41,83.18178741991504,0,1,0.7471713022639218,BUY PRESSURE / SYSTEM SHORT,High
2025-12-16 18:00:00+00:00,-371.82,-138.01951330170215,0,0,0.30832661120956495,SELL PRESSURE / SYSTEM LONG,Medium
2025-12-16 18:30:00+00:00,-657.43,-203.85561275090546,0,0,0.21399149968712602,SELL PRESSURE / SYSTEM LONG,High
2025-12-16 19:00:00+00:00,-563.61,-410.67310895713126,0,0,0.09538923474382838,SELL PRESSURE / SYSTEM LONG,High
2025-12-16 19:30:00+00:00,-100.61,109.16553285002105,0,1,0.6990037942290515,BUY PRESSURE / SYSTEM SHORT,Medium
2025-12-16 20:00:00+00:00,112.6,187.81885093273112,1,1,0.7809477702846553,BUY PRESSURE / SYSTEM SHORT,High
2025-12-16 20:30:00+00:00,547.71,140.5255258663882,1,1,0.815731461004685,BUY PRESSURE / SYSTEM SHORT,High
2025-12-16 21:00:00+00:00,1104.29,809.8585338289641,1,1,0.9802084187340293,BUY PRESSURE / SYSTEM SHORT,High
2025-12-16 21:30:00+00:00,883.43,798.0774716961333,1,1,0.9788316707661286,BUY PRESSURE / SYSTEM SHORT,High
2025-12-16 22:00:00+00:00,819.25,717.1232463132204,1,1,0.9673144979527215,BUY PRESSURE / SYSTEM SHORT,High
2025-12-16 22:30:00+00:00,599.18,796.3147880599308,1,1,0.974428609413448,BUY PRESSURE / SYSTEM SHORT,High
2025-12-16 23:00:00+00:00,291.24,406.9539276854815,1,1,0.9651166076914451,BUY PRESSURE / SYSTEM SHORT,High
2025-12-16 23:30:00+00:00,-367.38,-258.36679119473195,0,0,0.2383354507879367,SELL PRESSURE / SYSTEM LONG,High
2025-12-17 00:00:00+00:00,-785.42,-528.1914569736623,0,0,0.08653437669814908,SELL PRESSURE / SYSTEM LONG,High
2025-12-17 00:30:00+00:00,-1196.57,-696.134149609965,0,0,0.0412814387463359,SELL PRESSURE / SYSTEM LONG,High
2025-12-17 01:00:00+00:00,-461.39,-369.13789774341944,0,0,0.06265273481501399,SELL PRESSURE / SYSTEM LONG,High
2025-12-17 01:30:00+00:00,337.84,232.35096496406,1,1,0.760755265946158,BUY PRESSURE / SYSTEM SHORT,High
2025-12-17 02:00:00+00:00,228.46,-9.809021023593209,1,1,0.5246169691375792,BUY PRESSURE / SYSTEM SHORT,Low
2025-12-17 02:30:00+00:00,284.32,467.2026077265556,1,1,0.9444602497920946,BUY PRESSURE / SYSTEM SHORT,High
2025-12-17 03:00:00+00:00,-614.24,-243.81416046785836,0,0,0.2222187789465652,SELL PRESSURE / SYSTEM LONG,High
2025-12-17 03:30:00+00:00,-631.87,-570.8079021835351,0,0,0.06849115765007409,SELL PRESSURE / SYSTEM LONG,High
2025-12-17 04:00:00+00:00,-313.21,-223.80050414602118,0,0,0.20304131309199494,SELL PRESSURE / SYSTEM LONG,High
2025-12-17 04:30:00+00:00,-470.39,-388.4113036673976,0,0,0.08217113024327846,SELL PRESSURE / SYSTEM LONG,High
2025-12-17 05:00:00+00:00,-383.41,-288.49657645400816,0,0,0.10360039626252787,SELL PRESSURE / SYSTEM LONG,High
2025-12-17 05:30:00+00:00,105.95,153.15708395488917,1,1,0.8320495137322887,BUY PRESSURE / SYSTEM SHORT,High
2025-12-17 06:00:00+00:00,394.13,272.4950125457395,1,1,0.9052273093930276,BUY PRESSURE / SYSTEM SHORT,High
2025-12-17 06:30:00+00:00,650.25,515.1442422458052,1,1,0.9485547074237055,BUY PRESSURE / SYSTEM SHORT,High
2025-12-17 07:00:00+00:00,-31.41,71.120764668957,0,1,0.6029126374067039,BUY PRESSURE / SYSTEM SHORT,Medium
2025-12-17 07:30:00+00:00,-153.31,252.20927328355003,0,1,0.8751581941794554,BUY PRESSURE / SYSTEM SHORT,High
2025-12-17 08:00:00+00:00,-57.02,-276.2817266396022,0,0,0.17881089629223595,SELL PRESSURE / SYSTEM LONG,High
2025-12-17 08:30:00+00:00,696.75,430.22401554012316,1,1,0.9137770936012289,BUY PRESSURE / SYSTEM SHORT,High
2025-12-17 09:00:00+00:00,333.87,334.2114206695991,1,1,0.9342226939020404,BUY PRESSURE / SYSTEM SHORT,High
2025-12-17 09:30:00+00:00,-13.75,-46.90329774579874,0,0,0.3576136629667806,SELL PRESSURE / SYSTEM LONG,Medium
2025-12-17 10:00:00+00:00,410.34,296.14034465616726,1,1,0.9163227630880274,BUY PRESSURE / SYSTEM SHORT,High
2025-12-17 10:30:00+00:00,506.72,146.66417413763463,1,1,0.7347863945731337,BUY PRESSURE / SYSTEM SHORT,High
2025-12-17 11:00:00+00:00,-124.06,16.4329213292347,0,1,0.5328322745446888,BUY PRESSURE / SYSTEM SHORT,Low
2025-12-17 11:30:00+00:00,-21.34,-53.236482710713055,0,0,0.4409468169476555,SELL PRESSURE / SYSTEM LONG,Medium
2025-12-17 12:00:00+00:00,-215.79,-34.738485036454634,0,0,0.4536389115025275,SELL PRESSURE / SYSTEM LONG,Low
2025-12-17 12:30:00+00:00,-512.46,-390.458627934201,0,0,0.036024978018249915,SELL PRESSURE / SYSTEM LONG,High
2025-12-17 13:00:00+00:00,-217.85,-141.1954188322692,0,0,0.2839848591280699,SELL PRESSURE / SYSTEM LONG,High
2025-12-17 13:30:00+00:00,77.74,175.204878640249,1,1,0.8487625525394552,BUY PRESSURE / SYSTEM SHORT,High
2025-12-17 14:00:00+00:00,49.6,79.07857309967999,1,1,0.759945064858961,BUY PRESSURE / SYSTEM SHORT,High
2025-12-17 14:30:00+00:00,294.31,220.6513103011224,1,1,0.8993697044809567,BUY PRESSURE / SYSTEM SHORT,High
2025-12-17 15:00:00+00:00,229.22,60.18319761057894,1,1,0.6632803794685692,BUY PRESSURE / SYSTEM SHORT,Medium
2025-12-17 15:30:00+00:00,132.19,86.01122471306782,1,1,0.6941701524723701,BUY PRESSURE / SYSTEM SHORT,Medium
2025-12-17 16:00:00+00:00,313.32,278.15769249503705,1,1,0.9327162770391202,BUY PRESSURE / SYSTEM SHORT,High
2025-12-17 16:30:00+00:00,-208.83,-85.62486976389945,0,0,0.38694433251419624,SELL PRESSURE / SYSTEM LONG,Medium
2025-12-17 17:00:00+00:00,392.05,346.14006305342167,1,1,0.8871950435495453,BUY PRESSURE / SYSTEM SHORT,High
2025-12-17 17:30:00+00:00,848.39,552.2204266553595,1,1,0.9534461970422896,BUY PRESSURE / SYSTEM SHORT,High
2025-12-17 18:00:00+00:00,1034.11,826.3428470504856,1,1,0.9749283978777257,BUY PRESSURE / SYSTEM SHORT,High
2025-12-17 18:30:00+00:00,805.19,535.9680444155738,1,1,0.9622199812267415,BUY PRESSURE / SYSTEM SHORT,High
2025-12-17 19:00:00+00:00,924.77,571.4782856629658,1,1,0.9706757322852462,BUY PRESSURE / SYSTEM SHORT,High
2025-12-17 19:30:00+00:00,326.31,451.5974024723372,1,1,0.8977326840648396,BUY PRESSURE / SYSTEM SHORT,High
2025-12-17 20:00:00+00:00,258.21,245.62343582021236,1,1,0.8288169449215258,BUY PRESSURE / SYSTEM SHORT,High
2025-12-17 20:30:00+00:00,830.44,718.7716083556367,1,1,0.9723675275946255,BUY PRESSURE / SYSTEM SHORT,High
2025-12-17 21:00:00+00:00,267.65,384.4262919475119,1,1,0.9507911340802463,BUY PRESSURE / SYSTEM SHORT,High
2025-12-17 21:30:00+00:00,460.21,500.48188174613426,1,1,0.9635686628139526,BUY PRESSURE / SYSTEM SHORT,High
2025-12-17 22:00:00+00:00,43.22,37.945986534089684,1,1,0.6119281664136466,BUY PRESSURE / SYSTEM SHORT,Medium
2025-12-17 22:30:00+00:00,714.61,546.1808603821969,1,1,0.9285153110333678,BUY PRESSURE / SYSTEM SHORT,High
2025-12-17 23:00:00+00:00,358.79,309.7834307902676,1,1,0.9384268468858369,BUY PRESSURE / SYSTEM SHORT,High
2025-12-17 23:30:00+00:00,-29.21,362.1247505387757,0,1,0.9486342850390603,BUY PRESSURE / SYSTEM SHORT,High
2025-12-18 00:00:00+00:00,190.37,209.02045763045214,1,1,0.8630012911383865,BUY PRESSURE / SYSTEM SHORT,High
2025-12-18 00:30:00+00:00,548.82,524.2035468605584,1,1,0.9406048071371306,BUY PRESSURE / SYSTEM SHORT,High
2025-12-18 01:00:00+00:00,540.89,392.5543102846747,1,1,0.9501480469500367,BUY PRESSURE / SYSTEM SHORT,High
2025-12-18 01:30:00+00:00,562.51,441.53035584932184,1,1,0.9666678795488747,BUY PRESSURE / SYSTEM SHORT,High
2025-12-18 02:00:00+00:00,267.54,88.8261430923461,1,1,0.6995163171694884,BUY PRESSURE / SYSTEM SHORT,Medium
2025-12-18 02:30:00+00:00,-61.77,101.02972931695085,0,1,0.7545957605004978,BUY PRESSURE / SYSTEM SHORT,High
2025-12-18 03:00:00+00:00,-636.47,-436.810799679555,0,0,0.09468431292553404,SELL PRESSURE / SYSTEM LONG,High
2025-12-18 03:30:00+00:00,77.69,117.69053440305666,1,1,0.7718733704588532,BUY PRESSURE / SYSTEM SHORT,High
2025-12-18 04:00:00+00:00,95.09,-190.07767394935155,1,0,0.26087155026441355,SELL PRESSURE / SYSTEM LONG,High
2025-12-18 04:30:00+00:00,201.58,92.86103523920832,1,1,0.7403755493345713,BUY PRESSURE / SYSTEM SHORT,High
2025-12-18 05:00:00+00:00,191.62,66.20298870582086,1,1,0.583146810705252,BUY PRESSURE / SYSTEM SHORT,Medium
2025-12-18 05:30:00+00:00,59.07,383.3264546259102,1,1,0.944765177573591,BUY PRESSURE / SYSTEM SHORT,High
2025-12-18 06:00:00+00:00,-399.77,-151.05637145384222,0,0,0.2684254588776396,SELL PRESSURE / SYSTEM LONG,High
2025-12-18 06:30:00+00:00,-558.19,-424.30197874709734,0,0,0.0666608507792101,SELL PRESSURE / SYSTEM LONG,High
2025-12-18 07:00:00+00:00,-540.17,-436.94048770187425,0,0,0.11604505752907984,SELL PRESSURE / SYSTEM LONG,High
2025-12-18 07:30:00+00:00,-300.3,-244.3961004425599,0,0,0.2169050972260128,SELL PRESSURE / SYSTEM LONG,High
2025-12-18 08:00:00+00:00,51.29,36.18318538215107,1,1,0.5849046077641341,BUY PRESSURE / SYSTEM SHORT,Medium
2025-12-18 08:30:00+00:00,87.74,165.9198202145575,1,1,0.8862611248561055,BUY PRESSURE / SYSTEM SHORT,High
2025-12-18 09:00:00+00:00,195.03,-115.39445349788977,1,0,0.2765891179271172,SELL PRESSURE / SYSTEM LONG,High
2025-12-18 09:30:00+00:00,-481.52,-26.556125285669633,0,1,0.5674022960549192,BUY PRESSURE / SYSTEM SHORT,Medium
2025-12-18 10:00:00+00:00,-828.41,-462.64213338781235,0,0,0.029162728832162362,SELL PRESSURE / SYSTEM LONG,High
2025-12-18 10:30:00+00:00,-219.63,-416.72133084293984,0,0,0.050903062169695604,SELL PRESSURE / SYSTEM LONG,High
2025-12-18 11:00:00+00:00,-461.09,-258.38525998371506,0,0,0.09558594473970244,SELL PRESSURE / SYSTEM LONG,High
2025-12-18 11:30:00+00:00,-633.27,-396.3011027896792,0,0,0.044993429096506346,SELL PRESSURE / SYSTEM LONG,High
2025-12-18 12:00:00+00:00,-586.81,-380.8638569057933,0,0,0.051534391119929045,SELL PRESSURE / SYSTEM LONG,High
2025-12-18 12:30:00+00:00,-437.55,-471.19799861619214,0,0,0.07485311360372943,SELL PRESSURE / SYSTEM LONG,High
2025-12-18 13:00:00+00:00,-34.25,31.61400404813894,0,1,0.5709399509494714,BUY PRESSURE / SYSTEM SHORT,Medium
2025-12-18 13:30:00+00:00,-235.97,-437.42212696113626,0,0,0.09710907207917518,SELL PRESSURE / SYSTEM LONG,High
2025-12-18 14:00:00+00:00,-755.58,-609.8845953640986,0,0,0.024883933235797757,SELL PRESSURE / SYSTEM LONG,High
2025-12-18 14:30:00+00:00,-417.47,-412.8913033466786,0,0,0.030303508114028307,SELL PRESSURE / SYSTEM LONG,High
2025-12-18 15:00:00+00:00,227.3,-215.69857866877723,1,0,0.17985241998753426,SELL PRESSURE / SYSTEM LONG,High
2025-12-18 15:30:00+00:00,316.0,316.0389535630774,1,1,0.908323338967797,BUY PRESSURE / SYSTEM SHORT,High
2025-12-18 16:00:00+00:00,61.79,285.4847190866694,1,1,0.9271729326870907,BUY PRESSURE / SYSTEM SHORT,High
2025-12-18 16:30:00+00:00,-85.62,-57.21496754904195,0,0,0.42678714331216794,SELL PRESSURE / SYSTEM LONG,Medium
2025-12-18 17:00:00+00:00,179.81,231.4488364389914,1,1,0.898044050183931,BUY PRESSURE / SYSTEM SHORT,High
2025-12-18 17:30:00+00:00,124.34,7.174049703324706,1,1,0.5144437836419882,BUY PRESSURE / SYSTEM SHORT,Low
2025-12-18 18:00:00+00:00,449.08,297.7412706748589,1,1,0.9082341823098584,BUY PRESSURE / SYSTEM SHORT,High
2025-12-18 18:30:00+00:00,-51.45,197.89470655111347,0,1,0.8024192798538783,BUY PRESSURE / SYSTEM SHORT,High
2025-12-18 19:00:00+00:00,462.42,476.0010910616377,1,1,0.9210980919538615,BUY PRESSURE / SYSTEM SHORT,High
2025-12-18 19:30:00+00:00,123.93,184.15204088005765,1,1,0.8591536665343031,BUY PRESSURE / SYSTEM SHORT,High
2025-12-18 20:00:00+00:00,30.8,61.90059335512606,1,1,0.6224809502271471,BUY PRESSURE / SYSTEM SHORT,Medium
2025-12-18 20:30:00+00:00,-234.83,-77.206415007015,0,0,0.42911849779654154,SELL PRESSURE / SYSTEM LONG,Medium
2025-12-18 21:00:00+00:00,-3.52,29.839644132014293,0,1,0.5725529372141724,BUY PRESSURE / SYSTEM SHORT,Medium
2025-12-18 21:30:00+00:00,-81.02,17.96986563533229,0,1,0.6463872325369369,BUY PRESSURE / SYSTEM SHORT,Medium
2025-12-18 22:00:00+00:00,-426.08,-112.20760190950394,0,0,0.27405704484672777,SELL PRESSURE / SYSTEM LONG,High
2025-12-18 22:30:00+00:00,234.91,131.29045238253264,1,1,0.7866055711767416,BUY PRESSURE / SYSTEM SHORT,High
2025-12-18 23:00:00+00:00,-197.14,-163.84407349385438,0,0,0.2338309203136079,SELL PRESSURE / SYSTEM LONG,High
2025-12-18 23:30:00+00:00,208.52,98.29377150504016,1,1,0.7969975929842151,BUY PRESSURE / SYSTEM SHORT,High
2025-12-19 00:00:00+00:00,695.62,493.3048621261987,1,1,0.9267425598032344,BUY PRESSURE / SYSTEM SHORT,High
2025-12-19 00:30:00+00:00,-35.75,0.8197032819033518,0,1,0.5513816966712954,BUY PRESSURE / SYSTEM SHORT,Medium
2025-12-19 01:00:00+00:00,-653.86,-303.8174999562183,0,0,0.12662285671245538,SELL PRESSURE / SYSTEM LONG,High
2025-12-19 01:30:00+00:00,-362.9,-355.8010937654006,0,0,0.049181662656749434,SELL PRESSURE / SYSTEM LONG,High
2025-12-19 02:00:00+00:00,-37.36,-101.99296158867328,0,0,0.3613933195742114,SELL PRESSURE / SYSTEM LONG,Medium
2025-12-19 02:30:00+00:00,-180.7,-176.8718201108215,0,0,0.1724515118096363,SELL PRESSURE / SYSTEM LONG,High
2025-12-19 03:00:00+00:00,349.49,176.70554774002224,1,1,0.9196658413123237,BUY PRESSURE / SYSTEM SHORT,High
2025-12-19 03:30:00+00:00,613.0,481.3901682613115,1,1,0.9513876113005133,BUY PRESSURE / SYSTEM SHORT,High
2025-12-19 04:00:00+00:00,704.65,409.5407209505513,1,1,0.9698230631851472,BUY PRESSURE / SYSTEM SHORT,High
2025-12-19 04:30:00+00:00,-276.95,-107.01903928739935,0,0,0.30344437122409806,SELL PRESSURE / SYSTEM LONG,Medium
2025-12-19 05:00:00+00:00,-491.32,-323.0931758280048,0,0,0.14356714255407957,SELL PRESSURE / SYSTEM LONG,High
2025-12-19 05:30:00+00:00,-566.79,-361.5336048778621,0,0,0.05817539441027021,SELL PRESSURE / SYSTEM LONG,High
2025-12-19 06:00:00+00:00,-357.19,-352.5829212487935,0,0,0.11987289066713508,SELL PRESSURE / SYSTEM LONG,High
2025-12-19 06:30:00+00:00,625.44,342.8387230385661,1,1,0.8755273206570412,BUY PRESSURE / SYSTEM SHORT,High
2025-12-19 07:00:00+00:00,921.38,409.38412222614767,1,1,0.9341778502407092,BUY PRESSURE / SYSTEM SHORT,High
2025-12-19 07:30:00+00:00,729.71,621.6689821594325,1,1,0.9735336958992141,BUY PRESSURE / SYSTEM SHORT,High
2025-12-19 08:00:00+00:00,213.03,82.1784468823428,1,1,0.5685326181720571,BUY PRESSURE / SYSTEM SHORT,Medium
2025-12-19 08:30:00+00:00,73.04,71.44661637663854,1,1,0.6786080278581555,BUY PRESSURE / SYSTEM SHORT,Medium
2025-12-19 09:00:00+00:00,-426.96,-325.1966801318566,0,0,0.12091748580758653,SELL PRESSURE / SYSTEM LONG,High
2025-12-19 09:30:00+00:00,-10.42,92.55991370273814,0,1,0.7270989406835876,BUY PRESSURE / SYSTEM SHORT,High
2025-12-19 10:00:00+00:00,117.62,61.182080950646224,1,1,0.6536943318569746,BUY PRESSURE / SYSTEM SHORT,Medium
2025-12-19 10:30:00+00:00,523.22,170.41735144162746,1,1,0.8823267097809112,BUY PRESSURE / SYSTEM SHORT,High
2025-12-19 11:00:00+00:00,800.17,654.3022057229875,1,1,0.9399166192480586,BUY PRESSURE / SYSTEM SHORT,High
2025-12-19 11:30:00+00:00,348.44,11.464265600012325,1,0,0.47357765616338193,SELL PRESSURE / SYSTEM LONG,Low
2025-12-19 12:00:00+00:00,-458.87,-258.2106171965281,0,0,0.16864844187830014,SELL PRESSURE / SYSTEM LONG,High
2025-12-19 12:30:00+00:00,-1091.39,-702.9441225144797,0,0,0.04569236279153127,SELL PRESSURE / SYSTEM LONG,High
2025-12-19 13:00:00+00:00,-1074.62,-772.1844505255904,0,0,0.026068078821785284,SELL PRESSURE / SYSTEM LONG,High
2025-12-19 13:30:00+00:00,-1213.29,-804.4866291436681,0,0,0.03308092168566419,SELL PRESSURE / SYSTEM LONG,High
2025-12-19 14:00:00+00:00,-1266.69,-1018.4050244860429,0,0,0.017147854838121625,SELL PRESSURE / SYSTEM LONG,High
2025-12-19 14:30:00+00:00,-856.15,-812.8812907804569,0,0,0.02259478623257437,SELL PRESSURE / SYSTEM LONG,High
2025-12-19 15:00:00+00:00,-1002.42,-858.9556909188369,0,0,0.027982781391904278,SELL PRESSURE / SYSTEM LONG,High
2025-12-19 15:30:00+00:00,-603.19,-438.58870974857496,0,0,0.058660123762219296,SELL PRESSURE / SYSTEM LONG,High
2025-12-19 16:00:00+00:00,-46.3,-181.78331043408426,0,0,0.1936739274102497,SELL PRESSURE / SYSTEM LONG,High
2025-12-19 16:30:00+00:00,-519.65,-386.79768807788605,0,0,0.09946519186187962,SELL PRESSURE / SYSTEM LONG,High
2025-12-19 17:00:00+00:00,-97.77,9.206820923296384,0,1,0.5207049184171908,BUY PRESSURE / SYSTEM SHORT,Low
2025-12-19 17:30:00+00:00,170.24,-13.06547340746031,1,1,0.5628751620689834,BUY PRESSURE / SYSTEM SHORT,Medium
2025-12-19 18:00:00+00:00,167.41,173.10530697257266,1,1,0.8643328890872443,BUY PRESSURE / SYSTEM SHORT,High
2025-12-19 18:30:00+00:00,124.13,153.52510807405486,1,1,0.8076256101750239,BUY PRESSURE / SYSTEM SHORT,High
2025-12-19 19:00:00+00:00,-17.34,126.4220343791657,0,1,0.7513925083997374,BUY PRESSURE / SYSTEM SHORT,High
2025-12-19 19:30:00+00:00,-252.08,-254.3798678335561,0,0,0.17393807213058615,SELL PRESSURE / SYSTEM LONG,High
2025-12-19 20:00:00+00:00,-279.14,-160.26659766092243,0,0,0.2223287704366771,SELL PRESSURE / SYSTEM LONG,High
2025-12-19 20:30:00+00:00,-437.77,-417.02622358807605,0,0,0.0829268014752582,SELL PRESSURE / SYSTEM LONG,High
2025-12-19 21:00:00+00:00,-266.02,-298.4710946143531,0,0,0.08339222517472863,SELL PRESSURE / SYSTEM LONG,High
2025-12-19 21:30:00+00:00,123.76,42.34552798470596,1,1,0.5861164302197406,BUY PRESSURE / SYSTEM SHORT,Medium
2025-12-19 22:00:00+00:00,-513.25,-234.78890835541057,0,0,0.10492173840855532,SELL PRESSURE / SYSTEM LONG,High
2025-12-19 22:30:00+00:00,234.0,217.01469357899393,1,1,0.7998196676509767,BUY PRESSURE / SYSTEM SHORT,High
2025-12-19 23:00:00+00:00,472.3,294.3307394673455,1,1,0.9423872970067038,BUY PRESSURE / SYSTEM SHORT,High
2025-12-19 23:30:00+00:00,237.44,221.04476847208932,1,1,0.8992600089776147,BUY PRESSURE / SYSTEM SHORT,High
2025-12-20 00:00:00+00:00,-170.23,-127.8322344710458,0,0,0.30174763403857385,SELL PRESSURE / SYSTEM LONG,Medium
2025-12-20 00:30:00+00:00,-484.15,-228.68575317947224,0,0,0.11328843774012957,SELL PRESSURE / SYSTEM LONG,High
2025-12-20 01:00:00+00:00,-1184.61,-782.488424120753,0,0,0.030425882798096708,SELL PRESSURE / SYSTEM LONG,High
2025-12-20 01:30:00+00:00,-742.23,-698.154799182943,0,0,0.028365155249173525,SELL PRESSURE / SYSTEM LONG,High
2025-12-20 02:00:00+00:00,-285.27,-317.27782758085374,0,0,0.08599211951698049,SELL PRESSURE / SYSTEM LONG,High
2025-12-20 02:30:00+00:00,-593.74,-661.7306371649458,0,0,0.03348821983775037,SELL PRESSURE / SYSTEM LONG,High
2025-12-20 03:00:00+00:00,-1206.32,-790.9594276660904,0,0,0.020004270655884848,SELL PRESSURE / SYSTEM LONG,High
2025-12-20 03:30:00+00:00,-1140.24,-842.8927514617961,0,0,0.012321635039152366,SELL PRESSURE / SYSTEM LONG,High
2025-12-20 04:00:00+00:00,-672.65,-563.7452736940398,0,0,0.022412211829256342,SELL PRESSURE / SYSTEM LONG,High
2025-12-20 04:30:00+00:00,-587.19,-380.6039236808179,0,0,0.05649703129474437,SELL PRESSURE / SYSTEM LONG,High
2025-12-20 05:00:00+00:00,-741.84,-564.9547072528986,0,0,0.049222526388287606,SELL PRESSURE / SYSTEM LONG,High
2025-12-20 05:30:00+00:00,-231.5,-373.55513521296746,0,0,0.06380834309961904,SELL PRESSURE / SYSTEM LONG,High
2025-12-20 06:00:00+00:00,-251.19,-531.4220992679199,0,0,0.0785981731677587,SELL PRESSURE / SYSTEM LONG,High
2025-12-20 06:30:00+00:00,-16.81,-171.31833778504978,0,0,0.23033282247224432,SELL PRESSURE / SYSTEM LONG,High
2025-12-20 07:00:00+00:00,-404.23,-239.3933159012478,0,0,0.12729823674668597,SELL PRESSURE / SYSTEM LONG,High
2025-12-20 07:30:00+00:00,-1038.57,-789.2655663477386,0,0,0.02272596710366357,SELL PRESSURE / SYSTEM LONG,High
2025-12-20 08:00:00+00:00,-1026.29,-803.560228379642,0,0,0.016541407997354703,SELL PRESSURE / SYSTEM LONG,High
2025-12-20 08:30:00+00:00,-611.05,-714.1187110756454,0,0,0.047038755671489824,SELL PRESSURE / SYSTEM LONG,High
2025-12-20 09:00:00+00:00,122.41,-81.91595430564712,1,0,0.4878665035874936,SELL PRESSURE / SYSTEM LONG,Low
2025-12-20 09:30:00+00:00,-326.54,-277.08090363353296,0,0,0.18104014367304405,SELL PRESSURE / SYSTEM LONG,High
2025-12-20 10:00:00+00:00,-126.04,-138.4262603814024,0,0,0.2395933531510271,SELL PRESSURE / SYSTEM LONG,High
2025-12-20 10:30:00+00:00,-117.02,-66.73270907530289,0,0,0.4167455417015097,SELL PRESSURE / SYSTEM LONG,Medium
2025-12-20 11:00:00+00:00,-428.26,-119.53509421042985,0,0,0.19634935771023643,SELL PRESSURE / SYSTEM LONG,High
2025-12-20 11:30:00+00:00,-1025.82,-665.3980686885337,0,0,0.02739412547259266,SELL PRESSURE / SYSTEM LONG,High
2025-12-20 12:00:00+00:00,-390.31,-385.4651339956025,0,0,0.06529020815099688,SELL PRESSURE / SYSTEM LONG,High
2025-12-20 12:30:00+00:00,-378.04,-437.48079489441994,0,0,0.026237564555467517,SELL PRESSURE / SYSTEM LONG,High
2025-12-20 13:00:00+00:00,-682.53,-513.2679294953253,0,0,0.018965847224129716,SELL PRESSURE / SYSTEM LONG,High
2025-12-20 13:30:00+00:00,-462.32,-598.9732255484572,0,0,0.01320538679869746,SELL PRESSURE / SYSTEM LONG,High
2025-12-20 14:00:00+00:00,-41.42,-239.2840763319685,0,0,0.10860243685914517,SELL PRESSURE / SYSTEM LONG,High
2025-12-20 14:30:00+00:00,50.69,68.64054283401065,1,1,0.6955349715308989,BUY PRESSURE / SYSTEM SHORT,Medium
2025-12-20 15:00:00+00:00,-103.52,-9.00692628366229,0,1,0.5717842594995679,BUY PRESSURE / SYSTEM SHORT,Medium
2025-12-20 15:30:00+00:00,-533.43,-511.62701516116095,0,0,0.05260156928484132,SELL PRESSURE / SYSTEM LONG,High
2025-12-20 16:00:00+00:00,-613.47,-352.90289022301874,0,0,0.09183486933547885,SELL PRESSURE / SYSTEM LONG,High
2025-12-20 16:30:00+00:00,-516.89,-435.42520312133604,0,0,0.07093834425739226,SELL PRESSURE / SYSTEM LONG,High
2025-12-20 17:00:00+00:00,-1053.06,-706.5787970978283,0,0,0.02944346718898588,SELL PRESSURE / SYSTEM LONG,High
2025-12-20 17:30:00+00:00,-359.09,-426.5089339815719,0,0,0.04863066013705902,SELL PRESSURE / SYSTEM LONG,High
2025-12-20 18:00:00+00:00,-215.29,-174.75245427920152,0,0,0.2589344223075868,SELL PRESSURE / SYSTEM LONG,High
2025-12-20 18:30:00+00:00,-571.47,-453.436427315997,0,0,0.029499512089708517,SELL PRESSURE / SYSTEM LONG,High
2025-12-20 19:00:00+00:00,-209.57,10.408053806456987,0,1,0.5923154401389003,BUY PRESSURE / SYSTEM SHORT,Medium
2025-12-20 19:30:00+00:00,-124.05,-303.2866045061297,0,0,0.09584356632128012,SELL PRESSURE / SYSTEM LONG,High
2025-12-20 20:00:00+00:00,-395.05,-310.7896328560321,0,0,0.11587020560824103,SELL PRESSURE / SYSTEM LONG,High
2025-12-20 20:30:00+00:00,-88.35,-240.37760171040088,0,0,0.14562431142158216,SELL PRESSURE / SYSTEM LONG,High
2025-12-20 21:00:00+00:00,508.76,210.3037258744754,1,1,0.8777171351882999,BUY PRESSURE / SYSTEM SHORT,High
2025-12-20 21:30:00+00:00,-200.02,-217.4290460713693,0,0,0.2490876426149586,SELL PRESSURE / SYSTEM LONG,High
2025-12-20 22:00:00+00:00,-861.24,-516.123467746396,0,0,0.08561144822873311,SELL PRESSURE / SYSTEM LONG,High
2025-12-20 22:30:00+00:00,-1202.53,-853.8622787183205,0,0,0.033216683586754364,SELL PRESSURE / SYSTEM LONG,High
2025-12-20 23:00:00+00:00,-571.11,-681.8581205026354,0,0,0.043419406092627434,SELL PRESSURE / SYSTEM LONG,High
2025-12-20 23:30:00+00:00,-375.88,-481.7751930260176,0,0,0.04798922668516835,SELL PRESSURE / SYSTEM LONG,High
2025-12-21 00:00:00+00:00,76.36,-72.3322486950181,1,0,0.4521755398044342,SELL PRESSURE / SYSTEM LONG,Low
2025-12-21 00:30:00+00:00,-166.27,-116.61983869638004,0,0,0.29464210044031425,SELL PRESSURE / SYSTEM LONG,High
2025-12-21 01:00:00+00:00,-1001.51,-729.4234825104073,0,0,0.05456658932658789,SELL PRESSURE / SYSTEM LONG,High
2025-12-21 01:30:00+00:00,-466.63,-555.9854512870628,0,0,0.018665481914662913,SELL PRESSURE / SYSTEM LONG,High
2025-12-21 02:00:00+00:00,-843.86,-523.6832894159236,0,0,0.030024596050679277,SELL PRESSURE / SYSTEM LONG,High
2025-12-21 02:30:00+00:00,-278.28,-418.47020307138104,0,0,0.018571792917358977,SELL PRESSURE / SYSTEM LONG,High
2025-12-21 03:00:00+00:00,-274.58,-341.24151690675603,0,0,0.08791913539584466,SELL PRESSURE / SYSTEM LONG,High
2025-12-21 03:30:00+00:00,-480.27,-245.79868255513026,0,0,0.0929265598712501,SELL PRESSURE / SYSTEM LONG,High
2025-12-21 04:00:00+00:00,-723.35,-565.5319228438115,0,0,0.02943743709445522,SELL PRESSURE / SYSTEM LONG,High
2025-12-21 04:30:00+00:00,-258.78,-266.9288140825652,0,0,0.1297798374202757,SELL PRESSURE / SYSTEM LONG,High
2025-12-21 05:00:00+00:00,297.37,156.18717909326563,1,1,0.8217874554880901,BUY PRESSURE / SYSTEM SHORT,High
2025-12-21 05:30:00+00:00,-210.15,-262.31214092154784,0,0,0.1548088092121603,SELL PRESSURE / SYSTEM LONG,High
2025-12-21 06:00:00+00:00,45.78,-149.72560570442116,1,0,0.24041596761374417,SELL PRESSURE / SYSTEM LONG,High
2025-12-21 06:30:00+00:00,229.1,243.94710457980923,1,1,0.8864523058482687,BUY PRESSURE / SYSTEM SHORT,High
2025-12-21 07:00:00+00:00,427.34,455.7808713890232,1,1,0.92007143523419,BUY PRESSURE / SYSTEM SHORT,High
2025-12-21 07:30:00+00:00,177.88,451.09549173799036,1,1,0.9552870870659247,BUY PRESSURE / SYSTEM SHORT,High
2025-12-21 08:00:00+00:00,507.75,250.98513767830175,1,1,0.9100268238909915,BUY PRESSURE / SYSTEM SHORT,High
2025-12-21 08:30:00+00:00,307.25,390.9651172220497,1,1,0.9597216766252876,BUY PRESSURE / SYSTEM SHORT,High
2025-12-21 09:00:00+00:00,-137.16,-80.19716446828444,0,0,0.28249294278344594,SELL PRESSURE / SYSTEM LONG,High
2025-12-21 09:30:00+00:00,-391.81,-302.84649003402063,0,0,0.2294448934229577,SELL PRESSURE / SYSTEM LONG,High
2025-12-21 10:00:00+00:00,-96.26,-314.33990838040575,0,0,0.0815435058968967,SELL PRESSURE / SYSTEM LONG,High
2025-12-21 10:30:00+00:00,411.0,266.5961646900913,1,1,0.8842066657463026,BUY PRESSURE / SYSTEM SHORT,High
2025-12-21 11:00:00+00:00,-125.54,-16.885583556550394,0,1,0.5859258912285413,BUY PRESSURE / SYSTEM SHORT,Medium
2025-12-21 11:30:00+00:00,-19.44,213.41797289298657,0,1,0.880832133514415,BUY PRESSURE / SYSTEM SHORT,High
2025-12-21 12:00:00+00:00,-242.14,-208.5613980592309,0,0,0.16346038296452078,SELL PRESSURE / SYSTEM LONG,High
2025-12-21 12:30:00+00:00,-243.2,-254.24158336945453,0,0,0.06907138668624778,SELL PRESSURE / SYSTEM LONG,High
2025-12-21 13:00:00+00:00,-485.64,-249.95537536579957,0,0,0.11938903047480007,SELL PRESSURE / SYSTEM LONG,High
2025-12-21 13:30:00+00:00,-121.53,-218.5137403096566,0,0,0.16815685898384067,SELL PRESSURE / SYSTEM LONG,High
2025-12-21 14:00:00+00:00,-414.32,-294.8892258204954,0,0,0.10287524143688033,SELL PRESSURE / SYSTEM LONG,High
2025-12-21 14:30:00+00:00,-651.72,-463.6922729368803,0,0,0.05478923507205501,SELL PRESSURE / SYSTEM LONG,High
2025-12-21 15:00:00+00:00,-576.55,-504.5684901068871,0,0,0.02735114242548112,SELL PRESSURE / SYSTEM LONG,High
2025-12-21 15:30:00+00:00,-561.81,-455.5816247539396,0,0,0.0351253630565615,SELL PRESSURE / SYSTEM LONG,High
2025-12-21 16:00:00+00:00,-821.57,-737.8558510051697,0,0,0.028512726790635025,SELL PRESSURE / SYSTEM LONG,High
2025-12-21 16:30:00+00:00,-697.7,-648.8687168699532,0,0,0.026392482361058785,SELL PRESSURE / SYSTEM LONG,High
2025-12-21 17:00:00+00:00,-145.74,59.31128833224044,0,1,0.7091494450139766,BUY PRESSURE / SYSTEM SHORT,High
2025-12-21 17:30:00+00:00,-30.99,57.15640100711507,0,1,0.7519571760670855,BUY PRESSURE / SYSTEM SHORT,High
2025-12-21 18:00:00+00:00,-160.93,-45.19807982683489,0,0,0.4301904196590612,SELL PRESSURE / SYSTEM LONG,Medium
2025-12-21 18:30:00+00:00,688.62,410.9402818351173,1,1,0.908082278439947,BUY PRESSURE / SYSTEM SHORT,High
2025-12-21 19:00:00+00:00,477.92,429.9548408816905,1,1,0.9426657361785854,BUY PRESSURE / SYSTEM SHORT,High
2025-12-21 19:30:00+00:00,-81.11,141.64171832637686,0,1,0.7446015203864669,BUY PRESSURE / SYSTEM SHORT,High
2025-12-21 20:00:00+00:00,-50.46,-13.182236868897487,0,0,0.45014196610460183,SELL PRESSURE / SYSTEM LONG,Low
2025-12-21 20:30:00+00:00,-516.6,-321.6880661830104,0,0,0.11787565757817133,SELL PRESSURE / SYSTEM LONG,High
2025-12-21 21:00:00+00:00,-357.92,-338.77532499023323,0,0,0.09319227541774623,SELL PRESSURE / SYSTEM LONG,High
2025-12-21 21:30:00+00:00,-437.36,-187.53565504822845,0,0,0.25364713071487677,SELL PRESSURE / SYSTEM LONG,High
2025-12-21 22:00:00+00:00,-527.13,-320.76650291382686,0,0,0.10145232008155088,SELL PRESSURE / SYSTEM LONG,High
2025-12-21 22:30:00+00:00,-8.97,173.70340999426585,0,1,0.691214162236905,BUY PRESSURE / SYSTEM SHORT,Medium
2025-12-21 23:00:00+00:00,-127.69,-183.8952952736191,0,0,0.2720935968363718,SELL PRESSURE / SYSTEM LONG,High
2025-12-21 23:30:00+00:00,95.97,96.71583535044483,1,1,0.6847331294350899,BUY PRESSURE / SYSTEM SHORT,Medium
2025-12-22 00:00:00+00:00,177.96,-34.5085702410766,1,1,0.5770607965009601,BUY PRESSURE / SYSTEM SHORT,Medium
2025-12-22 00:30:00+00:00,-430.87,-439.00949487095795,0,0,0.12951698741255194,SELL PRESSURE / SYSTEM LONG,High
2025-12-22 01:00:00+00:00,-481.55,-438.3563351058617,0,0,0.048209269043671225,SELL PRESSURE / SYSTEM LONG,High
2025-12-22 01:30:00+00:00,-524.39,-381.0542760021175,0,0,0.05821787683081448,SELL PRESSURE / SYSTEM LONG,High
2025-12-22 02:00:00+00:00,-20.53,-152.4695651379725,0,0,0.23144811368534848,SELL PRESSURE / SYSTEM LONG,High
2025-12-22 02:30:00+00:00,372.0,-88.81819071998223,1,0,0.34132851679758375,SELL PRESSURE / SYSTEM LONG,Medium
2025-12-22 03:00:00+00:00,276.31,412.13165208384424,1,1,0.9305906776200863,BUY PRESSURE / SYSTEM SHORT,High
2025-12-22 03:30:00+00:00,848.28,576.2573763956333,1,1,0.9556031940141955,BUY PRESSURE / SYSTEM SHORT,High
2025-12-22 04:00:00+00:00,103.56,229.12986016695675,1,1,0.888080327362611,BUY PRESSURE / SYSTEM SHORT,High
2025-12-22 04:30:00+00:00,65.9,30.967180381913554,1,1,0.6517163633473548,BUY PRESSURE / SYSTEM SHORT,Medium
2025-12-22 05:00:00+00:00,54.52,-243.81095570559165,1,0,0.135230308709961,SELL PRESSURE / SYSTEM LONG,High
2025-12-22 05:30:00+00:00,265.71,152.58796513103906,1,1,0.8516905565302185,BUY PRESSURE / SYSTEM SHORT,High
2025-12-22 06:00:00+00:00,-570.05,-301.0421677611586,0,0,0.146823859491657,SELL PRESSURE / SYSTEM LONG,High
2025-12-22 06:30:00+00:00,356.74,-45.13587245167891,1,0,0.49211196626478587,SELL PRESSURE / SYSTEM LONG,Low
2025-12-22 07:00:00+00:00,920.24,602.074581160769,1,1,0.9456467221350777,BUY PRESSURE / SYSTEM SHORT,High
2025-12-22 07:30:00+00:00,50.57,348.2639798296535,1,1,0.944262421741616,BUY PRESSURE / SYSTEM SHORT,High
2025-12-22 08:00:00+00:00,379.82,281.3638242006765,1,1,0.8573275862130213,BUY PRESSURE / SYSTEM SHORT,High
2025-12-22 08:30:00+00:00,538.67,367.4571633069788,1,1,0.9553603493693837,BUY PRESSURE / SYSTEM SHORT,High
2025-12-22 09:00:00+00:00,802.02,589.4973204378952,1,1,0.9652947875127161,BUY PRESSURE / SYSTEM SHORT,High
2025-12-22 09:30:00+00:00,261.17,435.3693399714524,1,1,0.954311180292283,BUY PRESSURE / SYSTEM SHORT,High
2025-12-22 10:00:00+00:00,-30.37,-48.211412713446286,0,1,0.5036208929384061,BUY PRESSURE / SYSTEM SHORT,Low
2025-12-22 10:30:00+00:00,-432.01,-239.16555745824695,0,0,0.09673428950937321,SELL PRESSURE / SYSTEM LONG,High
2025-12-22 11:00:00+00:00,-774.73,-497.05944556640526,0,0,0.038017249502381896,SELL PRESSURE / SYSTEM LONG,High
2025-12-22 11:30:00+00:00,-357.77,-370.81342904750835,0,0,0.052799380931671525,SELL PRESSURE / SYSTEM LONG,High
2025-12-22 12:00:00+00:00,-183.67,-329.03396737977414,0,0,0.06100292356449635,SELL PRESSURE / SYSTEM LONG,High
2025-12-22 12:30:00+00:00,-13.1,-269.27713560594793,0,0,0.08165114171854153,SELL PRESSURE / SYSTEM LONG,High
2025-12-22 13:00:00+00:00,-240.33,-348.1889067288554,0,0,0.08184650850697367,SELL PRESSURE / SYSTEM LONG,High
2025-12-22 13:30:00+00:00,-187.92,-216.47344799009335,0,0,0.17425620715786638,SELL PRESSURE / SYSTEM LONG,High
2025-12-22 14:00:00+00:00,-173.71,-49.73400033582804,0,0,0.39230310194444884,SELL PRESSURE / SYSTEM LONG,Medium
2025-12-22 14:30:00+00:00,-226.98,-392.3666806780192,0,0,0.09690748489704205,SELL PRESSURE / SYSTEM LONG,High
2025-12-22 15:00:00+00:00,-131.93,-141.34219976065467,0,0,0.23934427336052636,SELL PRESSURE / SYSTEM LONG,High
2025-12-22 15:30:00+00:00,-646.96,-473.55904432801276,0,0,0.06209458419298499,SELL PRESSURE / SYSTEM LONG,High
2025-12-22 16:00:00+00:00,-528.65,-489.51190167538965,0,0,0.04116018650795491,SELL PRESSURE / SYSTEM LONG,High
2025-12-22 16:30:00+00:00,-413.15,-412.29436905056644,0,0,0.04043014554347574,SELL PRESSURE / SYSTEM LONG,High
2025-12-22 17:00:00+00:00,-131.94,-188.42848214341072,0,0,0.2588327474105139,SELL PRESSURE / SYSTEM LONG,High
2025-12-22 17:30:00+00:00,-402.93,-250.99377336272318,0,0,0.1585831517334032,SELL PRESSURE / SYSTEM LONG,High
2025-12-22 18:00:00+00:00,97.58,-170.84914048055782,1,0,0.28363054741527954,SELL PRESSURE / SYSTEM LONG,High
2025-12-22 18:30:00+00:00,-46.99,-74.52027058229876,0,0,0.4843483515281466,SELL PRESSURE / SYSTEM LONG,Low
2025-12-22 19:00:00+00:00,431.96,364.7655332883886,1,1,0.8608657659132409,BUY PRESSURE / SYSTEM SHORT,High
2025-12-22 19:30:00+00:00,602.31,547.2553999053553,1,1,0.9617011604163688,BUY PRESSURE / SYSTEM SHORT,High
2025-12-22 20:00:00+00:00,461.04,256.5010147659527,1,1,0.9159054689969466,BUY PRESSURE / SYSTEM SHORT,High
2025-12-22 20:30:00+00:00,404.52,482.3703999749659,1,1,0.9724516108111306,BUY PRESSURE / SYSTEM SHORT,High
2025-12-22 21:00:00+00:00,214.74,122.8713684948061,1,1,0.7974648289072584,BUY PRESSURE / SYSTEM SHORT,High
2025-12-22 21:30:00+00:00,338.73,271.72330713055743,1,1,0.8969446321278782,BUY PRESSURE / SYSTEM SHORT,High
2025-12-22 22:00:00+00:00,236.54,343.2056097339469,1,1,0.896362944176215,BUY PRESSURE / SYSTEM SHORT,High
2025-12-22 22:30:00+00:00,525.66,496.0477881424932,1,1,0.9342599785554796,BUY PRESSURE / SYSTEM SHORT,High
2025-12-22 23:00:00+00:00,-23.24,23.6919029388208,0,1,0.5106945524397734,BUY PRESSURE / SYSTEM SHORT,Low
2025-12-22 23:30:00+00:00,152.92,95.10478762800905,1,1,0.7716743187359899,BUY PRESSURE / SYSTEM SHORT,High
2025-12-23 00:00:00+00:00,-513.37,-257.6917078148785,0,0,0.1880401789293162,SELL PRESSURE / SYSTEM LONG,High
2025-12-23 00:30:00+00:00,-561.6,-317.4852295404877,0,0,0.09694928954697919,SELL PRESSURE / SYSTEM LONG,High
2025-12-23 01:00:00+00:00,-223.91,-424.92432184322877,0,0,0.051831781957479485,SELL PRESSURE / SYSTEM LONG,High
2025-12-23 01:30:00+00:00,88.53,22.327763763956312,1,0,0.4933088559033617,SELL PRESSURE / SYSTEM LONG,Low
2025-12-23 02:00:00+00:00,-148.64,-186.60196329447288,0,0,0.22007954885572772,SELL PRESSURE / SYSTEM LONG,High
2025-12-23 02:30:00+00:00,-406.05,-317.621549985907,0,0,0.07336443569944477,SELL PRESSURE / SYSTEM LONG,High
2025-12-23 03:00:00+00:00,-785.02,-584.2398498610731,0,0,0.022900292288883527,SELL PRESSURE / SYSTEM LONG,High
2025-12-23 03:30:00+00:00,-431.1,-239.2054996265073,0,0,0.16205944225450594,SELL PRESSURE / SYSTEM LONG,High
2025-12-23 04:00:00+00:00,-1152.06,-841.2349096021313,0,0,0.036697142122097265,SELL PRESSURE / SYSTEM LONG,High
2025-12-23 04:30:00+00:00,-714.45,-766.3167047155152,0,0,0.021021549859259456,SELL PRESSURE / SYSTEM LONG,High
2025-12-23 05:00:00+00:00,-343.13,-318.61372684160057,0,0,0.09774135698036951,SELL PRESSURE / SYSTEM LONG,High
2025-12-23 05:30:00+00:00,-288.37,-313.9582790823844,0,0,0.044354228761174584,SELL PRESSURE / SYSTEM LONG,High
2025-12-23 06:00:00+00:00,-257.59,-275.438928237758,0,0,0.10818414939808127,SELL PRESSURE / SYSTEM LONG,High
2025-12-23 06:30:00+00:00,-161.02,58.552038034776345,0,1,0.6674919097406012,BUY PRESSURE / SYSTEM SHORT,Medium
2025-12-23 07:00:00+00:00,-73.23,-154.764053514328,0,0,0.2077145166797463,SELL PRESSURE / SYSTEM LONG,High
2025-12-23 07:30:00+00:00,44.22,40.98537553371397,1,1,0.6029108036229129,BUY PRESSURE / SYSTEM SHORT,Medium
2025-12-23 08:00:00+00:00,28.91,67.18134192616263,1,1,0.7061967403542206,BUY PRESSURE / SYSTEM SHORT,High
2025-12-23 08:30:00+00:00,-199.31,73.70198820930433,0,1,0.7146666659699287,BUY PRESSURE / SYSTEM SHORT,High
2025-12-23 09:00:00+00:00,-34.6,-266.28157664318076,0,0,0.10070086269359296,SELL PRESSURE / SYSTEM LONG,High
2025-12-23 09:30:00+00:00,313.8,297.17209214471507,1,1,0.8964838961121037,BUY PRESSURE / SYSTEM SHORT,High
2025-12-23 10:00:00+00:00,196.04,287.72241402070665,1,1,0.8823476202894667,BUY PRESSURE / SYSTEM SHORT,High
2025-12-23 10:30:00+00:00,401.77,427.70533241971464,1,1,0.9363239553586168,BUY PRESSURE / SYSTEM SHORT,High
2025-12-23 11:00:00+00:00,461.14,425.72016280022734,1,1,0.9400518353584016,BUY PRESSURE / SYSTEM SHORT,High
2025-12-23 11:30:00+00:00,574.12,530.3021443095726,1,1,0.9474129933790931,BUY PRESSURE / SYSTEM SHORT,High
2025-12-23 12:00:00+00:00,5.2,207.6232076035905,1,1,0.8911346435257933,BUY PRESSURE / SYSTEM SHORT,High
2025-12-23 12:30:00+00:00,-60.54,-277.44372055745697,0,0,0.12228911394567302,SELL PRESSURE / SYSTEM LONG,High
2025-12-23 13:00:00+00:00,-369.42,-426.5018321852597,0,0,0.04550010322309934,SELL PRESSURE / SYSTEM LONG,High
2025-12-23 13:30:00+00:00,-519.33,-336.64479781471374,0,0,0.05665283918684958,SELL PRESSURE / SYSTEM LONG,High
2025-12-23 14:00:00+00:00,-733.86,-709.2796463316756,0,0,0.028090905904018068,SELL PRESSURE / SYSTEM LONG,High
2025-12-23 14:30:00+00:00,-490.32,-497.55345053713523,0,0,0.015568014252647611,SELL PRESSURE / SYSTEM LONG,High
2025-12-23 15:00:00+00:00,-82.8,-51.24604256773429,0,0,0.39394504297996447,SELL PRESSURE / SYSTEM LONG,Medium
2025-12-23 15:30:00+00:00,233.79,23.49235699774903,1,1,0.619500052904868,BUY PRESSURE / SYSTEM SHORT,Medium
2025-12-23 16:00:00+00:00,894.1,528.8137813388777,1,1,0.942548112163226,BUY PRESSURE / SYSTEM SHORT,High
2025-12-23 16:30:00+00:00,725.49,178.89918760089049,1,1,0.8508512169166903,BUY PRESSURE / SYSTEM SHORT,High
2025-12-23 17:00:00+00:00,91.9,275.10007544214136,1,1,0.8546526859007463,BUY PRESSURE / SYSTEM SHORT,High
2025-12-23 17:30:00+00:00,82.07,190.6362123895509,1,1,0.7813096500624529,BUY PRESSURE / SYSTEM SHORT,High
2025-12-23 18:00:00+00:00,120.71,247.02890326859375,1,1,0.8401551374539643,BUY PRESSURE / SYSTEM SHORT,High
2025-12-23 18:30:00+00:00,311.75,350.85472781683063,1,1,0.8933069945201793,BUY PRESSURE / SYSTEM SHORT,High
2025-12-23 19:00:00+00:00,360.06,308.9165824093587,1,1,0.8905061318154205,BUY PRESSURE / SYSTEM SHORT,High
2025-12-23 19:30:00+00:00,651.19,512.09414249434,1,1,0.9452694833064663,BUY PRESSURE / SYSTEM SHORT,High
2025-12-23 20:00:00+00:00,16.52,303.1015220341853,1,1,0.9353533393626005,BUY PRESSURE / SYSTEM SHORT,High
2025-12-23 20:30:00+00:00,-218.55,-224.3121442608586,0,0,0.18048060903892144,SELL PRESSURE / SYSTEM LONG,High
2025-12-23 21:00:00+00:00,-330.05,-40.03383352981214,0,0,0.4718450835230301,SELL PRESSURE / SYSTEM LONG,Low
2025-12-23 21:30:00+00:00,197.65,135.72512431569277,1,1,0.7780225067147538,BUY PRESSURE / SYSTEM SHORT,High
2025-12-23 22:00:00+00:00,-267.0,-220.18589773236826,0,0,0.16713268873636547,SELL PRESSURE / SYSTEM LONG,High
2025-12-23 22:30:00+00:00,-4.65,-180.7974192025513,0,0,0.14531365055800766,SELL PRESSURE / SYSTEM LONG,High
2025-12-23 23:00:00+00:00,-68.12,-7.827992107777951,0,1,0.5423404731100216,BUY PRESSURE / SYSTEM SHORT,Low
2025-12-23 23:30:00+00:00,-340.57,-282.5993602046148,0,0,0.08040419171382802,SELL PRESSURE / SYSTEM LONG,High
2025-12-24 00:00:00+00:00,-79.09,-39.481733282673936,0,0,0.4555602480427806,SELL PRESSURE / SYSTEM LONG,Low
2025-12-24 00:30:00+00:00,-409.15,-3.232133743737333,0,1,0.6178003934723528,BUY PRESSURE / SYSTEM SHORT,Medium
2025-12-24 01:00:00+00:00,-44.34,-242.1264474988047,0,0,0.16871569214691495,SELL PRESSURE / SYSTEM LONG,High
2025-12-24 01:30:00+00:00,-481.28,-463.880654912687,0,0,0.08085986679139774,SELL PRESSURE / SYSTEM LONG,High
2025-12-24 02:00:00+00:00,-778.52,-629.5156292195015,0,0,0.029289255667799476,SELL PRESSURE / SYSTEM LONG,High
2025-12-24 02:30:00+00:00,-480.85,-482.2529746783116,0,0,0.02539937944264685,SELL PRESSURE / SYSTEM LONG,High
2025-12-24 03:00:00+00:00,-124.21,-197.24405457653864,0,0,0.2868880489765321,SELL PRESSURE / SYSTEM LONG,High
2025-12-24 03:30:00+00:00,-423.15,-207.09707976076243,0,0,0.14560551696027393,SELL PRESSURE / SYSTEM LONG,High
2025-12-24 04:00:00+00:00,-394.35,-452.0135342063896,0,0,0.024693798047098613,SELL PRESSURE / SYSTEM LONG,High
2025-12-24 04:30:00+00:00,-474.53,-315.07610509004394,0,0,0.06870437030715384,SELL PRESSURE / SYSTEM LONG,High
2025-12-24 05:00:00+00:00,-232.64,-298.82372947610855,0,0,0.06908504963923068,SELL PRESSURE / SYSTEM LONG,High
2025-12-24 05:30:00+00:00,-289.36,-300.82959596814015,0,0,0.11535768307824287,SELL PRESSURE / SYSTEM LONG,High
2025-12-24 06:00:00+00:00,-433.08,-413.86264699325665,0,0,0.07420283827914582,SELL PRESSURE / SYSTEM LONG,High
2025-12-24 06:30:00+00:00,-83.24,-266.7861054591129,0,0,0.18529053339871937,SELL PRESSURE / SYSTEM LONG,High
2025-12-24 07:00:00+00:00,488.68,263.5342078594965,1,1,0.8975451110822716,BUY PRESSURE / SYSTEM SHORT,High
2025-12-24 07:30:00+00:00,84.76,142.50915227896834,1,1,0.7840751214582679,BUY PRESSURE / SYSTEM SHORT,High
2025-12-24 08:00:00+00:00,118.31,-83.07175057189666,1,0,0.3425550580544245,SELL PRESSURE / SYSTEM LONG,Medium
2025-12-24 08:30:00+00:00,359.25,286.7345738283084,1,1,0.919921359355075,BUY PRESSURE / SYSTEM SHORT,High
2025-12-24 09:00:00+00:00,-173.87,-95.91391145236841,0,0,0.26074770414846693,SELL PRESSURE / SYSTEM LONG,High
2025-12-24 09:30:00+00:00,-807.99,-616.9818230122805,0,0,0.05823220305713131,SELL PRESSURE / SYSTEM LONG,High
2025-12-24 10:00:00+00:00,-1056.5,-827.5113970251325,0,0,0.020534930886793673,SELL PRESSURE / SYSTEM LONG,High
2025-12-24 10:30:00+00:00,-640.22,-529.7493825286734,0,0,0.019117805000456737,SELL PRESSURE / SYSTEM LONG,High
2025-12-24 11:00:00+00:00,-955.49,-719.4726570497719,0,0,0.02358523016338489,SELL PRESSURE / SYSTEM LONG,High
2025-12-24 11:30:00+00:00,-308.32,-485.5014065828747,0,0,0.03458475965517535,SELL PRESSURE / SYSTEM LONG,High
2025-12-24 12:00:00+00:00,-293.45,-230.07552535580754,0,0,0.08939194961766335,SELL PRESSURE / SYSTEM LONG,High
2025-12-24 12:30:00+00:00,-273.22,-188.5517987595517,0,0,0.21631998820845677,SELL PRESSURE / SYSTEM LONG,High
2025-12-24 13:00:00+00:00,231.71,53.704609734182725,1,1,0.6938580035499858,BUY PRESSURE / SYSTEM SHORT,Medium
2025-12-24 13:30:00+00:00,-19.48,36.748978781652475,0,1,0.688341352053054,BUY PRESSURE / SYSTEM SHORT,Medium
2025-12-24 14:00:00+00:00,-346.17,-546.5286122404232,0,0,0.04999265840864551,SELL PRESSURE / SYSTEM LONG,High
2025-12-24 14:30:00+00:00,-87.51,-346.63538637173804,0,0,0.0485896100480775,SELL PRESSURE / SYSTEM LONG,High
2025-12-24 15:00:00+00:00,44.91,152.86218113563334,1,1,0.8204579145918042,BUY PRESSURE / SYSTEM SHORT,High
2025-12-24 15:30:00+00:00,122.87,217.51536123237108,1,1,0.8422608329068083,BUY PRESSURE / SYSTEM SHORT,High
2025-12-24 16:00:00+00:00,988.15,572.6138761918112,1,1,0.931697505571865,BUY PRESSURE / SYSTEM SHORT,High
2025-12-24 16:30:00+00:00,563.69,333.06599161066435,1,1,0.9335507138678544,BUY PRESSURE / SYSTEM SHORT,High
2025-12-24 17:00:00+00:00,-133.8,-7.892064524639842,0,1,0.5568318049241988,BUY PRESSURE / SYSTEM SHORT,Medium
2025-12-24 17:30:00+00:00,-525.47,-131.6541878797231,0,0,0.3510387214484815,SELL PRESSURE / SYSTEM LONG,Medium
2025-12-24 18:00:00+00:00,5.82,-333.4757064562988,1,0,0.1615767000281619,SELL PRESSURE / SYSTEM LONG,High
2025-12-24 18:30:00+00:00,352.32,278.5293501443748,1,1,0.8289263955410753,BUY PRESSURE / SYSTEM SHORT,High
2025-12-24 19:00:00+00:00,681.03,547.6519617000141,1,1,0.9630410862151818,BUY PRESSURE / SYSTEM SHORT,High
2025-12-24 19:30:00+00:00,265.61,337.3441629587234,1,1,0.9174540654350569,BUY PRESSURE / SYSTEM SHORT,High
2025-12-24 20:00:00+00:00,568.0,526.5435480458159,1,1,0.967984921661782,BUY PRESSURE / SYSTEM SHORT,High
2025-12-24 20:30:00+00:00,372.36,340.91057948480443,1,1,0.9190407657784024,BUY PRESSURE / SYSTEM SHORT,High
2025-12-24 21:00:00+00:00,195.09,264.14929544418777,1,1,0.8969872082839653,BUY PRESSURE / SYSTEM SHORT,High
2025-12-24 21:30:00+00:00,-132.93,-31.235594394160266,0,0,0.47726623844369265,SELL PRESSURE / SYSTEM LONG,Low
2025-12-24 22:00:00+00:00,31.6,135.04665229843948,1,1,0.7958417235538873,BUY PRESSURE / SYSTEM SHORT,High
2025-12-24 22:30:00+00:00,-252.64,-325.7683358969258,0,0,0.1273256210451613,SELL PRESSURE / SYSTEM LONG,High
2025-12-24 23:00:00+00:00,-171.24,-195.39758727837642,0,0,0.20687537478692777,SELL PRESSURE / SYSTEM LONG,High
2025-12-24 23:30:00+00:00,-703.41,-506.295826630593,0,0,0.08439925336910539,SELL PRESSURE / SYSTEM LONG,High
2025-12-25 00:00:00+00:00,-791.22,-596.1553535331205,0,0,0.05090870302148023,SELL PRESSURE / SYSTEM LONG,High
2025-12-25 00:30:00+00:00,-618.76,-531.6833673155325,0,0,0.06334983642165089,SELL PRESSURE / SYSTEM LONG,High
2025-12-25 01:00:00+00:00,-211.31,-128.60435515785252,0,0,0.3267800169630503,SELL PRESSURE / SYSTEM LONG,Medium
2025-12-25 01:30:00+00:00,-776.43,-708.9393749628651,0,0,0.02552979886334253,SELL PRESSURE / SYSTEM LONG,High
2025-12-25 02:00:00+00:00,-1546.96,-876.8338514620405,0,0,0.015173228023681403,SELL PRESSURE / SYSTEM LONG,High
2025-12-25 02:30:00+00:00,-379.24,-504.67301088143,0,0,0.0361316183814876,SELL PRESSURE / SYSTEM LONG,High
2025-12-25 03:00:00+00:00,638.78,248.46772298188105,1,1,0.7575637744462688,BUY PRESSURE / SYSTEM SHORT,High
2025-12-25 03:30:00+00:00,94.33,191.36508227817808,1,1,0.8348566335326316,BUY PRESSURE / SYSTEM SHORT,High
2025-12-25 04:00:00+00:00,825.89,474.30083368879076,1,1,0.9218590820196159,BUY PRESSURE / SYSTEM SHORT,High
2025-12-25 04:30:00+00:00,822.14,721.9631812408478,1,1,0.9645574870562996,BUY PRESSURE / SYSTEM SHORT,High
2025-12-25 05:00:00+00:00,818.18,645.8967911052655,1,1,0.9514287602411707,BUY PRESSURE / SYSTEM SHORT,High
2025-12-25 05:30:00+00:00,677.44,639.3708507752413,1,1,0.9653726087768111,BUY PRESSURE / SYSTEM SHORT,High
2025-12-25 06:00:00+00:00,839.09,713.4854482449605,1,1,0.9719711879587579,BUY PRESSURE / SYSTEM SHORT,High
2025-12-25 06:30:00+00:00,55.0,319.96722817065745,1,1,0.931008359101456,BUY PRESSURE / SYSTEM SHORT,High
2025-12-25 07:00:00+00:00,103.88,261.36065341217096,1,1,0.8616286751277247,BUY PRESSURE / SYSTEM SHORT,High
2025-12-25 07:30:00+00:00,-311.75,-100.28455364089358,0,0,0.2911707082191572,SELL PRESSURE / SYSTEM LONG,High
2025-12-25 08:00:00+00:00,-258.96,-183.2579310878295,0,0,0.28890647702524835,SELL PRESSURE / SYSTEM LONG,High
2025-12-25 08:30:00+00:00,-361.7,-198.9542663286297,0,0,0.1681265109558091,SELL PRESSURE / SYSTEM LONG,High
2025-12-25 09:00:00+00:00,-86.42,-176.31740405784115,0,0,0.2566742745906803,SELL PRESSURE / SYSTEM LONG,High
2025-12-25 09:30:00+00:00,-231.37,-170.13631323955317,0,0,0.21190089871122328,SELL PRESSURE / SYSTEM LONG,High
2025-12-25 10:00:00+00:00,13.31,-77.60014852815172,1,0,0.42467063797971766,SELL PRESSURE / SYSTEM LONG,Medium
2025-12-25 10:30:00+00:00,-189.41,54.43998762822354,0,1,0.6392004684698854,BUY PRESSURE / SYSTEM SHORT,Medium
2025-12-25 11:00:00+00:00,-66.51,-159.94618663745445,0,0,0.16836612589222524,SELL PRESSURE / SYSTEM LONG,High
2025-12-25 11:30:00+00:00,-82.37,-207.3236272506477,0,0,0.15121393530781171,SELL PRESSURE / SYSTEM LONG,High
2025-12-25 12:00:00+00:00,-326.99,-294.2298886861885,0,0,0.092423944144086,SELL PRESSURE / SYSTEM LONG,High
2025-12-25 12:30:00+00:00,-595.41,-618.0571240716364,0,0,0.02708478317433765,SELL PRESSURE / SYSTEM LONG,High
2025-12-25 13:00:00+00:00,-659.74,-566.507292882492,0,0,0.023520071854775008,SELL PRESSURE / SYSTEM LONG,High
2025-12-25 13:30:00+00:00,-934.21,-903.9643948529778,0,0,0.030582398712951545,SELL PRESSURE / SYSTEM LONG,High
2025-12-25 14:00:00+00:00,-523.4,-423.324982075548,0,0,0.03500304744412657,SELL PRESSURE / SYSTEM LONG,High
2025-12-25 14:30:00+00:00,-101.24,-144.86185409975178,0,0,0.29263202188940857,SELL PRESSURE / SYSTEM LONG,High
2025-12-25 15:00:00+00:00,-38.31,-270.8211525138042,0,0,0.10526068051996193,SELL PRESSURE / SYSTEM LONG,High
2025-12-25 15:30:00+00:00,-358.09,-399.7935432221664,0,0,0.13803422919894748,SELL PRESSURE / SYSTEM LONG,High
2025-12-25 16:00:00+00:00,-358.01,-237.63501037266752,0,0,0.24043114041017624,SELL PRESSURE / SYSTEM LONG,High
2025-12-25 16:30:00+00:00,122.46,-151.7866580277092,1,0,0.2414780717165744,SELL PRESSURE / SYSTEM LONG,High
2025-12-25 17:00:00+00:00,-15.04,-192.84241578350563,0,0,0.1995053721368681,SELL PRESSURE / SYSTEM LONG,High
2025-12-25 17:30:00+00:00,-134.73,11.735866749030409,0,1,0.5534897399072188,BUY PRESSURE / SYSTEM SHORT,Medium
2025-12-25 18:00:00+00:00,-212.76,-147.31988838668263,0,0,0.3434008612614064,SELL PRESSURE / SYSTEM LONG,Medium
2025-12-25 18:30:00+00:00,-301.02,-330.0868421870034,0,0,0.13466982615926834,SELL PRESSURE / SYSTEM LONG,High
2025-12-25 19:00:00+00:00,-319.67,-139.84233543831314,0,0,0.3312694241440218,SELL PRESSURE / SYSTEM LONG,Medium
2025-12-25 19:30:00+00:00,187.16,54.27645533351033,1,1,0.7701930058216381,BUY PRESSURE / SYSTEM SHORT,High
2025-12-25 20:00:00+00:00,-315.41,-29.1795081788754,0,0,0.4599490855614756,SELL PRESSURE / SYSTEM LONG,Low
2025-12-25 20:30:00+00:00,-255.12,-203.64095127618336,0,0,0.16863374453756783,SELL PRESSURE / SYSTEM LONG,High
2025-12-25 21:00:00+00:00,152.5,84.86440517419507,1,1,0.6054395860648588,BUY PRESSURE / SYSTEM SHORT,Medium
2025-12-25 21:30:00+00:00,-203.05,-13.867528635352496,0,0,0.48228826239589295,SELL PRESSURE / SYSTEM LONG,Low
2025-12-25 22:00:00+00:00,-362.19,-284.28339049486175,0,0,0.09563318909129541,SELL PRESSURE / SYSTEM LONG,High
2025-12-25 22:30:00+00:00,-105.72,-115.83805342105526,0,0,0.3171899819403098,SELL PRESSURE / SYSTEM LONG,Medium
2025-12-25 23:00:00+00:00,-618.69,-519.8992329395618,0,0,0.08856448137557804,SELL PRESSURE / SYSTEM LONG,High
2025-12-25 23:30:00+00:00,-157.62,-350.38276682134716,0,0,0.074452512948329,SELL PRESSURE / SYSTEM LONG,High
2025-12-26 00:00:00+00:00,287.83,269.4736364771031,1,1,0.8924638933126225,BUY PRESSURE / SYSTEM SHORT,High
2025-12-26 00:30:00+00:00,50.13,253.98188371800725,1,1,0.8553041332687549,BUY PRESSURE / SYSTEM SHORT,High
2025-12-26 01:00:00+00:00,249.82,290.7463521425573,1,1,0.8810250679414346,BUY PRESSURE / SYSTEM SHORT,High
2025-12-26 01:30:00+00:00,250.4,177.67255896758797,1,1,0.8771594736234511,BUY PRESSURE / SYSTEM SHORT,High
2025-12-26 02:00:00+00:00,330.77,168.16812531763873,1,1,0.8700494903968381,BUY PRESSURE / SYSTEM SHORT,High
2025-12-26 02:30:00+00:00,478.1,615.8732943662519,1,1,0.9597937885685909,BUY PRESSURE / SYSTEM SHORT,High
2025-12-26 03:00:00+00:00,-6.32,-83.01554617558719,0,0,0.4046172304403682,SELL PRESSURE / SYSTEM LONG,Medium
2025-12-26 03:30:00+00:00,-610.12,-400.6849903215388,0,0,0.09450075023008817,SELL PRESSURE / SYSTEM LONG,High
2025-12-26 04:00:00+00:00,-779.23,-456.6801375765996,0,0,0.05018023938645119,SELL PRESSURE / SYSTEM LONG,High
2025-12-26 04:30:00+00:00,-362.94,-378.2004898938139,0,0,0.08316706733953357,SELL PRESSURE / SYSTEM LONG,High
2025-12-26 05:00:00+00:00,-286.64,-249.4288001293524,0,0,0.10455605109544469,SELL PRESSURE / SYSTEM LONG,High
2025-12-26 05:30:00+00:00,-1044.24,-717.5009649401617,0,0,0.03300812897174772,SELL PRESSURE / SYSTEM LONG,High
2025-12-26 06:00:00+00:00,-779.59,-461.819414125726,0,0,0.02902697748325167,SELL PRESSURE / SYSTEM LONG,High
2025-12-26 06:30:00+00:00,-381.39,-435.59947773630086,0,0,0.03633789707309731,SELL PRESSURE / SYSTEM LONG,High
2025-12-26 07:00:00+00:00,145.94,68.51545130533104,1,1,0.7039205682382527,BUY PRESSURE / SYSTEM SHORT,High
2025-12-26 07:30:00+00:00,-15.59,95.63404821838353,0,1,0.7433747285217703,BUY PRESSURE / SYSTEM SHORT,High
2025-12-26 08:00:00+00:00,238.73,128.82939456134167,1,1,0.7876675714010624,BUY PRESSURE / SYSTEM SHORT,High
2025-12-26 08:30:00+00:00,-292.11,-260.18797332259385,0,0,0.17298278552186702,SELL PRESSURE / SYSTEM LONG,High
2025-12-26 09:00:00+00:00,-325.17,-404.30965668955804,0,0,0.08880585847849704,SELL PRESSURE / SYSTEM LONG,High
2025-12-26 09:30:00+00:00,-824.01,-603.192361152993,0,0,0.024827412641429725,SELL PRESSURE / SYSTEM LONG,High
2025-12-26 10:00:00+00:00,-871.63,-601.6545875801935,0,0,0.024309441710161424,SELL PRESSURE / SYSTEM LONG,High
2025-12-26 10:30:00+00:00,29.85,-71.15128076618043,1,0,0.409138019184191,SELL PRESSURE / SYSTEM LONG,Medium
2025-12-26 11:00:00+00:00,-146.65,-10.699264275975239,0,1,0.5558039598136908,BUY PRESSURE / SYSTEM SHORT,Medium
2025-12-26 11:30:00+00:00,-360.35,-433.3000923812752,0,0,0.044523746112292345,SELL PRESSURE / SYSTEM LONG,High
2025-12-26 12:00:00+00:00,-743.79,-656.4757627500107,0,0,0.027185829254063806,SELL PRESSURE / SYSTEM LONG,High
2025-12-26 12:30:00+00:00,118.3,-159.25487878702776,1,0,0.27406415023376435,SELL PRESSURE / SYSTEM LONG,High
2025-12-26 13:00:00+00:00,-518.56,-622.8660905647332,0,0,0.040255583099541574,SELL PRESSURE / SYSTEM LONG,High
2025-12-26 13:30:00+00:00,-39.14,-121.98608474095445,0,0,0.2729375602175029,SELL PRESSURE / SYSTEM LONG,High
2025-12-26 14:00:00+00:00,494.52,361.5589078844551,1,1,0.9136730381741215,BUY PRESSURE / SYSTEM SHORT,High
2025-12-26 14:30:00+00:00,839.95,619.4081541092872,1,1,0.9452746058873225,BUY PRESSURE / SYSTEM SHORT,High
2025-12-26 15:00:00+00:00,361.07,77.15370897736594,1,1,0.652489920210015,BUY PRESSURE / SYSTEM SHORT,Medium
2025-12-26 15:30:00+00:00,726.32,647.983368844501,1,1,0.9692645081604148,BUY PRESSURE / SYSTEM SHORT,High
2025-12-26 16:00:00+00:00,884.11,786.7390081544825,1,1,0.9747293230900347,BUY PRESSURE / SYSTEM SHORT,High
2025-12-26 16:30:00+00:00,775.81,732.5534640499131,1,1,0.9757087485926135,BUY PRESSURE / SYSTEM SHORT,High
2025-12-26 17:00:00+00:00,25.64,53.71164550128167,1,1,0.7015274925673889,BUY PRESSURE / SYSTEM SHORT,High
2025-12-26 17:30:00+00:00,413.19,242.3110339822389,1,1,0.8539190262348099,BUY PRESSURE / SYSTEM SHORT,High
2025-12-26 18:00:00+00:00,494.55,622.7578270248309,1,1,0.9696460861983431,BUY PRESSURE / SYSTEM SHORT,High
2025-12-26 18:30:00+00:00,549.87,355.79578396802003,1,1,0.950908381492063,BUY PRESSURE / SYSTEM SHORT,High
2025-12-26 19:00:00+00:00,972.77,746.7084791182274,1,1,0.9729328091781766,BUY PRESSURE / SYSTEM SHORT,High
2025-12-26 19:30:00+00:00,850.1,704.091457867565,1,1,0.9751609907193582,BUY PRESSURE / SYSTEM SHORT,High
2025-12-26 20:00:00+00:00,444.02,417.9784985449688,1,1,0.9621486261504166,BUY PRESSURE / SYSTEM SHORT,High
2025-12-26 20:30:00+00:00,429.22,360.10587055663404,1,1,0.9279942825599415,BUY PRESSURE / SYSTEM SHORT,High
2025-12-26 21:00:00+00:00,728.4,502.84285050642944,1,1,0.9638633352089768,BUY PRESSURE / SYSTEM SHORT,High
2025-12-26 21:30:00+00:00,-83.08,250.95290850684225,0,1,0.8757672411388618,BUY PRESSURE / SYSTEM SHORT,High
2025-12-26 22:00:00+00:00,66.54,10.428595274200482,1,1,0.649188721430691,BUY PRESSURE / SYSTEM SHORT,Medium
2025-12-26 22:30:00+00:00,306.98,239.64018380929753,1,1,0.8475311137387185,BUY PRESSURE / SYSTEM SHORT,High
2025-12-26 23:00:00+00:00,-199.7,-196.97737199363314,0,0,0.22499033750504283,SELL PRESSURE / SYSTEM LONG,High
2025-12-26 23:30:00+00:00,-287.09,-407.9370238594877,0,0,0.07452274944309518,SELL PRESSURE / SYSTEM LONG,High
2025-12-27 00:00:00+00:00,-481.89,-451.2902963346841,0,0,0.08042520994356014,SELL PRESSURE / SYSTEM LONG,High
2025-12-27 00:30:00+00:00,-442.22,-284.7927347961279,0,0,0.11140684256196359,SELL PRESSURE / SYSTEM LONG,High
2025-12-27 01:00:00+00:00,-204.38,-168.8711974355455,0,0,0.23221393135200916,SELL PRESSURE / SYSTEM LONG,High
2025-12-27 01:30:00+00:00,233.25,165.31780250762165,1,1,0.8213603585152859,BUY PRESSURE / SYSTEM SHORT,High
2025-12-27 02:00:00+00:00,611.64,369.7377670850544,1,1,0.9106578729051794,BUY PRESSURE / SYSTEM SHORT,High
2025-12-27 02:30:00+00:00,-201.09,-141.6735373192165,0,0,0.23573229231217036,SELL PRESSURE / SYSTEM LONG,High
2025-12-27 03:00:00+00:00,-239.89,-89.61649853382453,0,0,0.33712500467579504,SELL PRESSURE / SYSTEM LONG,Medium
2025-12-27 03:30:00+00:00,-154.87,-146.78555722308428,0,0,0.2292347292880366,SELL PRESSURE / SYSTEM LONG,High
2025-12-27 04:00:00+00:00,-905.45,-604.618303489496,0,0,0.044373457216942205,SELL PRESSURE / SYSTEM LONG,High
2025-12-27 04:30:00+00:00,-149.15,-227.4702098960748,0,0,0.2271194424673678,SELL PRESSURE / SYSTEM LONG,High
2025-12-27 05:00:00+00:00,-620.04,-224.0385508811738,0,0,0.11176347223027902,SELL PRESSURE / SYSTEM LONG,High
2025-12-27 05:30:00+00:00,-302.35,-57.56981668897742,0,0,0.32061196277873494,SELL PRESSURE / SYSTEM LONG,Medium
2025-12-27 06:00:00+00:00,-1029.18,-577.6373747386587,0,0,0.03987312725908142,SELL PRESSURE / SYSTEM LONG,High
2025-12-27 06:30:00+00:00,-641.11,-625.4641811297901,0,0,0.027239062467499454,SELL PRESSURE / SYSTEM LONG,High
2025-12-27 07:00:00+00:00,-359.55,-191.63572350617906,0,0,0.16150397860670856,SELL PRESSURE / SYSTEM LONG,High
2025-12-27 07:30:00+00:00,153.86,-70.80745834769476,1,0,0.33090186377253233,SELL PRESSURE / SYSTEM LONG,Medium
2025-12-27 08:00:00+00:00,536.47,405.04903021664586,1,1,0.9187222867899504,BUY PRESSURE / SYSTEM SHORT,High
2025-12-27 08:30:00+00:00,657.98,350.3186023583066,1,1,0.9467525198049807,BUY PRESSURE / SYSTEM SHORT,High
2025-12-27 09:00:00+00:00,452.86,380.2325475236222,1,1,0.9516718370196012,BUY PRESSURE / SYSTEM SHORT,High
2025-12-27 09:30:00+00:00,217.52,193.23365895529827,1,1,0.8768426357223896,BUY PRESSURE / SYSTEM SHORT,High
2025-12-27 10:00:00+00:00,53.56,251.58908468094418,1,1,0.8565922850640433,BUY PRESSURE / SYSTEM SHORT,High
2025-12-27 10:30:00+00:00,-232.64,106.26553155317069,0,1,0.7676127844754917,BUY PRESSURE / SYSTEM SHORT,High
2025-12-27 11:00:00+00:00,18.01,28.867865820698047,1,1,0.6610237642443587,BUY PRESSURE / SYSTEM SHORT,Medium
2025-12-27 11:30:00+00:00,-130.13,-41.87931227728983,0,1,0.5751927074647036,BUY PRESSURE / SYSTEM SHORT,Medium
2025-12-27 12:00:00+00:00,-98.05,64.91298022398517,0,1,0.6782934266789282,BUY PRESSURE / SYSTEM SHORT,Medium
2025-12-27 12:30:00+00:00,-26.75,-132.4623945683302,0,0,0.31031168518220326,SELL PRESSURE / SYSTEM LONG,Medium
2025-12-27 13:00:00+00:00,-389.0,-324.70640752669044,0,0,0.12656173108285645,SELL PRESSURE / SYSTEM LONG,High
2025-12-27 13:30:00+00:00,-111.36,-14.702310189694236,0,1,0.5566005559409223,BUY PRESSURE / SYSTEM SHORT,Medium
2025-12-27 14:00:00+00:00,-203.65,-110.39355058122105,0,0,0.31737002817434234,SELL PRESSURE / SYSTEM LONG,Medium
2025-12-27 14:30:00+00:00,-646.93,-474.74452634094797,0,0,0.04433229468153772,SELL PRESSURE / SYSTEM LONG,High
2025-12-27 15:00:00+00:00,-144.0,-203.40244607053089,0,0,0.16773566962322747,SELL PRESSURE / SYSTEM LONG,High
2025-12-27 15:30:00+00:00,-413.78,-410.99270033963904,0,0,0.07817649427785979,SELL PRESSURE / SYSTEM LONG,High
2025-12-27 16:00:00+00:00,9.81,-57.96715309825018,1,1,0.5196437488847203,BUY PRESSURE / SYSTEM SHORT,Low
2025-12-27 16:30:00+00:00,-353.27,-360.685030377822,0,0,0.09651617538803042,SELL PRESSURE / SYSTEM LONG,High
2025-12-27 17:00:00+00:00,-19.83,-157.50255803539216,0,0,0.25617328890230673,SELL PRESSURE / SYSTEM LONG,High
2025-12-27 17:30:00+00:00,-301.19,-131.39372028799627,0,0,0.3203399187034616,SELL PRESSURE / SYSTEM LONG,Medium
2025-12-27 18:00:00+00:00,-112.28,-113.48751072954538,0,0,0.40825677684632333,SELL PRESSURE / SYSTEM LONG,Medium
2025-12-27 18:30:00+00:00,114.75,156.87323779014457,1,1,0.8301612396886113,BUY PRESSURE / SYSTEM SHORT,High
2025-12-27 19:00:00+00:00,517.97,329.0578485877892,1,1,0.9252671834967983,BUY PRESSURE / SYSTEM SHORT,High
2025-12-27 19:30:00+00:00,39.55,112.08785324018052,1,1,0.752231280841136,BUY PRESSURE / SYSTEM SHORT,High
2025-12-27 20:00:00+00:00,14.53,236.69153834478732,1,1,0.8552364146394211,BUY PRESSURE / SYSTEM SHORT,High
2025-12-27 20:30:00+00:00,-137.39,118.71346738251732,0,1,0.7473277587518671,BUY PRESSURE / SYSTEM SHORT,High
2025-12-27 21:00:00+00:00,147.14,337.6580871185322,1,1,0.8866019497767883,BUY PRESSURE / SYSTEM SHORT,High
2025-12-27 21:30:00+00:00,-0.03,89.89102785772867,0,1,0.7308386563193784,BUY PRESSURE / SYSTEM SHORT,High
2025-12-27 22:00:00+00:00,573.05,321.6348412048113,1,1,0.8790476881863941,BUY PRESSURE / SYSTEM SHORT,High
2025-12-27 22:30:00+00:00,91.21,342.2847388184836,1,1,0.9007533865156286,BUY PRESSURE / SYSTEM SHORT,High
2025-12-27 23:00:00+00:00,270.23,59.352450143512584,1,1,0.6741796957360923,BUY PRESSURE / SYSTEM SHORT,Medium
2025-12-27 23:30:00+00:00,-174.56,-46.35784198406326,0,0,0.4605508041419384,SELL PRESSURE / SYSTEM LONG,Low
2025-12-28 00:00:00+00:00,-1794.07,-630.2689768819289,0,0,0.06558979354803132,SELL PRESSURE / SYSTEM LONG,High
2025-12-28 00:30:00+00:00,-1413.83,-883.0106204163699,0,0,0.03901642376656891,SELL PRESSURE / SYSTEM LONG,High
2025-12-28 01:00:00+00:00,-672.77,-712.0836743514566,0,0,0.03785979324409847,SELL PRESSURE / SYSTEM LONG,High
2025-12-28 01:30:00+00:00,-90.12,-17.31609469388054,0,1,0.6002803114203494,BUY PRESSURE / SYSTEM SHORT,Medium
2025-12-28 02:00:00+00:00,-175.51,-258.9523637435041,0,0,0.17983197533985393,SELL PRESSURE / SYSTEM LONG,High
2025-12-28 02:30:00+00:00,-246.09,-114.19573243300452,0,0,0.32543806189045976,SELL PRESSURE / SYSTEM LONG,Medium
2025-12-28 03:00:00+00:00,-722.59,-482.1910503874308,0,0,0.09032206919593548,SELL PRESSURE / SYSTEM LONG,High
2025-12-28 03:30:00+00:00,-541.8,-523.8019837170729,0,0,0.022911960583525168,SELL PRESSURE / SYSTEM LONG,High
2025-12-28 04:00:00+00:00,-1283.06,-898.0088901622471,0,0,0.02518380732007985,SELL PRESSURE / SYSTEM LONG,High
2025-12-28 04:30:00+00:00,-944.48,-836.7425720773593,0,0,0.019145963765039086,SELL PRESSURE / SYSTEM LONG,High
2025-12-28 05:00:00+00:00,-529.72,-476.31611315983014,0,0,0.026325537514641693,SELL PRESSURE / SYSTEM LONG,High
2025-12-28 05:30:00+00:00,-401.07,-277.0740847218185,0,0,0.1152133176366385,SELL PRESSURE / SYSTEM LONG,High
2025-12-28 06:00:00+00:00,-193.6,-345.31437180434017,0,0,0.05579316599780383,SELL PRESSURE / SYSTEM LONG,High
2025-12-28 06:30:00+00:00,316.2,17.253981984791547,1,1,0.5114737866618944,BUY PRESSURE / SYSTEM SHORT,Low
2025-12-28 07:00:00+00:00,43.37,249.17751333726792,1,1,0.9007473975724976,BUY PRESSURE / SYSTEM SHORT,High
2025-12-28 07:30:00+00:00,416.87,149.83879436110686,1,1,0.8389251652652583,BUY PRESSURE / SYSTEM SHORT,High
2025-12-28 08:00:00+00:00,-112.07,-245.7634814661699,0,0,0.21340421822352307,SELL PRESSURE / SYSTEM LONG,High
2025-12-28 08:30:00+00:00,-261.38,134.5475334599669,0,1,0.782022475633175,BUY PRESSURE / SYSTEM SHORT,High
2025-12-28 09:00:00+00:00,-252.0,-113.65075199814167,0,0,0.31977568633085907,SELL PRESSURE / SYSTEM LONG,Medium
2025-12-28 09:30:00+00:00,-752.68,-321.02877026567506,0,0,0.05073124623940862,SELL PRESSURE / SYSTEM LONG,High
2025-12-28 10:00:00+00:00,-454.53,-563.3629395123097,0,0,0.026274750209046096,SELL PRESSURE / SYSTEM LONG,High
2025-12-28 10:30:00+00:00,156.25,-40.637172599605044,1,1,0.6051657640481618,BUY PRESSURE / SYSTEM SHORT,Medium
2025-12-28 11:00:00+00:00,83.05,34.28074501487089,1,1,0.6929000112638785,BUY PRESSURE / SYSTEM SHORT,Medium
2025-12-28 11:30:00+00:00,123.35,105.37849470594912,1,1,0.7840826847442688,BUY PRESSURE / SYSTEM SHORT,High
2025-12-28 12:00:00+00:00,-327.63,-208.97710386362436,0,0,0.1668440322226059,SELL PRESSURE / SYSTEM LONG,High
2025-12-28 12:30:00+00:00,-338.01,-218.91848843538187,0,0,0.09688116747353394,SELL PRESSURE / SYSTEM LONG,High
2025-12-28 13:00:00+00:00,-500.34,-239.04068750921536,0,0,0.18478743178275792,SELL PRESSURE / SYSTEM LONG,High
2025-12-28 13:30:00+00:00,-227.66,-40.28931081316267,0,0,0.4307060155014573,SELL PRESSURE / SYSTEM LONG,Medium
2025-12-28 14:00:00+00:00,-1003.59,-641.223209052663,0,0,0.033502048213514324,SELL PRESSURE / SYSTEM LONG,High
2025-12-28 14:30:00+00:00,-471.01,-593.0883221440582,0,0,0.043111215191776846,SELL PRESSURE / SYSTEM LONG,High
2025-12-28 15:00:00+00:00,-60.91,-277.9358472323168,0,0,0.13531093120011686,SELL PRESSURE / SYSTEM LONG,High
2025-12-28 15:30:00+00:00,-783.89,-637.2292361101298,0,0,0.06663415748209174,SELL PRESSURE / SYSTEM LONG,High
2025-12-28 16:00:00+00:00,-917.45,-633.8593555418312,0,0,0.030629594661810877,SELL PRESSURE / SYSTEM LONG,High
2025-12-28 16:30:00+00:00,-347.07,-177.19643872241846,0,0,0.17732351244255895,SELL PRESSURE / SYSTEM LONG,High
2025-12-28 17:00:00+00:00,328.84,83.98978448015407,1,1,0.6480553339188279,BUY PRESSURE / SYSTEM SHORT,Medium
2025-12-28 17:30:00+00:00,-529.57,-252.62017567557234,0,0,0.2115615922559955,SELL PRESSURE / SYSTEM LONG,High
2025-12-28 18:00:00+00:00,-571.82,-358.8475195521148,0,0,0.10654699777003752,SELL PRESSURE / SYSTEM LONG,High
2025-12-28 18:30:00+00:00,-353.02,-292.51225018716326,0,0,0.07203412918406314,SELL PRESSURE / SYSTEM LONG,High
2025-12-28 19:00:00+00:00,-50.09,97.96207390579407,0,1,0.7263972982677203,BUY PRESSURE / SYSTEM SHORT,High
2025-12-28 19:30:00+00:00,-795.1,-460.49732834307963,0,0,0.09132893138994332,SELL PRESSURE / SYSTEM LONG,High
2025-12-28 20:00:00+00:00,-436.13,-265.468070433966,0,0,0.14934416334905085,SELL PRESSURE / SYSTEM LONG,High
2025-12-28 20:30:00+00:00,-594.31,-427.66766019124844,0,0,0.06988723918922252,SELL PRESSURE / SYSTEM LONG,High
2025-12-28 21:00:00+00:00,-390.73,-387.638005559429,0,0,0.04150327120774375,SELL PRESSURE / SYSTEM LONG,High
2025-12-28 21:30:00+00:00,-164.92,-166.6393553615739,0,0,0.25390321011783495,SELL PRESSURE / SYSTEM LONG,High
2025-12-28 22:00:00+00:00,-32.15,79.4624428918435,0,1,0.6878664674198407,BUY PRESSURE / SYSTEM SHORT,Medium
2025-12-28 22:30:00+00:00,-423.13,-329.24215571393114,0,0,0.11516290668483765,SELL PRESSURE / SYSTEM LONG,High
2025-12-28 23:00:00+00:00,-176.43,-332.1777190137347,0,0,0.11206975283639899,SELL PRESSURE / SYSTEM LONG,High
2025-12-28 23:30:00+00:00,-398.39,-301.50245303464567,0,0,0.10419578468323748,SELL PRESSURE / SYSTEM LONG,High
2025-12-29 00:00:00+00:00,-63.43,-222.94214779459378,0,0,0.15797944885617465,SELL PRESSURE / SYSTEM LONG,High
2025-12-29 00:30:00+00:00,79.57,32.35972987801111,1,1,0.5559560494378405,BUY PRESSURE / SYSTEM SHORT,Medium
2025-12-29 01:00:00+00:00,-542.84,-487.0890073497033,0,0,0.10163141426155624,SELL PRESSURE / SYSTEM LONG,High
2025-12-29 01:30:00+00:00,-140.38,-41.773708479724355,0,0,0.4027036897638452,SELL PRESSURE / SYSTEM LONG,Medium
2025-12-29 02:00:00+00:00,157.9,-94.30881455407948,1,0,0.43712244549018786,SELL PRESSURE / SYSTEM LONG,Medium
2025-12-29 02:30:00+00:00,88.12,165.3561604329363,1,1,0.8732773284269245,BUY PRESSURE / SYSTEM SHORT,High
2025-12-29 03:00:00+00:00,518.61,415.43125765781906,1,1,0.9483521076512996,BUY PRESSURE / SYSTEM SHORT,High
2025-12-29 03:30:00+00:00,297.82,219.28486334465393,1,1,0.9022470384344013,BUY PRESSURE / SYSTEM SHORT,High
2025-12-29 04:00:00+00:00,449.59,464.98556314749806,1,1,0.9574764377198357,BUY PRESSURE / SYSTEM SHORT,High
2025-12-29 04:30:00+00:00,225.27,235.0180537378275,1,1,0.9276862018425872,BUY PRESSURE / SYSTEM SHORT,High
2025-12-29 05:00:00+00:00,-449.83,-176.13968490614465,0,0,0.24100450573553156,SELL PRESSURE / SYSTEM LONG,High
2025-12-29 05:30:00+00:00,-243.35,-90.15179199418293,0,0,0.33647826461390823,SELL PRESSURE / SYSTEM LONG,Medium
2025-12-29 06:00:00+00:00,-340.37,-252.7494309911283,0,0,0.14109067501049527,SELL PRESSURE / SYSTEM LONG,High
2025-12-29 06:30:00+00:00,-95.0,-213.54290114388002,0,0,0.2017767364564352,SELL PRESSURE / SYSTEM LONG,High
2025-12-29 07:00:00+00:00,-186.99,-39.660497627029166,0,0,0.46927516922800827,SELL PRESSURE / SYSTEM LONG,Low
2025-12-29 07:30:00+00:00,355.56,268.5744536575285,1,1,0.9178802649559029,BUY PRESSURE / SYSTEM SHORT,High
2025-12-29 08:00:00+00:00,493.58,230.2034834349983,1,1,0.904259473348666,BUY PRESSURE / SYSTEM SHORT,High
2025-12-29 08:30:00+00:00,656.99,536.4871044501526,1,1,0.966985768686219,BUY PRESSURE / SYSTEM SHORT,High
2025-12-29 09:00:00+00:00,259.38,305.62578520014875,1,1,0.9450526462628385,BUY PRESSURE / SYSTEM SHORT,High
2025-12-29 09:30:00+00:00,-138.44,262.42582184376744,0,1,0.8940155798314803,BUY PRESSURE / SYSTEM SHORT,High
2025-12-29 10:00:00+00:00,-112.76,96.56558888777752,0,1,0.7751388190820998,BUY PRESSURE / SYSTEM SHORT,High
2025-12-29 10:30:00+00:00,-516.14,-30.913808124467078,0,0,0.4891304111357057,SELL PRESSURE / SYSTEM LONG,Low
2025-12-29 11:00:00+00:00,183.89,-43.00636691913265,1,1,0.5764029742641532,BUY PRESSURE / SYSTEM SHORT,Medium
2025-12-29 11:30:00+00:00,-156.84,-79.315815830977,0,0,0.3504112501091911,SELL PRESSURE / SYSTEM LONG,Medium
2025-12-29 12:00:00+00:00,-495.49,-233.81837255660062,0,0,0.05882374989362981,SELL PRESSURE / SYSTEM LONG,High
2025-12-29 12:30:00+00:00,-704.64,-524.3393202707455,0,0,0.040035544213925335,SELL PRESSURE / SYSTEM LONG,High
2025-12-29 13:00:00+00:00,-362.92,-108.92221397161177,0,0,0.4144362741827192,SELL PRESSURE / SYSTEM LONG,Medium
2025-12-29 13:30:00+00:00,-530.34,-484.03988232898956,0,0,0.02404375170160928,SELL PRESSURE / SYSTEM LONG,High
2025-12-29 14:00:00+00:00,-215.38,-345.1836487677381,0,0,0.073729915510105,SELL PRESSURE / SYSTEM LONG,High
2025-12-29 14:30:00+00:00,-542.05,-281.17075923169256,0,0,0.11391631816022302,SELL PRESSURE / SYSTEM LONG,High
2025-12-29 15:00:00+00:00,-398.91,-420.3973305085079,0,0,0.036103066814955474,SELL PRESSURE / SYSTEM LONG,High
2025-12-29 15:30:00+00:00,-374.08,-272.9804509819803,0,0,0.16714005210561197,SELL PRESSURE / SYSTEM LONG,High
2025-12-29 16:00:00+00:00,-312.89,117.29675038495465,0,1,0.7596455625152327,BUY PRESSURE / SYSTEM SHORT,High
2025-12-29 16:30:00+00:00,-376.96,-207.74242623091925,0,0,0.18174679094864532,SELL PRESSURE / SYSTEM LONG,High
2025-12-29 17:00:00+00:00,-2.82,114.08559869844227,0,1,0.7708302762693584,BUY PRESSURE / SYSTEM SHORT,High
2025-12-29 17:30:00+00:00,-568.53,-264.0001826671916,0,0,0.11392908336386671,SELL PRESSURE / SYSTEM LONG,High
2025-12-29 18:00:00+00:00,-84.95,-199.63673322719157,0,0,0.23490897715229547,SELL PRESSURE / SYSTEM LONG,High
2025-12-29 18:30:00+00:00,-79.53,-110.34558098154491,0,0,0.41678246231708604,SELL PRESSURE / SYSTEM LONG,Medium
2025-12-29 19:00:00+00:00,419.56,218.74575090078667,1,1,0.8735790055600752,BUY PRESSURE / SYSTEM SHORT,High
2025-12-29 19:30:00+00:00,279.3,366.40127694798224,1,1,0.9425134734269719,BUY PRESSURE / SYSTEM SHORT,High
2025-12-29 20:00:00+00:00,617.34,539.7851400040295,1,1,0.9581973902749503,BUY PRESSURE / SYSTEM SHORT,High
2025-12-29 20:30:00+00:00,586.43,362.74459690913665,1,1,0.950902978994518,BUY PRESSURE / SYSTEM SHORT,High
2025-12-29 21:00:00+00:00,129.42,174.7304109401906,1,1,0.8517546637331631,BUY PRESSURE / SYSTEM SHORT,High
2025-12-29 21:30:00+00:00,-22.97,40.63187898592989,0,1,0.6150064809048259,BUY PRESSURE / SYSTEM SHORT,Medium
2025-12-29 22:00:00+00:00,-223.09,-184.05511410362334,0,0,0.200742215922686,SELL PRESSURE / SYSTEM LONG,High
2025-12-29 22:30:00+00:00,-329.59,-139.61219891089252,0,0,0.2475911849440303,SELL PRESSURE / SYSTEM LONG,High
2025-12-29 23:00:00+00:00,-465.3,-361.32291431924665,0,0,0.0633676226536384,SELL PRESSURE / SYSTEM LONG,High
2025-12-29 23:30:00+00:00,-606.22,-575.2342791195985,0,0,0.04431280621688325,SELL PRESSURE / SYSTEM LONG,High
2025-12-30 00:00:00+00:00,-848.24,-650.3610975754759,0,0,0.03420838178787594,SELL PRESSURE / SYSTEM LONG,High
2025-12-30 00:30:00+00:00,-553.73,-483.61623690474903,0,0,0.021952874052423223,SELL PRESSURE / SYSTEM LONG,High
2025-12-30 01:00:00+00:00,-766.8,-616.753798481606,0,0,0.023528052066871613,SELL PRESSURE / SYSTEM LONG,High
2025-12-30 01:30:00+00:00,-774.97,-375.9901340897337,0,0,0.04126258655809708,SELL PRESSURE / SYSTEM LONG,High
2025-12-30 02:00:00+00:00,-1287.34,-811.175040003202,0,0,0.028138525729321164,SELL PRESSURE / SYSTEM LONG,High
2025-12-30 02:30:00+00:00,-1284.93,-864.4101010376395,0,0,0.013689278420869633,SELL PRESSURE / SYSTEM LONG,High
2025-12-30 03:00:00+00:00,-657.39,-576.1020500481394,0,0,0.02025750374471603,SELL PRESSURE / SYSTEM LONG,High
2025-12-30 03:30:00+00:00,-478.7,-369.5822355328386,0,0,0.08154873685148033,SELL PRESSURE / SYSTEM LONG,High
2025-12-30 04:00:00+00:00,-298.04,-340.61966513068126,0,0,0.10763127404800908,SELL PRESSURE / SYSTEM LONG,High
2025-12-30 04:30:00+00:00,-38.65,-41.210699638608574,0,0,0.4362904783808484,SELL PRESSURE / SYSTEM LONG,Medium
2025-12-30 05:00:00+00:00,-313.6,-198.17671285411302,0,0,0.17898066654871347,SELL PRESSURE / SYSTEM LONG,High
2025-12-30 05:30:00+00:00,-632.63,-554.4639865662534,0,0,0.037384992108148614,SELL PRESSURE / SYSTEM LONG,High
2025-12-30 06:00:00+00:00,-443.49,-345.15076160998944,0,0,0.08621209575997003,SELL PRESSURE / SYSTEM LONG,High
2025-12-30 06:30:00+00:00,-159.14,-179.42936948998377,0,0,0.2069837512885888,SELL PRESSURE / SYSTEM LONG,High
2025-12-30 07:00:00+00:00,-222.42,-169.50314902249644,0,0,0.21074962208049666,SELL PRESSURE / SYSTEM LONG,High
2025-12-30 07:30:00+00:00,-27.77,239.36815537601942,0,1,0.8480336747706413,BUY PRESSURE / SYSTEM SHORT,High
2025-12-30 08:00:00+00:00,-369.63,-122.19866481308554,0,0,0.2791660323630048,SELL PRESSURE / SYSTEM LONG,High
2025-12-30 08:30:00+00:00,-734.92,-405.7741815581293,0,0,0.05803587771270151,SELL PRESSURE / SYSTEM LONG,High
2025-12-30 09:00:00+00:00,-451.07,-310.52991706972364,0,0,0.1046796039195993,SELL PRESSURE / SYSTEM LONG,High
2025-12-30 09:30:00+00:00,-330.39,-316.3628700179955,0,0,0.08564149325456866,SELL PRESSURE / SYSTEM LONG,High
2025-12-30 10:00:00+00:00,-347.83,-269.15385337451806,0,0,0.12714256397988277,SELL PRESSURE / SYSTEM LONG,High
2025-12-30 10:30:00+00:00,9.35,-109.96492032902195,1,0,0.3500489667719367,SELL PRESSURE / SYSTEM LONG,Medium
2025-12-30 11:00:00+00:00,-565.06,-398.4771084112056,0,0,0.06101874379858161,SELL PRESSURE / SYSTEM LONG,High
2025-12-30 11:30:00+00:00,-589.38,-552.1892014965396,0,0,0.027605556239369302,SELL PRESSURE / SYSTEM LONG,High
2025-12-30 12:00:00+00:00,-339.64,-390.89174738711665,0,0,0.05396533319292758,SELL PRESSURE / SYSTEM LONG,High
2025-12-30 12:30:00+00:00,-216.19,-270.5026859992274,0,0,0.07893436605314985,SELL PRESSURE / SYSTEM LONG,High
2025-12-30 13:00:00+00:00,259.2,6.521345180256642,1,1,0.6346597109355173,BUY PRESSURE / SYSTEM SHORT,Medium
2025-12-30 13:30:00+00:00,675.18,523.6527642248467,1,1,0.9163525133796846,BUY PRESSURE / SYSTEM SHORT,High
2025-12-30 14:00:00+00:00,-332.44,-262.20683282499846,0,0,0.22021276816600102,SELL PRESSURE / SYSTEM LONG,High
2025-12-30 14:30:00+00:00,-292.27,-224.56227382659603,0,0,0.16278405456648326,SELL PRESSURE / SYSTEM LONG,High
2025-12-30 15:00:00+00:00,76.45,-165.55369829251285,1,0,0.2330672181493575,SELL PRESSURE / SYSTEM LONG,High
2025-12-30 15:30:00+00:00,381.01,406.53907427913924,1,1,0.899023030064501,BUY PRESSURE / SYSTEM SHORT,High
2025-12-30 16:00:00+00:00,-150.54,-109.11612623075591,0,0,0.32724349626546945,SELL PRESSURE / SYSTEM LONG,Medium
2025-12-30 16:30:00+00:00,-292.25,-324.5061502836021,0,0,0.10144490141909111,SELL PRESSURE / SYSTEM LONG,High
2025-12-30 17:00:00+00:00,-359.39,-229.55649342577325,0,0,0.1404355532543926,SELL PRESSURE / SYSTEM LONG,High
2025-12-30 17:30:00+00:00,-452.71,-470.37341108397834,0,0,0.03641400319790591,SELL PRESSURE / SYSTEM LONG,High
2025-12-30 18:00:00+00:00,-101.16,-62.64298300585249,0,1,0.539029680431216,BUY PRESSURE / SYSTEM SHORT,Low
2025-12-30 18:30:00+00:00,-14.84,-232.64219838554354,0,0,0.17092591458416806,SELL PRESSURE / SYSTEM LONG,High
2025-12-30 19:00:00+00:00,88.33,117.09848580190133,1,1,0.8232188249983288,BUY PRESSURE / SYSTEM SHORT,High
2025-12-30 19:30:00+00:00,-83.56,47.927623343579526,0,1,0.6192358545546175,BUY PRESSURE / SYSTEM SHORT,Medium
2025-12-30 20:00:00+00:00,267.36,243.61643030973127,1,1,0.8824908110056875,BUY PRESSURE / SYSTEM SHORT,High
2025-12-30 20:30:00+00:00,380.79,207.99530911805314,1,1,0.8749931364916415,BUY PRESSURE / SYSTEM SHORT,High
2025-12-30 21:00:00+00:00,-301.35,31.090365104138087,0,1,0.5006823576811,BUY PRESSURE / SYSTEM SHORT,Low
2025-12-30 21:30:00+00:00,-843.71,-543.3220800970122,0,0,0.0705532178902618,SELL PRESSURE / SYSTEM LONG,High
2025-12-30 22:00:00+00:00,168.01,-260.2694275516297,1,0,0.1756635731817924,SELL PRESSURE / SYSTEM LONG,High
2025-12-30 22:30:00+00:00,-433.57,-562.8943866184884,0,0,0.07550472927124187,SELL PRESSURE / SYSTEM LONG,High
2025-12-30 23:00:00+00:00,-201.72,-183.68086362057664,0,0,0.1627552204082691,SELL PRESSURE / SYSTEM LONG,High
2025-12-30 23:30:00+00:00,-1187.66,-607.9555645111877,0,0,0.061718514666370294,SELL PRESSURE / SYSTEM LONG,High
2025-12-31 00:00:00+00:00,-521.68,-510.91057941838545,0,0,0.08465387711983556,SELL PRESSURE / SYSTEM LONG,High
2025-12-31 00:30:00+00:00,-816.86,-701.886975032307,0,0,0.023441179996789407,SELL PRESSURE / SYSTEM LONG,High
2025-12-31 01:00:00+00:00,-689.03,-686.8595936151155,0,0,0.02195248380399166,SELL PRESSURE / SYSTEM LONG,High
2025-12-31 01:30:00+00:00,-1008.29,-725.2000128569697,0,0,0.01661396193044921,SELL PRESSURE / SYSTEM LONG,High
2025-12-31 02:00:00+00:00,-1313.71,-973.8332674219482,0,0,0.011935943600071752,SELL PRESSURE / SYSTEM LONG,High
2025-12-31 02:30:00+00:00,-713.03,-632.6275968051186,0,0,0.08007411968774657,SELL PRESSURE / SYSTEM LONG,High
2025-12-31 03:00:00+00:00,-748.86,-731.1879891739495,0,0,0.02152069386232028,SELL PRESSURE / SYSTEM LONG,High
2025-12-31 03:30:00+00:00,-676.73,-677.205440070294,0,0,0.05889700407907693,SELL PRESSURE / SYSTEM LONG,High
2025-12-31 04:00:00+00:00,-127.77,-457.3582210502419,0,0,0.10230449485154523,SELL PRESSURE / SYSTEM LONG,High
2025-12-31 04:30:00+00:00,-31.48,-149.60109421639353,0,0,0.23328672976751594,SELL PRESSURE / SYSTEM LONG,High
2025-12-31 05:00:00+00:00,-99.05,-162.19560454360956,0,0,0.23241358382972713,SELL PRESSURE / SYSTEM LONG,High
2025-12-31 05:30:00+00:00,-661.79,-427.773722180249,0,0,0.06525433868427473,SELL PRESSURE / SYSTEM LONG,High
2025-12-31 06:00:00+00:00,-833.63,-734.6655761846758,0,0,0.01987298872239246,SELL PRESSURE / SYSTEM LONG,High
2025-12-31 06:30:00+00:00,-698.12,-505.3344883007632,0,0,0.03746664504605268,SELL PRESSURE / SYSTEM LONG,High
2025-12-31 07:00:00+00:00,-78.17,-63.90589535506752,0,0,0.45603732868993746,SELL PRESSURE / SYSTEM LONG,Low
2025-12-31 07:30:00+00:00,-515.49,-231.09106030994698,0,0,0.12606246092106047,SELL PRESSURE / SYSTEM LONG,High
2025-12-31 08:00:00+00:00,-414.97,-208.28013125110556,0,0,0.1688980659580993,SELL PRESSURE / SYSTEM LONG,High
2025-12-31 08:30:00+00:00,-458.91,-403.3255754521475,0,0,0.05568213196248721,SELL PRESSURE / SYSTEM LONG,High
2025-12-31 09:00:00+00:00,-473.65,-423.8676329391933,0,0,0.0325199923279511,SELL PRESSURE / SYSTEM LONG,High
2025-12-31 09:30:00+00:00,-366.78,-298.0639054450453,0,0,0.10523003821880883,SELL PRESSURE / SYSTEM LONG,High
2025-12-31 10:00:00+00:00,-616.01,-398.2485745359768,0,0,0.06072567209495624,SELL PRESSURE / SYSTEM LONG,High
2025-12-31 10:30:00+00:00,-873.32,-617.3509090008479,0,0,0.03929596090993501,SELL PRESSURE / SYSTEM LONG,High
2025-12-31 11:00:00+00:00,-978.8,-773.0183894996421,0,0,0.013909839679340383,SELL PRESSURE / SYSTEM LONG,High
2025-12-31 11:30:00+00:00,-621.62,-612.2703024488972,0,0,0.02303301585331439,SELL PRESSURE / SYSTEM LONG,High
2025-12-31 12:00:00+00:00,-267.61,-235.71652306457315,0,0,0.20414397281656943,SELL PRESSURE / SYSTEM LONG,High
2025-12-31 12:30:00+00:00,-1189.18,-639.3684532564436,0,0,0.024415308723703105,SELL PRESSURE / SYSTEM LONG,High
2025-12-31 13:00:00+00:00,-786.41,-752.3061766050114,0,0,0.013305837001060554,SELL PRESSURE / SYSTEM LONG,High
2025-12-31 13:30:00+00:00,-182.06,-310.9822879016335,0,0,0.12661118476787364,SELL PRESSURE / SYSTEM LONG,High
2025-12-31 14:00:00+00:00,169.69,100.93898612829285,1,1,0.6881182735848174,BUY PRESSURE / SYSTEM SHORT,Medium
2025-12-31 14:30:00+00:00,-753.78,-218.42824263723824,0,0,0.2247783904397102,SELL PRESSURE / SYSTEM LONG,High
2025-12-31 15:00:00+00:00,-768.23,-753.6495732836859,0,0,0.02133068604897239,SELL PRESSURE / SYSTEM LONG,High
2025-12-31 15:30:00+00:00,-674.29,-624.2029547151169,0,0,0.05269102851680514,SELL PRESSURE / SYSTEM LONG,High
2025-12-31 16:00:00+00:00,-499.91,-429.5038746312424,0,0,0.046143275623418065,SELL PRESSURE / SYSTEM LONG,High
2025-12-31 16:30:00+00:00,-563.41,-345.54016678924114,0,0,0.07664781803829288,SELL PRESSURE / SYSTEM LONG,High
2025-12-31 17:00:00+00:00,-156.81,-236.5863111296185,0,0,0.1764225190772595,SELL PRESSURE / SYSTEM LONG,High
2025-12-31 17:30:00+00:00,-18.6,7.348397627978882,0,1,0.5679888497459463,BUY PRESSURE / SYSTEM SHORT,Medium
2025-12-31 18:00:00+00:00,3.25,64.91776614791127,1,1,0.6670677617330304,BUY PRESSURE / SYSTEM SHORT,Medium
2025-12-31 18:30:00+00:00,-233.23,-138.13534130134735,0,0,0.32878461668520936,SELL PRESSURE / SYSTEM LONG,Medium
2025-12-31 19:00:00+00:00,-54.98,-53.413959105380954,0,1,0.5217330971503649,BUY PRESSURE / SYSTEM SHORT,Low
2025-12-31 19:30:00+00:00,279.5,197.4698743628009,1,1,0.8352511772024493,BUY PRESSURE / SYSTEM SHORT,High
2025-12-31 20:00:00+00:00,523.82,167.34816578850652,1,1,0.8394271553394843,BUY PRESSURE / SYSTEM SHORT,High
2025-12-31 20:30:00+00:00,-439.65,-189.65525016863293,0,0,0.29711021329059434,SELL PRESSURE / SYSTEM LONG,High
2025-12-31 21:00:00+00:00,573.56,434.6797757421666,1,1,0.8774586150798082,BUY PRESSURE / SYSTEM SHORT,High
2025-12-31 21:30:00+00:00,719.74,443.1083441558283,1,1,0.9358545251162318,BUY PRESSURE / SYSTEM SHORT,High
2025-12-31 22:00:00+00:00,423.8,285.12197855978934,1,1,0.9068508386285186,BUY PRESSURE / SYSTEM SHORT,High
2025-12-31 22:30:00+00:00,261.18,500.171482540995,1,1,0.9385932198264143,BUY PRESSURE / SYSTEM SHORT,High
2025-12-31 23:00:00+00:00,-51.43,216.71163684120364,0,1,0.8562540117914297,BUY PRESSURE / SYSTEM SHORT,High
2025-12-31 23:30:00+00:00,197.58,291.1435876467697,1,1,0.8893945644998017,BUY PRESSURE / SYSTEM SHORT,High
